63028,http://alleycorner.com/product/fitness-motivational-quote-posters-print-minimalist-wall-art-canvas-painting-gym-posters-canvas-pictures-wall-decoration/,Fitness Motivational Quote Posters Print Minimalist Wall Art Canvas Painting Gym Posters Canvas Pictures Wall Decoration,2020/02/Fitness-Motivational-Quote-Posters-Print-Minimalist-Wall-Art-Canvas-Painting-Gym-Posters-Canvas-Pictures-Wall-Decoration.jpg
63033,http://alleycorner.com/product/romantic-dictionary-art-print-hygge-definition-minimalist-poster-for-home-bar-salon-restaurant-wall-art-hygge-decor/,Romantic Dictionary Art Print Hygge Definition Minimalist Poster For Home Bar Salon Restaurant Wall Art Hygge Decor,2020/02/Romantic-Dictionary-Art-Print-Hygge-Definition-Minimalist-Poster-For-Home-Bar-Salon-Restaurant-Wall-Art-Hygge.jpg
63036,http://alleycorner.com/product/women-body-line-drawing-abstract-canvas-painting-poster-and-prints-modular-wall-picture-home-decor-minimalist-wall-art-murals/,Women Body Line Drawing Abstract Canvas Painting Poster And Prints Modular Wall Picture Home Decor Minimalist Wall Art Murals,2020/02/Women-Body-Line-Drawing-Abstract-Canvas-Painting-Poster-And-Prints-Modular-Wall-Picture-Home-Decor-Minimalist.jpg
63039,http://alleycorner.com/product/abstract-line-body-kiss-quotes-wall-art-canvas-painting-nordic-minimalist-posters-and-prints-wall-pictures-for-living-room-decor/,Abstract Line Body Kiss Quotes Wall Art Canvas Painting Nordic Minimalist Posters And Prints Wall Pictures For Living Room Decor,2020/02/Abstract-Line-Body-Kiss-Quotes-Wall-Art-Canvas-Painting-Nordic-Minimalist-Posters-And-Prints-Wall-Pictures.jpg
63067,http://alleycorner.com/product/bird-print-minimalist-wall-art-picture-canvas-painting-black-and-white-hummingbird-photography-scandinavian-poster-home-decor/,Bird Print Minimalist Wall Art Picture Canvas Painting Black and White Hummingbird Photography Scandinavian Poster Home Decor,2020/02/Bird-Print-Minimalist-Wall-Art-Picture-Canvas-Painting-Black-and-White-Hummingbird-Photography-Scandinavian-Poster-Home.jpg
63232,http://alleycorner.com/product/minimalist-wall-art-lake-reflection-pictures-for-living-room-decor-black-white-canvas-painting-tree-large-posters-and-prints/,Minimalist Wall Art Lake Reflection Pictures for Living Room Decor Black White Canvas Painting Tree Large Posters and Prints,2020/02/Minimalist-Wall-Art-Lake-Reflection-Pictures-for-Living-Room-Decor-Black-White-Canvas-Painting-Tree-Large.jpg
63562,http://alleycorner.com/product/nordic-minimalist-foggy-pine-forest-canvas-wall-art-dark-landscape-misty-trees-painting-large-living-room-bedroom-bedside-decor/,Nordic Minimalist Foggy Pine Forest Canvas Wall Art Dark Landscape Misty Trees Painting Large Living Room Bedroom Bedside Decor,2020/02/Nordic-Minimalist-Foggy-Pine-Forest-Canvas-Wall-Art-Dark-Landscape-Misty-Trees-Painting-Large-Living-Room.jpg
63731,http://alleycorner.com/product/modern-map-of-budapest-hungary-canvas-art-print-poster-minimalist-wall-picture-for-living-room-decoration-home-decor-painting/,"Modern Map of Budapest Hungary Canvas Art Print Poster, Minimalist Wall Picture for Living Room Decoration, Home Decor Painting",2020/02/Modern-Map-of-Budapest-Hungary-Canvas-Art-Print-Poster-Minimalist-Wall-Picture-for-Living-Room-Decoration.jpg
63838,http://alleycorner.com/product/abstract-sexy-woman-body-line-canvas-poster-nordic-decoration-picture-wall-art-print-painting-minimalist-scandinavian-home-decor/,Abstract Sexy Woman Body Line Canvas Poster Nordic Decoration Picture Wall Art Print Painting Minimalist Scandinavian Home Decor,2020/02/Abstract-Sexy-Woman-Body-Line-Canvas-Poster-Nordic-Decoration-Picture-Wall-Art-Print-Painting-Minimalist-Scandinavian.jpg
63918,http://alleycorner.com/product/european-retro-minimalist-canvas-painting-hand-painted-peacock-vase-fower-poster-wall-art-pictures-for-living-room-dining-room/,European Retro Minimalist Canvas Painting Hand Painted Peacock Vase Fower Poster Wall Art Pictures For Living Room Dining Room,2020/02/European-Retro-Minimalist-Canvas-Painting-Hand-Painted-Peacock-Vase-Fower-Poster-Wall-Art-Pictures-For-Living.jpg
63974,http://alleycorner.com/product/nordic-style-landscape-poster-print-minimalist-wall-art-canvas-painting-deer-feather-picture-for-living-room-home-decor-posters/,Nordic Style Landscape Poster Print Minimalist Wall Art Canvas Painting Deer Feather Picture for Living Room Home Decor posters,2020/02/Nordic-Style-Landscape-Poster-Print-Minimalist-Wall-Art-Canvas-Painting-Deer-Feather-Picture-for-Living-Room.jpg
64121,http://alleycorner.com/product/nordic-style-poster-minimalist-art-canvas-painting-bird-leaf-black-and-white-prints-wall-art-decoration-painting-for-living-room/,Nordic Style Poster Minimalist Art Canvas Painting Bird Leaf Black and White Prints Wall Art Decoration Painting for Living Room,2020/02/Nordic-Style-Poster-Minimalist-Art-Canvas-Painting-Bird-Leaf-Black-and-White-Prints-Wall-Art-Decoration.jpg
64172,http://alleycorner.com/product/mordern-minimalist-style-canvas-painting-wall-pictures-for-living-room-fashion-space-style-posters-and-prints-art-painting-deco/,Mordern Minimalist Style Canvas Painting Wall Pictures for Living Room Fashion Space Style Posters and Prints Art Painting Deco,2020/02/Mordern-Minimalist-Style-Canvas-Painting-Wall-Pictures-for-Living-Room-Fashion-Space-Style-Posters-and-Prints.jpg
64259,http://alleycorner.com/product/nordic-black-and-white-english-inspirational-alphabet-poster-life-quote-canva-print-minimalist-wall-art-painting-decorative-pict/,Nordic Black and white English inspirational alphabet Poster Life Quote Canva Print Minimalist Wall Art Painting Decorative Pict,2020/02/Nordic-Black-and-white-English-inspirational-alphabet-Poster-Life-Quote-Canva-Print-Minimalist-Wall-Art-Painting.jpg
64309,http://alleycorner.com/product/watercolor-ballet-dancers-decorative-poster-minimalist-abstract-characters-living-room-paintings-wall-canvas-art-pictures/,Watercolor Ballet Dancers Decorative Poster Minimalist Abstract Characters Living Room Paintings Wall Canvas Art Pictures,2020/02/Watercolor-Ballet-Dancers-Decorative-Poster-Minimalist-Abstract-Characters-Living-Room-Paintings-Wall-Canvas-Art-Pictures.jpg
64359,http://alleycorner.com/product/baby-nursery-wall-art-poster-print-pink-cartoon-minimalist-painting-decorative-picture-children-bedroom-canvas-painting-a431/,Baby nursery wall art poster print pink cartoon minimalist painting decorative picture children bedroom canvas painting A431,2020/02/Baby-nursery-wall-art-poster-print-pink-cartoon-minimalist-painting-decorative-picture-children-bedroom-canvas-painting.jpg
64525,http://alleycorner.com/product/pulp-fiction-poster-art-print-classic-movie-poster-abstract-minimalist-wall-art-canvas-painting-wall-picture-home-decor/,Pulp Fiction Poster Art Print Classic Movie Poster Abstract Minimalist Wall Art Canvas Painting Wall Picture Home Decor,2020/02/Pulp-Fiction-Poster-Art-Print-Classic-Movie-Poster-Abstract-Minimalist-Wall-Art-Canvas-Painting-Wall-Picture.jpg
64534,http://alleycorner.com/product/black-white-palm-tree-leaves-canvas-posters-and-prints-minimalist-painting-wall-art-decorative-picture-nordic-style-home-decor/,Black White Palm Tree Leaves Canvas Posters and Prints Minimalist Painting Wall Art Decorative Picture Nordic Style Home Decor,2020/02/Black-White-Palm-Tree-Leaves-Canvas-Posters-and-Prints-Minimalist-Painting-Wall-Art-Decorative-Picture-Nordic.jpg
64536,http://alleycorner.com/product/picasso-famous-hand-painted-modern-minimalist-abstract-canvas-painting-oil-painting-wall-art-picture-for-living-room-decor/,Picasso Famous Hand-painted Modern Minimalist Abstract Canvas Painting Oil Painting Wall Art Picture  for Living Room Decor,2020/02/Picasso-Famous-Hand-painted-Modern-Minimalist-Abstract-Canvas-Painting-Oil-Painting-Wall-Art-Picture-for-Living.jpg
64542,http://alleycorner.com/product/minimalist-creative-flying-bird-canvas-painting-green-plant-leaf-waterproof-poster-home-decor-wall-art-canvas-painting-pictures/,Minimalist Creative Flying Bird Canvas Painting Green Plant Leaf Waterproof Poster Home Decor Wall Art Canvas Painting Pictures,2020/02/Minimalist-Creative-Flying-Bird-Canvas-Painting-Green-Plant-Leaf-Waterproof-Poster-Home-Decor-Wall-Art-Canvas.jpg
64681,http://alleycorner.com/product/hand-line-drawing-wall-art-poster-abstract-women-body-canvas-painting-flower-minimalist-print-nordic-picture-living-room-decor/,Hand Line Drawing Wall Art Poster Abstract Women Body Canvas Painting Flower Minimalist Print Nordic Picture Living Room Decor,2020/02/Hand-Line-Drawing-Wall-Art-Poster-Abstract-Women-Body-Canvas-Painting-Flower-Minimalist-Print-Nordic-Picture.jpg
64719,http://alleycorner.com/product/allah-islamic-wall-art-canvas-poster-black-white-feather-print-minimalist-nordic-decorative-picture-painting-modern-home-decor/,Allah Islamic Wall Art Canvas Poster Black White Feather Print Minimalist Nordic Decorative Picture Painting Modern Home Decor,2020/02/Allah-Islamic-Wall-Art-Canvas-Poster-Black-White-Feather-Print-Minimalist-Nordic-Decorative-Picture-Painting-Modern-6.jpg
64936,http://alleycorner.com/product/minimalist-canvas-painting-wall-art-picture-city-maps-decor-pairs-london-new-york-wall-art-prints-map-poster/,"Minimalist Canvas Painting Wall Art Picture City Maps Decor , Pairs London New York Wall Art Prints Map Poster",2020/02/Minimalist-Canvas-Painting-Wall-Art-Picture-City-Maps-Decor-Pairs-London-New-York-Wall-Art-Prints.jpg
65164,http://alleycorner.com/product/namaste-definition-print-zen-yoga-wall-art-canvas-painting-black-and-white-picture-modern-minimalist-poster-home-room-wall-decor/,Namaste Definition Print Zen Yoga Wall Art Canvas Painting Black and White Picture Modern Minimalist Poster Home Room Wall Decor,2020/02/Namaste-Definition-Print-Zen-Yoga-Wall-Art-Canvas-Painting-Black-and-White-Picture-Modern-Minimalist-Poster.jpg
65169,http://alleycorner.com/product/wall-picture-canvas-paintings-no-framed-nordic-minimalist-black-white-abstract-giraffe-animal-pop-art-print-poster-hippie/,Wall Picture Canvas Paintings No framed Nordic Minimalist Black White Abstract Giraffe Animal Pop Art Print Poster Hippie,2020/02/Wall-Picture-Canvas-Paintings-No-framed-Nordic-Minimalist-Black-White-Abstract-Giraffe-Animal-Pop-Art-Print.jpg
65195,http://alleycorner.com/product/abstract-minimalist-texture-canvas-painting-wall-art-pictures-sofa-background-bedroom-entrance-wall-hanging-painting/,Abstract Minimalist Texture Canvas Painting Wall Art Pictures Sofa Background Bedroom Entrance Wall Hanging Painting,2020/02/Abstract-Minimalist-Texture-Canvas-Painting-Wall-Art-Pictures-Sofa-Background-Bedroom-Entrance-Wall-Hanging-Painting.jpg
65218,http://alleycorner.com/product/nordic-minimalist-world-famous-city-map-canvas-paintings-berlin-oslo-poster-print-wall-art-pictures-for-living-room-home-decor/,Nordic Minimalist World Famous City Map Canvas Paintings Berlin Oslo Poster Print Wall Art Pictures for Living Room Home Decor,2020/02/Nordic-Minimalist-World-Famous-City-Map-Canvas-Paintings-Berlin-Oslo-Poster-Print-Wall-Art-Pictures-for.jpg
65366,http://alleycorner.com/product/nordic-canvas-wall-art-posters-prints-paintings-2020-calendar-modern-minimalist-scandinavian-home-decor-pictures-for-living-room/,Nordic Canvas Wall Art Posters Prints Paintings 2020 Calendar Modern Minimalist Scandinavian Home Decor Pictures For Living Room,2020/02/Nordic-Canvas-Wall-Art-Posters-Prints-Paintings-2020-Calendar-Modern-Minimalist-Scandinavian-Home-Decor-Pictures-For.jpg
65381,http://alleycorner.com/product/minimalist-thankful-blessed-term-wall-art-canvas-poster-print-quotes-grateful-life-painting-pictures-for-living-room-home-decor/,Minimalist Thankful Blessed Term Wall Art Canvas Poster Print Quotes Grateful  Life Painting Pictures For Living Room Home Decor,2020/02/Minimalist-Thankful-Blessed-Term-Wall-Art-Canvas-Poster-Print-Quotes-Grateful-Life-Painting-Pictures-For-Living.jpg
65429,http://alleycorner.com/product/romantic-couple-lovers-minimalist-letters-poster-wall-art-canvas-print-painting-modern-pictures-for-bedroom-warmth-home-decor/,Romantic Couple Lovers Minimalist Letters Poster Wall art Canvas Print Painting Modern Pictures for Bedroom warmth Home Decor,2020/02/Romantic-Couple-Lovers-Minimalist-Letters-Poster-Wall-art-Canvas-Print-Painting-Modern-Pictures-for-Bedroom-warmth.png
68416,http://alleycorner.com/product/watercolor-plants-leaf-canvas-poster-nordic-style-print-scandinavian-wall-art-painting-decoration-pictures-minimalist-home-decor/,Watercolor Plants Leaf Canvas Poster Nordic Style Print Scandinavian Wall Art Painting Decoration Pictures Minimalist Home Decor,2020/02/Watercolor-Plants-Leaf-Canvas-Poster-Nordic-Style-Print-Scandinavian-Wall-Art-Painting-Decoration-Pictures-Minimalist-Home-6.jpg
71363,http://alleycorner.com/product/constellations-nursery-wall-art-canvas-painting-black-white-poster-prints-astrology-sign-minimalist-nordic-kids-pictures-decor/,Constellations Nursery Wall Art Canvas Painting Black White Poster Prints Astrology Sign Minimalist Nordic Kids Pictures Decor,2020/02/Constellations-Nursery-Wall-Art-Canvas-Painting-Black-White-Poster-Prints-Astrology-Sign-Minimalist-Nordic-Kids-Pictures-6.jpg
71885,http://alleycorner.com/product/allah-bismillah-islamic-quotes-wall-art-canvas-poster-simple-muslim-print-minimalist-modern-home-decorative-picture-painting/,Allah Bismillah Islamic Quotes Wall Art Canvas Poster Simple Muslim Print Minimalist Modern Home Decorative Picture Painting,2020/02/Allah-Bismillah-Islamic-Quotes-Wall-Art-Canvas-Poster-Simple-Muslim-Print-Minimalist-Modern-Home-Decorative-Picture.jpg
73531,http://alleycorner.com/product/allenjoy-zebra-head-canvas-paints-animals-smile-kid-room-pictures-artwork-minimalist-style-home-decorative-wall-chart-fun-murals/,Allenjoy Zebra Head Canvas Paints Animals Smile Kid Room Pictures Artwork Minimalist Style Home Decorative Wall Chart Fun Murals,2020/02/Allenjoy-Zebra-Head-Canvas-Paints-Animals-Smile-Kid-Room-Pictures-Artwork-Minimalist-Style-Home-Decorative-Wall.jpg
73549,http://alleycorner.com/product/2-panels-minimalist-bunny-rabbit-nursery-wall-canvas-painting-print-and-poster-wall-pictures-for-living-room-kids-room-decor/,2 panels Minimalist Bunny Rabbit Nursery Wall Canvas Painting Print And Poster Wall Pictures for Living Room Kids Room Decor,2020/02/2-panels-Minimalist-Bunny-Rabbit-Nursery-Wall-Canvas-Painting-Print-And-Poster-Wall-Pictures-for-Living.jpg
73573,http://alleycorner.com/product/minimalist-vogue-cover-women-nordic-poster-and-prints-canvas-painting-wall-picture-for-living-decor-for-living-room-home-decor/,Minimalist Vogue Cover Women Nordic Poster and Prints Canvas Painting Wall Picture For Living Decor For Living Room Home Decor,2020/02/Minimalist-Vogue-Cover-Women-Nordic-Poster-and-Prints-Canvas-Painting-Wall-Picture-For-Living-Decor-For.jpg
73921,http://alleycorner.com/product/wanderlust-definition-print-travel-gift-college-dorm-decor-dictionary-wall-art-canvas-painting-minimalist-poster-home-decoration/,Wanderlust Definition Print Travel Gift College Dorm Decor Dictionary Wall Art Canvas Painting Minimalist Poster Home Decoration,2020/02/Wanderlust-Definition-Print-Travel-Gift-College-Dorm-Decor-Dictionary-Wall-Art-Canvas-Painting-Minimalist-Poster-Home.jpg
74885,http://alleycorner.com/product/joshua-tree-cactus-poster-print-california-desert-canvas-painting-wall-art-pictures-modern-boho-minimalist-art-home-decor/,Joshua Tree Cactus Poster Print California Desert Canvas Painting Wall Art Pictures Modern Boho Minimalist Art Home Decor,2020/02/Joshua-Tree-Cactus-Poster-Print-California-Desert-Canvas-Painting-Wall-Art-Pictures-Modern-Boho-Minimalist-Art-2.jpg
74888,http://alleycorner.com/product/bunny-rabbit-tail-wall-art-picture-woodland-animal-canvas-poster-nursery-print-minimalist-painting-nordic-kids-baby-room-decor/,Bunny Rabbit Tail Wall Art Picture Woodland Animal Canvas Poster Nursery Print Minimalist Painting Nordic Kids Baby Room Decor,2020/02/Bunny-Rabbit-Tail-Wall-Art-Picture-Woodland-Animal-Canvas-Poster-Nursery-Print-Minimalist-Painting-Nordic-Kids.jpg
74890,http://alleycorner.com/product/astronaut-space-wall-art-canvas-poster-nursery-print-minimalist-painting-decorative-picture-nordic-baby-boys-bedroom-decoration/,Astronaut Space Wall Art Canvas Poster Nursery Print Minimalist Painting Decorative Picture Nordic Baby Boys Bedroom Decoration,2020/02/Astronaut-Space-Wall-Art-Canvas-Poster-Nursery-Print-Minimalist-Painting-Decorative-Picture-Nordic-Baby-Boys-Bedroom.jpg
75206,http://alleycorner.com/product/black-white-canvas-diamond-painting-animal-wall-art-lion-elephant-deer-zebra-wall-pictures-for-living-room-minimalist-love/,Black White Canvas Diamond Painting Animal Wall Art Lion Elephant Deer Zebra Wall Pictures for Living Room Minimalist LOVE,2020/02/Black-White-Canvas-Diamond-Painting-Animal-Wall-Art-Lion-Elephant-Deer-Zebra-Wall-Pictures-for-Living-6.jpg
75614,http://alleycorner.com/product/nordic-minimalist-foggy-pine-forest-canvas-wall-art-dark-landscape-misty-trees-painting-large-living-room-bedroom-bedside-decor-2/,Nordic Minimalist Foggy Pine Forest Canvas Wall Art Dark Landscape Misty Trees Painting Large Living Room Bedroom Bedside Decor,2020/02/Nordic-Minimalist-Foggy-Pine-Forest-Canvas-Wall-Art-Dark-Landscape-Misty-Trees-Painting-Large-Living-Room-6.jpg
75642,http://alleycorner.com/product/clstrose-watercolor-minimalist-kawaii-animals-black-cats-head-canvas-a4-art-print-poster-nordic-wall-picture-home-decor-painting/,CLSTROSE Watercolor Minimalist Kawaii Animals Black Cats Head Canvas A4 Art Print Poster Nordic Wall Picture Home Decor Painting,2020/02/CLSTROSE-Watercolor-Minimalist-Kawaii-Animals-Black-Cats-Head-Canvas-A4-Art-Print-Poster-Nordic-Wall-Picture-5.jpg
75643,http://alleycorner.com/product/waterproof-canvas-painting-minimalist-wall-art-posters-rose-flower-love-line-black-and-white-wall-pictures-for-living-room-decor/,Waterproof Canvas Painting Minimalist Wall Art Posters Rose Flower Love Line Black and White Wall Pictures For Living Room Decor,2020/02/Waterproof-Canvas-Painting-Minimalist-Wall-Art-Posters-Rose-Flower-Love-Line-Black-and-White-Wall-Pictures-6.jpg
75646,http://alleycorner.com/product/eyelash-wall-art-canvas-painting-minimalist-nordic-poster-print-fashion-beauty-make-up-wall-pictures-for-living-room-unframed/,Eyelash Wall Art Canvas Painting Minimalist  Nordic Poster Print Fashion Beauty Make Up Wall Pictures for Living Room  Unframed,2020/02/Eyelash-Wall-Art-Canvas-Painting-Minimalist-Nordic-Poster-Print-Fashion-Beauty-Make-Up-Wall-Pictures-for.jpg
75674,http://alleycorner.com/product/muslim-islamic-poster-wall-art-canvas-posters-quote-flower-art-painting-wall-pictures-modern-allah-mosque-minimalist-home-decor/,Muslim Islamic Poster  Wall Art Canvas Posters Quote Flower Art Painting Wall Pictures Modern Allah Mosque Minimalist Home Decor,2020/02/Muslim-Islamic-Poster-Wall-Art-Canvas-Posters-Quote-Flower-Art-Painting-Wall-Pictures-Modern-Allah-Mosque.jpg
75946,http://alleycorner.com/product/minimalist-prints-posters-drawing-line-women-with-flowers-canvas-painting-colorful-wall-pictures-living-room-bedroom-home-decor/,Minimalist Prints Posters Drawing Line Women With Flowers Canvas Painting Colorful Wall Pictures Living Room Bedroom Home Decor,2020/02/Minimalist-Prints-Posters-Drawing-Line-Women-With-Flowers-Canvas-Painting-Colorful-Wall-Pictures-Living-Room-Bedroom.jpg
76032,http://alleycorner.com/product/sketch-wall-art-line-drawing-print-minimalist-simple-fashion-canvas-poster-black-white-painting-love-quote-wall-picture-decor/,Sketch Wall Art Line Drawing Print Minimalist Simple Fashion Canvas Poster Black White Painting Love Quote Wall Picture Decor,2020/02/Sketch-Wall-Art-Line-Drawing-Print-Minimalist-Simple-Fashion-Canvas-Poster-Black-White-Painting-Love-Quote.jpg
76439,http://alleycorner.com/product/nordic-style-prints-wall-art-black-and-white-tree-poster-minimalist-bridge-painting-canvas-modular-landscape-pictures-home-decor/,Nordic Style Prints Wall Art Black And White Tree Poster Minimalist Bridge Painting Canvas Modular Landscape Pictures Home Decor,2020/02/Nordic-Style-Prints-Wall-Art-Black-And-White-Tree-Poster-Minimalist-Bridge-Painting-Canvas-Modular-Landscape.jpg
77258,http://alleycorner.com/product/new-zealand-maori-whanau-definition-print-minimalist-poster-typography-wall-art-canvas-painting-picture-living-room-home-decor/,New Zealand Maori Whanau Definition Print Minimalist Poster Typography Wall Art Canvas Painting Picture Living Room Home Decor,2020/02/New-Zealand-Maori-Whanau-Definition-Print-Minimalist-Poster-Typography-Wall-Art-Canvas-Painting-Picture-Living-Room.jpg
78892,http://alleycorner.com/product/nordic-style-sweet-pink-flamingo-canvas-painting-cute-animal-wall-poster-canvas-wall-art-for-living-room-minimalist-art/,Nordic Style Sweet Pink Flamingo canvas painting Cute animal wall poster  canvas wall art for living room Minimalist Art,2020/02/Nordic-Style-Sweet-Pink-Flamingo-canvas-painting-Cute-animal-wall-poster-canvas-wall-art-for-living.jpg
79270,http://alleycorner.com/product/feather-gold-color-lamp-poster-canvas-print-wall-nordic-minimalist-style-art-modular-living-room-bedroom-home-without-frame/,Feather Gold Color Lamp Poster Canvas Print Wall Nordic Minimalist Style Art Modular Living Room Bedroom Home Without Frame,2020/02/Feather-Gold-Color-Lamp-Poster-Canvas-Print-Wall-Nordic-Minimalist-Style-Art-Modular-Living-Room-Bedroom.jpg
79332,http://alleycorner.com/product/love-poster-couple-holding-hands-painting-black-and-white-wall-art-canvas-minimalist-print-nordic-wall-pictures-for-living-room/,Love Poster Couple Holding Hands Painting Black And White Wall Art Canvas Minimalist Print Nordic Wall Pictures For Living Room,2020/02/Love-Poster-Couple-Holding-Hands-Painting-Black-And-White-Wall-Art-Canvas-Minimalist-Print-Nordic-Wall.jpg
162274,http://alleycorner.com/product/modern-city-istanbul-map-minimalist-canvas-painting-black-and-white-wall-art-print-poster-pictures-for-living-room-home-decor/,Modern City Istanbul Map Minimalist Canvas Painting Black and White Wall Art Print Poster Pictures For Living Room Home Decor,2020/02/Modern-City-Istanbul-Map-Minimalist-Canvas-Painting-Black-and-White-Wall-Art-Print-Poster-Pictures-For.jpg
162279,http://alleycorner.com/product/minimalistic-black-and-yellow-abstract-oil-painting-on-canvas-posters-and-prints-wall-art-pictures-for-living-room-nordic-decor/,Minimalistic Black and Yellow Abstract Oil Painting on Canvas Posters and Prints Wall Art Pictures for Living Room Nordic Decor,2020/02/Minimalistic-Black-and-Yellow-Abstract-Oil-Painting-on-Canvas-Posters-and-Prints-Wall-Art-Pictures-for.jpg
162280,http://alleycorner.com/product/scandinavian-poster-wheat-print-family-rules-wall-art-nordic-home-minimalist-wall-decor-pastel-colors-canvas-painting-decoration/,Scandinavian Poster Wheat Print Family Rules Wall Art Nordic Home Minimalist Wall Decor Pastel Colors Canvas Painting Decoration,2020/02/Scandinavian-Poster-Wheat-Print-Family-Rules-Wall-Art-Nordic-Home-Minimalist-Wall-Decor-Pastel-Colors-Canvas.jpg
162281,http://alleycorner.com/product/laundry-print-laundry-room-decor-funny-laundry-signs-typography-poster-wall-art-picture-canvas-painting-minimalist-decoration/,"Laundry Print Laundry Room Decor , Funny Laundry Signs Typography Poster Wall Art Picture Canvas Painting Minimalist Decoration",2020/02/Laundry-Print-Laundry-Room-Decor-Funny-Laundry-Signs-Typography-Poster-Wall-Art-Picture-Canvas-Painting-Minimalist.jpg
162284,http://alleycorner.com/product/black-white-art-minimalist-print-be-kind-quote-canvas-painting-printable-poster-wall-pictures-for-kids-room-decor-home-decor/,Black White Art Minimalist Print Be Kind Quote Canvas Painting Printable Poster Wall Pictures For Kids Room Decor Home Decor,2020/02/Black-White-Art-Minimalist-Print-Be-Kind-Quote-Canvas-Painting-Printable-Poster-Wall-Pictures-For-Kids.jpg
162286,http://alleycorner.com/product/lilo-and-stitch-minimalist-wall-art-canvas-poster-and-print-canvas-painting-decorative-picture-for-bedroom-home-decor-framework/,Lilo And Stitch Minimalist Wall Art Canvas Poster and Print Canvas Painting Decorative Picture For Bedroom Home Decor Framework,2020/02/Lilo-And-Stitch-Minimalist-Wall-Art-Canvas-Poster-and-Print-Canvas-Painting-Decorative-Picture-For-Bedroom.jpg
162369,http://alleycorner.com/product/wall-art-nordic-black-white-canvas-paintings-dog-lion-pictures-hd-prints-home-decor-poster-minimalist-for-living-room-modular/,Wall Art Nordic Black White Canvas Paintings Dog Lion Pictures HD Prints Home Decor Poster Minimalist For Living Room Modular,2020/02/Wall-Art-Nordic-Black-White-Canvas-Paintings-Dog-Lion-Pictures-HD-Prints-Home-Decor-Poster-Minimalist.jpg
162381,http://alleycorner.com/product/wall-art-canvas-painting-modular-pictures-hd-printed-home-decor-cats-taste-red-wine-nordic-modern-poster-minimalist-living-room/,Wall Art Canvas Painting Modular Pictures HD Printed Home Decor Cats Taste Red Wine Nordic Modern Poster Minimalist Living Room,2020/02/Wall-Art-Canvas-Painting-Modular-Pictures-HD-Printed-Home-Decor-Cats-Taste-Red-Wine-Nordic-Modern.jpg
163413,http://alleycorner.com/product/nordic-minimalist-tree-leaves-decorative-paintings-wall-art-print-picture-canvas-painting-poster-for-living-room-no-framed/,Nordic Minimalist Tree Leaves Decorative Paintings Wall Art Print Picture Canvas Painting Poster for Living Room No Framed,2020/02/Nordic-Minimalist-Tree-Leaves-Decorative-Paintings-Wall-Art-Print-Picture-Canvas-Painting-Poster-for-Living-Room.jpg
163427,http://alleycorner.com/product/nordic-art-red-heart-fingerprint-canvas-poster-minimalist-painting-abstract-wall-picture-print-modern-home-baby-room-decoration/,Nordic Art Red Heart Fingerprint Canvas Poster Minimalist Painting Abstract Wall Picture Print Modern Home Baby Room Decoration,2020/02/Nordic-Art-Red-Heart-Fingerprint-Canvas-Poster-Minimalist-Painting-Abstract-Wall-Picture-Print-Modern-Home-Baby.jpg
163428,http://alleycorner.com/product/nordic-minimalist-mint-green-balloon-decorative-paintings-modular-picture-wall-art-canvas-painting-for-living-room-no-framed/,Nordic Minimalist Mint Green Balloon Decorative Paintings Modular Picture Wall Art Canvas Painting for Living Room No Framed,2020/02/Nordic-Minimalist-Mint-Green-Balloon-Decorative-Paintings-Modular-Picture-Wall-Art-Canvas-Painting-for-Living-Room.jpg
163431,http://alleycorner.com/product/watercolor-plants-cactus-flower-poster-prints-minimalist-decoration-art-canvas-painting-wall-picture-for-living-room-home-decor/,Watercolor Plants Cactus Flower Poster Prints Minimalist Decoration Art Canvas Painting Wall Picture for Living Room Home Decor,2020/02/Watercolor-Plants-Cactus-Flower-Poster-Prints-Minimalist-Decoration-Art-Canvas-Painting-Wall-Picture-for-Living-Room.jpg
163433,http://alleycorner.com/product/nordic-art-fox-giraffe-elephant-poster-minimalist-canvas-print-painting-animal-abstract-wall-picture-modern-home-room-decoration/,Nordic Art Fox Giraffe Elephant Poster Minimalist Canvas Print Painting Animal Abstract Wall Picture Modern Home Room Decoration,2020/02/Nordic-Art-Fox-Giraffe-Elephant-Poster-Minimalist-Canvas-Print-Painting-Animal-Abstract-Wall-Picture-Modern-Home.jpg
163435,http://alleycorner.com/product/nicoleshenting-watercolor-plant-flower-canvas-poster-minimalist-art-canvas-wall-picture-print-modern-home-room-decoration/,NICOLESHENTING Watercolor Plant Flower Canvas Poster Minimalist Art Canvas Wall Picture Print Modern Home Room Decoration,2020/02/NICOLESHENTING-Watercolor-Plant-Flower-Canvas-Poster-Minimalist-Art-Canvas-Wall-Picture-Print-Modern-Home-Room-Decoration.jpg
163521,http://alleycorner.com/product/modern-minimalist-butterfly-english-spray-paintings-painted-on-canvas-wall-art-picture-decorative-painting-no-framed/,Modern Minimalist Butterfly English Spray Paintings Painted on Canvas Wall Art Picture Decorative Painting No Framed,2020/02/Modern-Minimalist-Butterfly-English-Spray-Paintings-Painted-on-Canvas-Wall-Art-Picture-Decorative-Painting-No-Framed.jpg
163619,http://alleycorner.com/product/blonde-girl-cartoon-portrait-poster-canvas-print-wall-nordic-minimalist-style-art-modular-living-room-bedroom-home-without-frame/,Blonde Girl Cartoon Portrait Poster Canvas Print Wall Nordic Minimalist Style Art Modular Living Room Bedroom Home Without Frame,2020/02/Blonde-Girl-Cartoon-Portrait-Poster-Canvas-Print-Wall-Nordic-Minimalist-Style-Art-Modular-Living-Room-Bedroom.jpg
163623,http://alleycorner.com/product/swallow-nanfei-poster-canvas-print-wall-nordic-minimalist-style-art-modular-living-room-bedroom-home-without-frame/,Swallow Nanfei Poster Canvas Print Wall Nordic Minimalist Style Art Modular Living Room Bedroom Home Without Frame,2020/02/Swallow-Nanfei-Poster-Canvas-Print-Wall-Nordic-Minimalist-Style-Art-Modular-Living-Room-Bedroom-Home-Without.jpg
163626,http://alleycorner.com/product/cat-face-human-portrait-poster-canvas-print-wall-nordic-minimalist-style-art-modular-living-room-bedroom-home-frameless/,Cat Face Human Portrait Poster Canvas Print Wall Nordic Minimalist Style Art Modular Living Room Bedroom Home Frameless,2020/02/Cat-Face-Human-Portrait-Poster-Canvas-Print-Wall-Nordic-Minimalist-Style-Art-Modular-Living-Room-Bedroom.jpg
163686,http://alleycorner.com/product/blah-dream-up-pause-quotes-nordic-home-decor-minimalist-print-posters-nordic-wall-picture-for-living-room-wall-art-canvas-prints/,Blah Dream Up Pause Quotes Nordic Home Decor Minimalist Print Posters Nordic Wall Picture for Living Room Wall Art Canvas Prints,2020/02/Blah-Dream-Up-Pause-Quotes-Nordic-Home-Decor-Minimalist-Print-Posters-Nordic-Wall-Picture-for-Living.jpg
163703,http://alleycorner.com/product/minimalist-kitchenware-posters-prints-black-and-white-modern-canvas-painting-for-kitchen-dining-room-home-decor-wall-art-picture/,Minimalist Kitchenware Posters Prints Black And White Modern Canvas Painting For Kitchen Dining Room Home Decor Wall Art Picture,2020/02/Minimalist-Kitchenware-Posters-Prints-Black-And-White-Modern-Canvas-Painting-For-Kitchen-Dining-Room-Home-Decor.jpg
163706,http://alleycorner.com/product/family-wall-art-decoration-painting-poster-nordic-style-modern-design-decoration-art-flowers-and-minimalist-text-decoration-o95/,Family wall art decoration painting poster Nordic style modern design decoration art flowers and minimalist text decoration o95,2020/02/Family-wall-art-decoration-painting-poster-Nordic-style-modern-design-decoration-art-flowers-and-minimalist-text.jpg
163709,http://alleycorner.com/product/abstract-geometric-triangle-canvas-paintings-minimalist-nordic-poster-print-wall-art-pictures-for-living-room-home-office-decor/,Abstract Geometric Triangle Canvas Paintings Minimalist Nordic Poster Print Wall Art Pictures for Living Room Home Office Decor,2020/02/Abstract-Geometric-Triangle-Canvas-Paintings-Minimalist-Nordic-Poster-Print-Wall-Art-Pictures-for-Living-Room-Home.jpg
163715,http://alleycorner.com/product/abstract-geometric-pictures-minimalist-canvas-paintings-nordic-black-white-poster-print-wall-art-living-room-nursery-home-decor/,Abstract Geometric Pictures Minimalist Canvas Paintings Nordic Black White Poster Print Wall Art Living Room Nursery Home Decor,2020/02/Abstract-Geometric-Pictures-Minimalist-Canvas-Paintings-Nordic-Black-White-Poster-Print-Wall-Art-Living-Room-Nursery.jpg
163766,http://alleycorner.com/product/dog-minimalist-poster-italian-greyhound-nordic-wall-art-print-canvas-painting-wall-pictures-for-living-room-home-decor-no-frame/,Dog Minimalist Poster Italian Greyhound Nordic Wall Art Print Canvas Painting Wall pictures for living room Home Decor No Frame,2020/02/Dog-Minimalist-Poster-Italian-Greyhound-Nordic-Wall-Art-Print-Canvas-Painting-Wall-pictures-for-living-room.jpg
164607,http://alleycorner.com/product/nordic-minimalist-sexy-lips-3-pieces-decorative-painting-wall-art-canvas-painting-poster-for-living-room-no-framed/,Nordic Minimalist Sexy Lips 3 Pieces Decorative Painting Wall Art Canvas Painting Poster for Living Room No Framed,2020/02/Nordic-Minimalist-Sexy-Lips-3-Pieces-Decorative-Painting-Wall-Art-Canvas-Painting-Poster-for-Living-Room.jpg
164616,http://alleycorner.com/product/minimalistic-golden-flamingo-leave-decorative-paintings-modular-picture-wall-art-canvas-painting-for-living-room-no-framed/,Minimalistic Golden Flamingo Leave Decorative Paintings Modular Picture Wall Art Canvas Painting for Living Room No Framed,2020/02/Minimalistic-Golden-Flamingo-Leave-Decorative-Paintings-Modular-Picture-Wall-Art-Canvas-Painting-for-Living-Room-No.jpg
164639,http://alleycorner.com/product/nicoleshenting-cartoon-animal-deer-lion-bear-minimalist-art-canvas-poster-painting-wall-picture-print-modern-home-kid-room-decor/,NICOLESHENTING Cartoon Animal Deer Lion Bear Minimalist Art Canvas Poster Painting Wall Picture Print Modern Home Kid Room Decor,2020/02/NICOLESHENTING-Cartoon-Animal-Deer-Lion-Bear-Minimalist-Art-Canvas-Poster-Painting-Wall-Picture-Print-Modern-Home.jpg
164641,http://alleycorner.com/product/scandinavian-landscape-sea-beach-canvas-poster-cow-minimalist-nordic-style-wall-art-print-painting-tropical-decoration-picture/,Scandinavian Landscape Sea Beach Canvas Poster Cow Minimalist Nordic Style Wall Art Print Painting Tropical Decoration Picture,2020/02/Scandinavian-Landscape-Sea-Beach-Canvas-Poster-Cow-Minimalist-Nordic-Style-Wall-Art-Print-Painting-Tropical-Decoration.jpg
164655,http://alleycorner.com/product/scandinavian-cactus-leaf-canvas-poster-motivation-minimalist-nordic-style-wall-art-print-painting-decoration-picture-home-decor/,Scandinavian Cactus Leaf Canvas Poster Motivation Minimalist Nordic Style Wall Art Print Painting Decoration Picture Home Decor,2020/02/Scandinavian-Cactus-Leaf-Canvas-Poster-Motivation-Minimalist-Nordic-Style-Wall-Art-Print-Painting-Decoration-Picture-Home.jpg
164666,http://alleycorner.com/product/nordic-minimalist-golden-pineapple-3-pieces-decorative-painting-wall-art-canvas-painting-poster-for-living-room-no-framed/,Nordic Minimalist Golden Pineapple 3 Pieces Decorative Painting Wall Art Canvas Painting Poster for Living Room No Framed,2020/02/Nordic-Minimalist-Golden-Pineapple-3-Pieces-Decorative-Painting-Wall-Art-Canvas-Painting-Poster-for-Living-Room.jpg
164673,http://alleycorner.com/product/modern-minimalist-small-fresh-flower-decorative-paintings-modular-picture-wall-art-canvas-painting-for-living-room-no-framed/,Modern Minimalist Small Fresh Flower Decorative Paintings Modular Picture Wall Art Canvas Painting for Living Room No Framed,2020/02/Modern-Minimalist-Small-Fresh-Flower-Decorative-Paintings-Modular-Picture-Wall-Art-Canvas-Painting-for-Living-Room.jpg
164815,http://alleycorner.com/product/abstract-big-black-flowers-canvas-poster-minimalist-art-painting-wall-picture-painting-printed-on-canvas-home-room-decor/,Abstract Big Black Flowers Canvas Poster Minimalist Art Painting Wall Picture Painting Printed On Canvas Home Room Decor,2020/02/Abstract-Big-Black-Flowers-Canvas-Poster-Minimalist-Art-Painting-Wall-Picture-Painting-Printed-On-Canvas-Home.jpg
164824,http://alleycorner.com/product/blooming-flowers-beautiful-poster-canvas-print-wall-nordic-minimalist-style-art-modular-living-room-bedroom-home-without-frame/,Blooming Flowers Beautiful Poster Canvas Print Wall Nordic Minimalist Style Art Modular Living Room Bedroom Home Without Frame,2020/02/Blooming-Flowers-Beautiful-Poster-Canvas-Print-Wall-Nordic-Minimalist-Style-Art-Modular-Living-Room-Bedroom-Home.jpg
164830,http://alleycorner.com/product/wall-art-poster-abstract-colorful-tree-dandelion-nordic-minimalist-canvas-painting-home-decoration-print-picture-for-living-room/,Wall Art Poster Abstract Colorful Tree Dandelion Nordic Minimalist Canvas Painting Home Decoration Print Picture For Living Room,2020/02/Wall-Art-Poster-Abstract-Colorful-Tree-Dandelion-Nordic-Minimalist-Canvas-Painting-Home-Decoration-Print-Picture-For.jpg
164833,http://alleycorner.com/product/black-white-nordic-minimalist-abstract-line-simplicity-painting-canvas-art-print-poster-office-wall-pictures-home-unframed/,Black White Nordic Minimalist Abstract Line Simplicity Painting Canvas Art Print Poster Office Wall Pictures Home Unframed,2020/02/Black-White-Nordic-Minimalist-Abstract-Line-Simplicity-Painting-Canvas-Art-Print-Poster-Office-Wall-Pictures-Home.jpg
164940,http://alleycorner.com/product/modern-minimalist-motivational-quotes-typography-poster-kids-boy-room-wall-art-print-picture-home-decor-canvas-painting-custom/,Modern Minimalist Motivational Quotes Typography Poster Kids Boy Room Wall Art Print Picture Home Decor Canvas Painting Custom,2020/02/Modern-Minimalist-Motivational-Quotes-Typography-Poster-Kids-Boy-Room-Wall-Art-Print-Picture-Home-Decor-Canvas.jpg
165004,http://alleycorner.com/product/modern-animal-fox-and-bird-minimalistic-retro-poster-canvas-painting-picture-home-decoration-painting-wall-art-can-be-customized/,Modern Animal Fox And Bird Minimalistic Retro Poster Canvas Painting Picture Home Decoration Painting Wall Art Can Be Customized,2020/02/Modern-Animal-Fox-And-Bird-Minimalistic-Retro-Poster-Canvas-Painting-Picture-Home-Decoration-Painting-Wall-Art.jpg
165016,http://alleycorner.com/product/black-and-white-abstract-painting-minimalist-artmodern-wall-art-decoroil-painting-on-canvas-large-wall-art-modern-handmade/,"Black and White Abstract Painting Minimalist Art,Modern Wall Art Decor,oil Painting on Canvas  Large wall art Modern handmade",2020/02/Black-and-White-Abstract-Painting-Minimalist-Art-Modern-Wall-Art-Decor-oil-Painting-on-Canvas-Large.jpg
165018,http://alleycorner.com/product/nordic-minimalist-pink-roses-drink-living-room-decorative-painting-3-panels-unframed-canvas-wall-art-poster-and-prints/,Nordic Minimalist Pink Roses Drink Living Room Decorative Painting 3 Panels Unframed Canvas Wall Art Poster and Prints,2020/02/Nordic-Minimalist-Pink-Roses-Drink-Living-Room-Decorative-Painting-3-Panels-Unframed-Canvas-Wall-Art-Poster.jpg
165023,http://alleycorner.com/product/nordic-minimalist-black-and-white-building-canvas-paintings-letters-poster-print-wall-art-pictures-for-living-room-study-decor/,Nordic Minimalist Black and White Building Canvas Paintings Letters Poster Print Wall Art Pictures for Living Room Study Decor,2020/02/Nordic-Minimalist-Black-and-White-Building-Canvas-Paintings-Letters-Poster-Print-Wall-Art-Pictures-for-Living.jpg
165069,http://alleycorner.com/product/modern-minimalist-decorative-english-letter-r-canvas-painting-print-poster-picture-wall-art-restaurant-home-decoration-custom/,Modern Minimalist Decorative English Letter R Canvas Painting Print Poster Picture Wall Art Restaurant Home Decoration Custom,2020/02/Modern-Minimalist-Decorative-English-Letter-R-Canvas-Painting-Print-Poster-Picture-Wall-Art-Restaurant-Home-Decoration.jpg
165158,http://alleycorner.com/product/3-pcs-plants-leaf-canvas-poster-nordic-print-scandinavian-wall-art-abstract-painting-decoration-pictures-minimalist-home-decor/,3 Pcs Plants Leaf Canvas Poster Nordic Print Scandinavian Wall Art Abstract Painting Decoration Pictures Minimalist Home Decor,2020/02/3-Pcs-Plants-Leaf-Canvas-Poster-Nordic-Print-Scandinavian-Wall-Art-Abstract-Painting-Decoration-Pictures-Minimalist.jpg
165172,http://alleycorner.com/product/love-print-french-fashion-canvas-painting-modern-minimalist-print-french-art-typography-printing-romantic-wall-decor/,"Love Print French Fashion Canvas Painting , Modern Minimalist Print French Art Typography Printing Romantic Wall Decor",2020/02/Love-Print-French-Fashion-Canvas-Painting-Modern-Minimalist-Print-French-Art-Typography-Printing-Romantic-Wall-Decor.jpg
165205,http://alleycorner.com/product/minimalist-fashion-lips-canvas-paintings-abstract-black-white-poster-print-nordic-wall-art-pictures-for-living-room-home-decor/,Minimalist Fashion Lips Canvas Paintings Abstract Black White Poster Print Nordic Wall Art Pictures for Living Room Home Decor,2020/02/Minimalist-Fashion-Lips-Canvas-Paintings-Abstract-Black-White-Poster-Print-Nordic-Wall-Art-Pictures-for-Living.jpg
165225,http://alleycorner.com/product/mountain-seascape-posters-nordic-minimalist-art-canvas-painting-prints-wall-pictures-for-living-room-modern-home-decor-hd1979/,Mountain Seascape Posters  Nordic Minimalist Art Canvas Painting Prints Wall Pictures For Living Room Modern Home Decor HD1979,2020/02/Mountain-Seascape-Posters-Nordic-Minimalist-Art-Canvas-Painting-Prints-Wall-Pictures-For-Living-Room-Modern-Home.jpg
165230,http://alleycorner.com/product/seaview-poster-canvas-printed-surfboard-home-decoration-minimalist-nordic-car-paintings-modular-wall-art-pictures-living-room/,Seaview Poster Canvas Printed Surfboard Home Decoration Minimalist Nordic Car Paintings Modular Wall Art Pictures Living Room,2020/02/Seaview-Poster-Canvas-Printed-Surfboard-Home-Decoration-Minimalist-Nordic-Car-Paintings-Modular-Wall-Art-Pictures-Living.jpg
165341,http://alleycorner.com/product/watercolor-buddha-lotus-canvas-poster-abstract-minimalist-art-canvas-painting-wall-picture-modern-canvas-painting-k166/,Watercolor Buddha Lotus Canvas Poster Abstract Minimalist Art Canvas Painting Wall Picture Modern canvas painting K166,2020/02/Watercolor-Buddha-Lotus-Canvas-Poster-Abstract-Minimalist-Art-Canvas-Painting-Wall-Picture-Modern-canvas-painting-K166.jpg
165799,http://alleycorner.com/product/nordic-poster-black-and-white-painting-dandelion-wall-art-minimalist-canvas-poster-modern-wall-pictures-for-living-room-unframed/,Nordic Poster Black And White Painting Dandelion Wall Art Minimalist Canvas Poster Modern Wall Pictures For Living Room Unframed,2020/02/Nordic-Poster-Black-And-White-Painting-Dandelion-Wall-Art-Minimalist-Canvas-Poster-Modern-Wall-Pictures-For.jpg
183887,http://alleycorner.com/product/sketch-wall-art-line-drawing-print-minimalist-simple-fashion-canvas-poster-black-white-painting-love-quote-wall-picture-decor-2/,Sketch Wall Art Line Drawing Print Minimalist Simple Fashion Canvas Poster Black White Painting Love Quote Wall Picture Decor,2020/02/Sketch-Wall-Art-Line-Drawing-Print-Minimalist-Simple-Fashion-Canvas-Poster-Black-White-Painting-Love-Quote-13.jpg
184604,http://alleycorner.com/product/meerkat-black-and-white-minimalist-canvas-art-print-painting-modern-wall-picture-home-decor-bedroom-decorative-posters-no-frame/,Meerkat Black and White Minimalist Canvas Art Print Painting Modern Wall Picture Home Decor Bedroom Decorative Posters No Frame,2020/02/Meerkat-Black-and-White-Minimalist-Canvas-Art-Print-Painting-Modern-Wall-Picture-Home-Decor-Bedroom-Decorative-5.jpg
187537,http://alleycorner.com/product/allah-islamic-wall-art-picture-bismillah-muslim-poster-motivational-black-white-print-minimalist-canvas-painting-home-decoration/,Allah Islamic Wall Art Picture Bismillah Muslim Poster Motivational Black White Print Minimalist Canvas Painting Home Decoration,2020/02/Allah-Islamic-Wall-Art-Picture-Bismillah-Muslim-Poster-Motivational-Black-White-Print-Minimalist-Canvas-Painting-Home-6.jpg
188252,http://alleycorner.com/product/abstract-lady-line-body-figure-picture-home-decor-nordic-canvas-painting-wall-art-minimalist-posters-and-prints-for-girl-bedroom/,Abstract Lady Line Body Figure Picture Home Decor Nordic Canvas Painting Wall Art Minimalist Posters and Prints for Girl Bedroom,2020/02/Abstract-Lady-Line-Body-Figure-Picture-Home-Decor-Nordic-Canvas-Painting-Wall-Art-Minimalist-Posters-and-6.jpg
192315,http://alleycorner.com/product/matisse-line-drawing-flower-wall-art-canvas-abstract-poster-simple-print-painting-minimalist-modern-room-home-decoration-picture/,Matisse Line Drawing Flower Wall Art Canvas Abstract Poster Simple Print Painting Minimalist Modern Room Home Decoration Picture,2020/02/Matisse-Line-Drawing-Flower-Wall-Art-Canvas-Abstract-Poster-Simple-Print-Painting-Minimalist-Modern-Room-Home-6.jpg
194098,http://alleycorner.com/product/art-decor-abstract-paintings-wall-dream-pastel-posters-and-prints-minimalist-canvas-painting-decoration-pictures-no-framed/,Art Decor Abstract Paintings Wall Dream Pastel Posters And Prints Minimalist Canvas Painting Decoration Pictures No Framed,2020/02/Art-Decor-Abstract-Paintings-Wall-Dream-Pastel-Posters-And-Prints-Minimalist-Canvas-Painting-Decoration-Pictures-No-6.jpg
222141,http://alleycorner.com/product/minimalist-abstract-line-david-plaster-canvas-paintings-matisse-posters-prints-wall-art-pictures-for-modern-living-room-decor/,Minimalist Abstract Line David Plaster Canvas Paintings Matisse Posters Prints Wall Art Pictures for Modern Living Room Decor,2020/02/Minimalist-Abstract-Line-David-Plaster-Canvas-Paintings-Matisse-Posters-Prints-Wall-Art-Pictures-for-Modern-Living.jpg
224044,http://alleycorner.com/product/black-white-heart-nursery-quote-canvas-poster-print-minimalist-wall-art-painting-nordic-kids-decoration-pictures-baby-room-decor/,Black White Heart Nursery Quote Canvas Poster Print Minimalist Wall Art Painting Nordic Kids Decoration Pictures Baby Room Decor,2020/02/Black-White-Heart-Nursery-Quote-Canvas-Poster-Print-Minimalist-Wall-Art-Painting-Nordic-Kids-Decoration-Pictures.jpg
224064,http://alleycorner.com/product/frida-kahlo-wall-decor-house-gift-nature-minimalist-wall-art-3d-printed-design-wall-wall-decor-wall-art-office-wall-art/,"Frida Kahlo Wall Decor, House Gift, Nature, Minimalist Wall Art 3D Printed Design Wall, wall Decor, Wall Art, Office Wall Art",2020/02/Frida-Kahlo-Wall-Decor-House-Gift-Nature-Minimalist-Wall-Art-3D-Printed-Design-Wall-wall-Decor.jpg
224254,http://alleycorner.com/product/minimalist-human-body-line-drawing-wall-art-modern-abstract-painting-family-quotes-vintage-postersprints-living-room-home-decor/,Minimalist Human Body Line Drawing Wall Art Modern Abstract Painting Family Quotes Vintage Posters&amp;Prints Living Room Home Decor,2020/02/Minimalist-Human-Body-Line-Drawing-Wall-Art-Modern-Abstract-Painting-Family-Quotes-Vintage-Posters-Prints-Living-24.jpg
224303,http://alleycorner.com/product/watercolor-sexy-woman-body-wall-art-canvas-painting-nordic-posters-and-prints-wall-picture-for-living-room-minimalist-home-decor/,Watercolor Sexy Woman Body Wall Art Canvas Painting Nordic Posters And Prints Wall Picture For Living Room Minimalist Home Decor,2020/02/Watercolor-Sexy-Woman-Body-Wall-Art-Canvas-Painting-Nordic-Posters-And-Prints-Wall-Picture-For-Living-6.jpg
224326,http://alleycorner.com/product/sexy-woman-body-wall-art-canvas-painting-nordic-poster-and-prints-wall-picture-for-living-room-minimalist-modern-home-decorative/,Sexy Woman Body Wall Art Canvas Painting Nordic Poster And Prints Wall Picture For Living Room Minimalist Modern Home Decorative,2020/02/Sexy-Woman-Body-Wall-Art-Canvas-Painting-Nordic-Poster-And-Prints-Wall-Picture-For-Living-Room.jpg
224542,http://alleycorner.com/product/love-poster-black-and-white-print-modern-typography-minimalist-wall-art-affiche-scandinave-canvas-painting-living-room-decor/,Love Poster Black and White Print Modern Typography Minimalist Wall Art Affiche Scandinave Canvas Painting Living Room Decor,2020/02/Love-Poster-Black-and-White-Print-Modern-Typography-Minimalist-Wall-Art-Affiche-Scandinave-Canvas-Painting-Living-6.jpg
224599,http://alleycorner.com/product/nordic-watercolor-tropical-plant-green-leaves-canvas-painting-art-print-poster-picture-wall-modern-minimalist-living-room-decor/,Nordic Watercolor Tropical Plant Green Leaves Canvas Painting Art Print Poster Picture Wall Modern Minimalist Living Room Decor,2020/02/Nordic-Watercolor-Tropical-Plant-Green-Leaves-Canvas-Painting-Art-Print-Poster-Picture-Wall-Modern-Minimalist-Living-6.jpg
224602,http://alleycorner.com/product/black-white-minimalist-family-definition-quotes-canvas-painting-poster-nordic-bedroom-wall-art-pictures-living-room-home-decor/,Black White Minimalist Family Definition Quotes Canvas Painting Poster Nordic Bedroom Wall Art Pictures Living Room Home Decor,2020/02/Black-White-Minimalist-Family-Definition-Quotes-Canvas-Painting-Poster-Nordic-Bedroom-Wall-Art-Pictures-Living-Room.jpg
224876,http://alleycorner.com/product/minimalist-cartoon-black-white-all-kinds-of-head-canvas-painting-art-picture-home-decor-on-canvas-modern-wall-prints-artworks/,Minimalist Cartoon Black White All Kinds Of Head Canvas Painting Art Picture Home Decor On Canvas Modern Wall Prints Artworks,2020/02/Minimalist-Cartoon-Black-White-All-Kinds-Of-Head-Canvas-Painting-Art-Picture-Home-Decor-On-Canvas-6.jpg
225909,https://alleycorner.com/product/motivational-quotes-islamic-wall-art-picture-muslim-poster-black-white-print-minimalist-canvas-painting-modern-home-decoration/,Motivational Quotes Islamic Wall Art Picture Muslim Poster Black White Print Minimalist Canvas Painting Modern Home Decoration,2020/02/Motivational-Quotes-Islamic-Wall-Art-Picture-Muslim-Poster-Black-White-Print-Minimalist-Canvas-Painting-Modern-Home-12.jpg
