71433,http://linhcorner.com/shop/uncategorized/duvet-cover-set-american-flag-printed-2-3-pcs-bedding-sets-twin-full-queen-king-quilt-bed/,"Duvet Cover Set American Flag Printed 2/3 Pcs Bedding Sets Twin Full Queen King Quilt  Bed",2020/09/Duvet-Cover-Set-American-Flag-Printed-2-3-Pcs-Bedding-Sets-Twin-Full-Queen-King-Quilt-6.jpg
71440,http://linhcorner.com/shop/uncategorized/goang-luxury-new-bedding-set-quilt-cover-pillowcases-king-size-bedding-set-home-textiles-parrot-printing-bed-duvet-cover-220-240/,"GOANG luxury new bedding set quilt cover pillowcases king size bedding set home textiles parrot printing bed duvet cover 220 240",2020/09/GOANG-luxury-new-bedding-set-quilt-cover-pillowcases-king-size-bedding-set-home-textiles-parrot-printing-6.jpg
71448,http://linhcorner.com/shop/uncategorized/1pcs-winter-warm-soft-double-side-plush-bed-blanket-magic-thick-duvet-cover-comforter-quilt-blanket-case-full-queen-king-size/,"1pcs Winter Warm Soft Double Side Plush Bed Blanket Magic Thick Duvet cover Comforter/Quilt/Blanket case Full Queen King Size",2020/09/1pcs-Winter-Warm-Soft-Double-Side-Plush-Bed-Blanket-Magic-Thick-Duvet-cover-Comforter-Quilt-Blanket-6.jpg
71450,http://linhcorner.com/shop/uncategorized/hot-movie-stranger-things-bedding-set-3d-horror-printed-duvet-cover-set-pillowcase-twin-full-queen-king-size-bed-sets-drop-ship/,"Hot Movie Stranger-Things Bedding Set 3d Horror Printed Duvet Cover Set Pillowcase Twin Full Queen King Size Bed Sets Drop Ship",2020/09/Hot-Movie-Stranger-Things-Bedding-Set-3d-Horror-Printed-Duvet-Cover-Set-Pillowcase-Twin-Full-Queen-6.jpg
71452,http://linhcorner.com/shop/uncategorized/2020-dragon-ball-z-3d-bedding-set-son-goku-vegeta-duvet-cover-set-pillowcase-bed-set-comforter-bedclothes-queen-king-bed-linen/,"2020 DRAGON BALL Z 3D Bedding Set Son Goku Vegeta Duvet Cover Set Pillowcase Bed Set Comforter Bedclothes Queen King Bed Linen",2020/09/2020-DRAGON-BALL-Z-3D-Bedding-Set-Son-Goku-Vegeta-Duvet-Cover-Set-Pillowcase-Bed-Set-6.jpg
71459,http://linhcorner.com/shop/uncategorized/movie-suicide-squad-3d-harley-quinn-bedding-set-duvet-covers-pillowcases-x-task-force-joker-bedding-sets-bedclothes-bed-linen/,"Movie Suicide Squad 3d Harley Quinn Bedding Set Duvet Covers Pillowcases X Task Force Joker Bedding Sets Bedclothes Bed Linen",2020/09/Movie-Suicide-Squad-3d-Harley-Quinn-Bedding-Set-Duvet-Covers-Pillowcases-X-Task-Force-Joker-Bedding-6.jpg
72053,http://linhcorner.com/shop/uncategorized/summer-throw-quilts-fresh-pink-patchwork-quilt-stitching-small-balls-duvet-1pc-soft-bedspread-solid-bed-cover-pastoral-bed-linen/,"Summer throw Quilts fresh pink patchwork quilt stitching small balls duvet 1pc soft bedspread solid bed cover pastoral bed linen",2020/09/Summer-throw-Quilts-fresh-pink-patchwork-quilt-stitching-small-balls-duvet-1pc-soft-bedspread-solid-bed-6.jpg
72085,http://linhcorner.com/shop/uncategorized/50-new-bedding-flamingo-summer-quilt-blankets-cartoon-comforter-bed-cover-quilting-home-textiles-suitable-for-adults-kids/,"50 New Bedding Flamingo Summer Quilt Blankets Cartoon Comforter Bed Cover Quilting Home Textiles Suitable for Adults Kids",2020/09/50-New-Bedding-Flamingo-Summer-Quilt-Blankets-Cartoon-Comforter-Bed-Cover-Quilting-Home-Textiles-Suitable-for-6.jpg
72195,http://linhcorner.com/shop/uncategorized/mushroom-printing-duvet-cover-sets-king-bedding-sets-ru-usa-au-eu-size-child-quilt-cover-sheet-set-bedroom-bedding-bed-linen/,"Mushroom Printing Duvet Cover Sets King Bedding sets RU USA AU EU Size, Child Quilt cover Sheet Set Bedroom Bedding Bed Linen",2020/09/Mushroom-Printing-Duvet-Cover-Sets-King-Bedding-sets-RU-USA-AU-EU-Size-Child-Quilt-cover-6.jpg
72295,http://linhcorner.com/shop/uncategorized/crystal-pile-grinding-hair-embossing-quilted-warm-single-double-sided-amphibious-bed-cover-four-seasons-general/,"Crystal pile + grinding hair embossing quilted warm single double-sided amphibious bed cover four seasons general",2020/09/Crystal-pile-grinding-hair-embossing-quilted-warm-single-double-sided-amphibious-bed-cover-four-seasons-general-6.jpg
72532,http://linhcorner.com/shop/uncategorized/60black-and-white-color-stripe-bed-cover-sets-twin-full-queen-king-super-king-size-quilt-cover-bed-sheet-pillowcase-bedding-set/,"60Black and White Color Stripe Bed Cover Sets Twin/Full/Queen/King/Super King size Quilt Cover Bed Sheet Pillowcase Bedding Set",2020/09/60Black-and-White-Color-Stripe-Bed-Cover-Sets-Twin-Full-Queen-King-Super-King-size-Quilt-5.jpg
72533,http://linhcorner.com/shop/uncategorized/wostar-3d-print-animal-wolf-kisses-bedding-set-king-size-home-textiles-summer-quilt-cover-pillowcase-luxury-bedding-bed-linen/,"WOSTAR 3d print animal wolf kisses bedding set king size home textiles summer quilt cover pillowcase luxury bedding bed linen",2020/09/WOSTAR-3d-print-animal-wolf-kisses-bedding-set-king-size-home-textiles-summer-quilt-cover-pillowcase-6.jpg
72564,http://linhcorner.com/shop/uncategorized/halloween-funny-skeleton-skull-quilt-duvet-cover-room-decor-bedding-set-bedspread-3pcs-large-size-bed-sets-home-textile/,"Halloween Funny Skeleton Skull Quilt Duvet Cover Room Decor Bedding Set Bedspread 3pcs Large Size Bed Sets Home Textile",2020/09/Halloween-Funny-Skeleton-Skull-Quilt-Duvet-Cover-Room-Decor-Bedding-Set-Bedspread-3pcs-Large-Size-Bed-2.jpg
72582,http://linhcorner.com/shop/uncategorized/brushed-bedding-set-duvet-cover-fitted-sheet-pillowcases-mattress-protector-twin-queen-pink-blue-grey-bed-cover-for-women-girls/,"Brushed Bedding Set Duvet Cover Fitted Sheet Pillowcases Mattress Protector Twin Queen Pink Blue Grey Bed Cover for Women Girls",2020/09/Brushed-Bedding-Set-Duvet-Cover-Fitted-Sheet-Pillowcases-Mattress-Protector-Twin-Queen-Pink-Blue-Grey-Bed-6.jpg
72838,http://linhcorner.com/shop/uncategorized/1pcs-winter-warm-soft-double-side-plush-bed-blanket-flannel-thick-duvet-cover-comforter-quilt-blanket-case-full-queen-king-size/,"1pcs Winter Warm Soft Double Side Plush Bed Blanket Flannel Thick Duvet cover Comforter/Quilt/Blanket case Full Queen King Size",2020/09/1pcs-Winter-Warm-Soft-Double-Side-Plush-Bed-Blanket-Flannel-Thick-Duvet-cover-Comforter-Quilt-Blanket-6.jpg
72866,http://linhcorner.com/shop/uncategorized/designer-bedding-set-cotton-single-duvet-cover-set-of-bed-linen-adult-mattress-protector-printed-flat-bed-sheets-and-pillowcases/,"Designer Bedding Set Cotton Single Duvet Cover Set of Bed Linen Adult Mattress Protector Printed Flat Bed Sheets and Pillowcases",2020/09/Designer-Bedding-Set-Cotton-Single-Duvet-Cover-Set-of-Bed-Linen-Adult-Mattress-Protector-Printed-Flat-6.jpg
73022,http://linhcorner.com/shop/uncategorized/ab-side-bedding-set-pure-cotton-noctilucent-plaid-striped-red-heart-patterns-bed-sheet-quilt-cover-pillowcase-3-4pcs/,"AB side bedding set Pure cotton Noctilucent plaid striped red heart Patterns Bed sheet quilt cover pillowcase 3/4pcs",2020/09/AB-side-bedding-set-Pure-cotton-Noctilucent-plaid-striped-red-heart-Patterns-Bed-sheet-quilt-cover-6.jpg
73388,http://linhcorner.com/shop/uncategorized/55-free-shipping-new-fish-summer-quilt-blankets-cartoon-comforter-bed-cover-quilting-for-adults-kids-home-textile29/,"55 Free shipping  New Fish  Summer Quilt Blankets Cartoon Comforter Bed Cover Quilting for Adults Kids Home Textile29",2020/09/55-Free-shipping-New-Fish-Summer-Quilt-Blankets-Cartoon-Comforter-Bed-Cover-Quilting-for-Adults-Kids-4.jpg
73411,http://linhcorner.com/shop/uncategorized/satin-silk-bedding-set-luxury-queen-king-size-bed-set-quilt-duvet-cover-linens-and-pillowcase-for-single-double-bedclothes/,"Satin Silk Bedding Set Luxury Queen King Size Bed Set Quilt Duvet Cover Linens And Pillowcase For Single Double Bedclothes",2020/09/Satin-Silk-Bedding-Set-Luxury-Queen-King-Size-Bed-Set-Quilt-Duvet-Cover-Linens-And-Pillowcase-6.jpg
73453,http://linhcorner.com/shop/uncategorized/crystal-velvet-plus-printed-cotton-embroidered-bed-cover-both-sides-with-four-seasons-general/,"Crystal velvet plus printed cotton embroidered bed cover both sides with Four Seasons General",2020/09/Crystal-velvet-plus-printed-cotton-embroidered-bed-cover-both-sides-with-Four-Seasons-General-6.jpg
73618,http://linhcorner.com/shop/uncategorized/egyptian-cotton-white-comforter-bedding-sets-satin-strip-luxury-soft-home-textile-beddings-and-bed-sets-duvet-cover-pillowcases/,"Egyptian Cotton White Comforter Bedding Sets Satin Strip Luxury Soft Home Textile Beddings and Bed Sets Duvet Cover Pillowcases",2020/09/Egyptian-Cotton-White-Comforter-Bedding-Sets-Satin-Strip-Luxury-Soft-Home-Textile-Beddings-and-Bed-Sets-6.jpg
73649,http://linhcorner.com/shop/uncategorized/vescovo-mulberry-silk-quilts-warm-winter-duvet-insert-quilted-bed-comforter-king-queen-full-twin-size-kid-bed-patchwork-blanket/,"VESCOVO mulberry silk quilts warm winter duvet insert quilted bed comforter king queen full twin size kid bed patchwork blanket",2020/09/VESCOVO-mulberry-silk-quilts-warm-winter-duvet-insert-quilted-bed-comforter-king-queen-full-twin-size-4.jpg
73739,http://linhcorner.com/shop/uncategorized/lovinsunshine-comforter-bedding-sets-cover-duvet-queen-home-textile-love-pattern-4pcs-bed-quilt-ab42/,"LOVINSUNSHINE Comforter Bedding Sets Cover Duvet Queen Home Textile Love Pattern 4pcs Bed Quilt AB#42",2020/09/LOVINSUNSHINE-Comforter-Bedding-Sets-Cover-Duvet-Queen-Home-Textile-Love-Pattern-4pcs-Bed-Quilt-AB-42-6.jpg
73770,http://linhcorner.com/shop/uncategorized/justchic-4pcs-set-winter-flannel-berber-fleece-duvet-cover-bed-sheets-pillowcase-kit-bedding-set-quilt-cover-ab-version-double/,"JUSTCHIC 4pcs/set Winter Flannel Berber Fleece Duvet Cover Bed Sheets Pillowcase Kit Bedding Set Quilt Cover AB Version Double",2020/09/JUSTCHIC-4pcs-set-Winter-Flannel-Berber-Fleece-Duvet-Cover-Bed-Sheets-Pillowcase-Kit-Bedding-Set-Quilt-6.jpg
73900,http://linhcorner.com/shop/uncategorized/simple-printing-bedding-cotton-polyester-bedspread-pillowcase-quilt-coverlet-bed-covers-blanket-quilting-double-single-size-l/,"Simple Printing Bedding Cotton Polyester Bedspread Pillowcase Quilt Coverlet Bed Covers Blanket Quilting Double/Single Size #/L",2020/09/Simple-Printing-Bedding-Cotton-Polyester-Bedspread-Pillowcase-Quilt-Coverlet-Bed-Covers-Blanket-Quilting-Double-Single-Size-6.jpg
74200,http://linhcorner.com/shop/uncategorized/bed-linen-bedding-set-black-cow-curve-duvet-cover-flat-sheet-pillowcase-quilt-cover-full-queen-king-size-3-4pcs-bedclothes/,"Bed linen Bedding Set Black Cow Curve Duvet Cover Flat Sheet Pillowcase Quilt Cover Full Queen King Size 3/4pcs Bedclothes",2020/09/Bed-linen-Bedding-Set-Black-Cow-Curve-Duvet-Cover-Flat-Sheet-Pillowcase-Quilt-Cover-Full-Queen-6.jpg
74224,http://linhcorner.com/shop/uncategorized/2020-hot-bohemian-style-comforter-bedding-set-printing-bed-set-duvet-cover-sets-queen-king-quilt-cover-pillow-cases-home-textile/,"2020 Hot Bohemian style comforter bedding set printing bed set duvet cover sets Queen King Quilt Cover Pillow cases Home Textile",2020/09/2020-Hot-Bohemian-style-comforter-bedding-set-printing-bed-set-duvet-cover-sets-Queen-King-Quilt-5.jpg
74350,http://linhcorner.com/shop/uncategorized/softbatfy-3d-printed-quilt-blanket-for-bed-soft-dropshipping/,"SOFTBATFY  3D Printed Quilt Blanket for Bed Soft Dropshipping",2020/09/SOFTBATFY-3D-Printed-Quilt-Blanket-for-Bed-Soft-Dropshipping-6.jpg
74380,http://linhcorner.com/shop/uncategorized/nordic-solid-color-bedding-set-bedcloths-pillowcases-gray-bed-linens-set-adults-soft-bed-duvet-cover-set-us-twin-queen-king/,"Nordic Solid Color Bedding Set Bedcloths Pillowcases Gray Bed Linens Set Adults Soft Bed Duvet Cover Set US Twin Queen King",2020/09/Nordic-Solid-Color-Bedding-Set-Bedcloths-Pillowcases-Gray-Bed-Linens-Set-Adults-Soft-Bed-Duvet-Cover-6.jpg
74687,http://linhcorner.com/shop/uncategorized/summer-washed-cotton-air-conditioning-quilt-soft-breathable-blanket-thin-stripe-plaid-comforter-bed-cover/,"Summer Washed Cotton Air-conditioning Quilt Soft Breathable Blanket Thin Stripe Plaid Comforter Bed Cover",2020/09/Summer-Washed-Cotton-Air-conditioning-Quilt-Soft-Breathable-Blanket-Thin-Stripe-Plaid-Comforter-Bed-Cover-6.jpg
74709,http://linhcorner.com/shop/uncategorized/3d-luxury-bedding-set-custom-king-europe-usaduvet-cover-setquilt-blanket-cover-setbed-set-animal-black-cat-eyesdrop-ship/,"3D luxury Bedding Set Custom/King/Europe/USA,Duvet Cover Set,Quilt/Blanket Cover Set,Bed set Animal Black cat eyes,drop ship",2020/09/3D-luxury-Bedding-Set-Custom-King-Europe-USA-Duvet-Cover-Set-Quilt-Blanket-Cover-Set-Bed-6.jpg
75186,http://linhcorner.com/shop/uncategorized/bedding-sets-dark-purple-simple-color-lake-blue-striped-bed-sheet-duver-quilt-cover-pillowcase-soft-king-queen-full-twin/,"Bedding sets Dark purple Simple color Lake Blue striped bed sheet duver quilt cover pillowcase soft King Queen Full Twin",2020/09/Bedding-sets-Dark-purple-Simple-color-Lake-Blue-striped-bed-sheet-duver-quilt-cover-pillowcase-soft-4.jpg
75375,http://linhcorner.com/shop/uncategorized/pink-disney-princess-bedding-set-for-kids-bedroom-decor-twin-quilt-duvet-cover-set-single-bed-sheet-girls-home-children-2-4-pcs/,"Pink Disney Princess Bedding Set for Kids Bedroom Decor Twin Quilt Duvet Cover Set Single Bed Sheet Girls Home Children 2-4 pcs",2020/09/Pink-Disney-Princess-Bedding-Set-for-Kids-Bedroom-Decor-Twin-Quilt-Duvet-Cover-Set-Single-Bed-6.jpg
75496,http://linhcorner.com/shop/uncategorized/chausub-bedspreads-for-bed-quilt-set-3pcs-cotton-quilts-handmade-patchwork-coverlet-quilted-bed-cover-king-queen-summer-blanket/,"CHAUSUB Bedspreads For Bed Quilt Set 3pcs Cotton Quilts Handmade Patchwork Coverlet Quilted Bed Cover King Queen Summer Blanket",2020/09/CHAUSUB-Bedspreads-For-Bed-Quilt-Set-3pcs-Cotton-Quilts-Handmade-Patchwork-Coverlet-Quilted-Bed-Cover-King-6.jpg
75583,http://linhcorner.com/shop/uncategorized/japan-summer-quilt-blanket-for-bed-grey-thin-solid-color-comforter-quilted-bedspread-for-double-king-bed-cover-bedding/,"Japan Summer Quilt Blanket For Bed Grey Thin Solid Color Comforter Quilted Bedspread For Double King Bed Cover Bedding",2020/09/Japan-Summer-Quilt-Blanket-For-Bed-Grey-Thin-Solid-Color-Comforter-Quilted-Bedspread-For-Double-King-1.jpeg
75618,http://linhcorner.com/shop/uncategorized/minnie-mouse-bedding-set-cover-pillowcase-quilt-mickey-mouse-cartoon-children-bedclothes-bed-set-disney-home-textile/,"Minnie mouse Bedding Set Cover pillowcase quilt mickey mouse cartoon Children bedclothes  bed set Disney  Home textile",2020/09/Minnie-mouse-Bedding-Set-Cover-pillowcase-quilt-mickey-mouse-cartoon-Children-bedclothes-bed-set-Disney-Home-6.jpg
75628,http://linhcorner.com/shop/uncategorized/claroom-pink-strawberry-bed-linens-cute-bedding-set-girls-duvet-cover-sets-quilt-cover-bed-sheet-king-queen-size-ti51/,"claroom Pink Strawberry Bed Linens cute bedding set girls duvet cover sets Quilt cover Bed Sheet king queen size TI51#",2020/09/claroom-Pink-Strawberry-Bed-Linens-cute-bedding-set-girls-duvet-cover-sets-Quilt-cover-Bed-Sheet-6.jpg
75810,http://linhcorner.com/shop/uncategorized/christmas-bed-cover-kids-bed-decor-santa-claus-duvet-cover-quilt-cover-pillowcase-red-twin-full-queen-bed-linen-bedding-sets/,"Christmas Bed Cover Kids Bed Decor Santa Claus Duvet Cover Quilt Cover Pillowcase Red Twin Full Queen Bed Linen Bedding Sets",2020/09/Christmas-Bed-Cover-Kids-Bed-Decor-Santa-Claus-Duvet-Cover-Quilt-Cover-Pillowcase-Red-Twin-Full-6.jpg
76006,http://linhcorner.com/shop/uncategorized/denisroom-quilts-and-set-bedding-twins-queen-duvet-cover-double-bed-comforters-children-3d-animal-cat-dog-bed-set-xy84/,"Denisroom Quilts and Set Bedding Twins Queen Duvet Cover Double Bed Comforters Children 3D Animal Cat Dog Bed set  XY84#",2020/09/Denisroom-Quilts-and-Set-Bedding-Twins-Queen-Duvet-Cover-Double-Bed-Comforters-Children-3D-Animal-Cat-6.jpg
76009,http://linhcorner.com/shop/uncategorized/j-home-textiles-quilt-cover-1pcs-pillow-case-2pcs-winter-bedding-set-soft-warm-lamb-cashmere-duvet-cover-solid-fleece-bed-cover/,"J  Home Textiles Quilt Cover 1pcs Pillow Case 2pcs Winter bedding set soft warm lamb cashmere duvet cover solid fleece bed cover",2020/09/J-Home-Textiles-Quilt-Cover-1pcs-Pillow-Case-2pcs-Winter-bedding-set-soft-warm-lamb-cashmere-6.jpg
76065,http://linhcorner.com/shop/uncategorized/bonenjoy-duvet-cover-set-stars-printed-quilt-cover-and-pillow-sham-single-queen-king-comforter-cover-housse-de-couette-bed-cover/,"Bonenjoy Duvet Cover Set Stars Printed Quilt Cover and Pillow Sham Single/Queen/King Comforter Cover housse de couette Bed Cover",2020/09/Bonenjoy-Duvet-Cover-Set-Stars-Printed-Quilt-Cover-and-Pillow-Sham-Single-Queen-King-Comforter-Cover-6.jpg
76099,http://linhcorner.com/shop/uncategorized/macaron-solid-color-bedspread-soft-summer-comforter-quilts-washable-bed-quilt-air-conditioned-quilt-duvet-adults-summer-quilt/,"Macaron Solid Color Bedspread Soft Summer Comforter Quilts Washable Bed Quilt Air Conditioned Quilt Duvet Adults Summer Quilt",2020/09/Macaron-Solid-Color-Bedspread-Soft-Summer-Comforter-Quilts-Washable-Bed-Quilt-Air-Conditioned-Quilt-Duvet-Adults-6.jpg
76661,http://linhcorner.com/shop/uncategorized/bonenjoy-yellow-king-bed-quilt-cover-queen-size-bedding-covers-cartoon-kids-bed-linen-single-for-children-double-bedding-sets/,"Bonenjoy Yellow King Bed Quilt Cover Queen Size Bedding Covers Cartoon Kids Bed Linen Single For Children Double Bedding Sets",2020/09/Bonenjoy-Yellow-King-Bed-Quilt-Cover-Queen-Size-Bedding-Covers-Cartoon-Kids-Bed-Linen-Single-For-6.jpg
76725,http://linhcorner.com/shop/uncategorized/disney-cartoon-toy-story-bedding-set-king-size-quilt-duvet-cover-for-kids-bedroom-decora-boy-bed-cover-comforter-bedding-sets/,"Disney Cartoon Toy Story Bedding Set King Size Quilt Duvet Cover for Kids Bedroom Decora Boy Bed Cover  Comforter Bedding Sets",2020/09/Disney-Cartoon-Toy-Story-Bedding-Set-King-Size-Quilt-Duvet-Cover-for-Kids-Bedroom-Decora-Boy-6.jpg
76768,http://linhcorner.com/shop/uncategorized/quilt-winter-autumn-warm-bed-cover-for-double-bed-soft-blanket-solid-color-bedspread-for-children-adults-king-full-twin-size/,"Quilt Winter Autumn Warm Bed Cover for Double Bed Soft Blanket Solid Color Bedspread for Children Adults King Full Twin Size",2020/09/Quilt-Winter-Autumn-Warm-Bed-Cover-for-Double-Bed-Soft-Blanket-Solid-Color-Bedspread-for-Children-6.jpg
76782,http://linhcorner.com/shop/uncategorized/baby-blanket-knitted-newborn-swaddle-wrap-blankets-super-soft-toddler-infant-bedding-quilt-for-bed-sofa-basket-stroller-blankets/,"Baby Blanket Knitted Newborn Swaddle Wrap Blankets Super Soft Toddler Infant Bedding Quilt For Bed Sofa Basket Stroller Blankets",2020/09/Baby-Blanket-Knitted-Newborn-Swaddle-Wrap-Blankets-Super-Soft-Toddler-Infant-Bedding-Quilt-For-Bed-Sofa-6.jpg
77077,http://linhcorner.com/shop/uncategorized/air-condition-thin-stripe-summer-cool-quilt-single-double-breathable-sofa-office-bed-travel-quilts-throw-blanket/,"Air Condition Thin Stripe Summer Cool Quilt Single Double Breathable Sofa Office Bed Travel Quilts Throw Blanket",2020/09/Air-Condition-Thin-Stripe-Summer-Cool-Quilt-Single-Double-Breathable-Sofa-Office-Bed-Travel-Quilts-Throw-6.jpg
77220,http://linhcorner.com/shop/uncategorized/luxury-jacquard-bedding-set-king-size-duvet-cover-bed-linen-queen-comforter-bed-gold-quilt-cover-high-quality-for-adults/,"Luxury Jacquard Bedding Set King Size Duvet Cover Bed Linen Queen Comforter Bed Gold Quilt Cover High Quality For Adults",2020/09/Luxury-Jacquard-Bedding-Set-King-Size-Duvet-Cover-Bed-Linen-Queen-Comforter-Bed-Gold-Quilt-Cover.jpg
77353,http://linhcorner.com/shop/uncategorized/zeimon-cartoon-mermaid-bedding-set-100-polyester-adult-kids-girl-duvet-cover-quilt-cover-pillowcase-students-bed-linen-set/,"ZEIMON Cartoon Mermaid Bedding Set 100% Polyester Adult/kids Girl Duvet Cover Quilt Cover Pillowcase Students Bed Linen Set",2020/09/ZEIMON-Cartoon-Mermaid-Bedding-Set-100-Polyester-Adult-kids-Girl-Duvet-Cover-Quilt-Cover-Pillowcase-Students-6.jpg
77403,http://linhcorner.com/shop/uncategorized/6-pcs-set-quilt-blankets-fastener-clip-quilt-holder-bed-sheet-holders-non-slip-duvet-cover-clamp-safe-coverlet-holder-device/,"6 Pcs/Set Quilt Blankets Fastener Clip Quilt Holder Bed Sheet Holders Non-Slip Duvet Cover Clamp Safe Coverlet Holder Device",2020/09/6-Pcs-Set-Quilt-Blankets-Fastener-Clip-Quilt-Holder-Bed-Sheet-Holders-Non-Slip-Duvet-Cover.jpg
77706,http://linhcorner.com/shop/uncategorized/2-3pcs-home-duvet-cover-queen-bedding-set-3d-solid-color-quilt-covers-winter-simple-comfortable-bed-line-set-with-pillowcase/,"2/3Pcs Home Duvet Cover Queen Bedding Set 3d Solid Color Quilt Covers Winter Simple Comfortable Bed Line Set With Pillowcase",2020/09/2-3Pcs-Home-Duvet-Cover-Queen-Bedding-Set-3d-Solid-Color-Quilt-Covers-Winter-Simple-Comfortable-6.jpg
77886,http://linhcorner.com/shop/uncategorized/carved-velvet-quilts-bedding-soft-fur-comforters-throw-on-sofa-bed-plane-travel-blanket-printed-bedspread-cotton-duvet-cover/,"Carved velvet Quilts Bedding Soft Fur Comforters Throw on Sofa/Bed/Plane Travel Blanket Printed Bedspread Cotton Duvet Cover",2020/09/Carved-velvet-Quilts-Bedding-Soft-Fur-Comforters-Throw-on-Sofa-Bed-Plane-Travel-Blanket-Printed-Bedspread.jpg
77959,http://linhcorner.com/shop/uncategorized/lofuka-women-100-mulberry-silk-quilt-healthy-beauty-handwork-silk-comforters-duvet-silk-filled-double-queen-king-quilt-1pcs/,"Lofuka Women 100% Mulberry  Silk Quilt Healthy Beauty Handwork Silk Comforters Duvet Silk Filled Double Queen King Quilt 1PCS",2020/09/Lofuka-Women-100-Mulberry-Silk-Quilt-Healthy-Beauty-Handwork-Silk-Comforters-Duvet-Silk-Filled-Double-Queen.jpg
78025,http://linhcorner.com/shop/uncategorized/3d-rose-flowers-printing-bedding-set-2-3-4pcs-quilt-duvet-cover-pillowcases-bed-linen-bedroom-decorations-bedclothes/,"3D Rose Flowers Printing Bedding Set 2/3/4pcs Quilt Duvet Cover Pillowcases Bed Linen Bedroom Decorations Bedclothes",2020/09/3D-Rose-Flowers-Printing-Bedding-Set-2-3-4pcs-Quilt-Duvet-Cover-Pillowcases-Bed-Linen-Bedroom.jpg
78092,http://linhcorner.com/shop/uncategorized/31-summer-quilt-solid-bedspread-blanket-comforter-bed-cover-quilting-home-suitable-thin-coverlet-bed-sheet-duvet-cover-bk05/,"31 Summer Quilt Solid Bedspread Blanket Comforter Bed Cover Quilting Home Suitable Thin Coverlet Bed Sheet Duvet Cover BK05",2020/09/31-Summer-Quilt-Solid-Bedspread-Blanket-Comforter-Bed-Cover-Quilting-Home-Suitable-Thin-Coverlet-Bed-Sheet-6.jpg
78285,http://linhcorner.com/shop/uncategorized/2-3-pcs-gamer-duvet-cover-set-cartoon-bedding-kids-boys-girls-bed-set-game-quilt-cover-comforter-cover-gamer-bedding-set/,"2/3 Pcs Gamer Duvet Cover Set Cartoon Bedding Kids Boys Girls Bed Set Game Quilt Cover Comforter Cover Gamer Bedding Set",2020/09/2-3-Pcs-Gamer-Duvet-Cover-Set-Cartoon-Bedding-Kids-Boys-Girls-Bed-Set-Game-Quilt.jpg
78342,http://linhcorner.com/shop/uncategorized/new-solid-pink-white-bedspread-summer-quilt-blanket-comforter-bed-cover-quilting-home-textiles-suitable-for-children-adult-29/,"New Solid pink white Bedspread  Summer Quilt Blanket Comforter Bed Cover Quilting Home Textiles Suitable for Children adult 29",2020/09/New-Solid-pink-white-Bedspread-Summer-Quilt-Blanket-Comforter-Bed-Cover-Quilting-Home-Textiles-Suitable-for.jpg
78405,http://linhcorner.com/shop/uncategorized/3pcs-luxury-bedding-set-twin-queen-king-size-bedding-sets-king-double-size-satin-silk-summer-used-single-bed-linen-bedding-kit/,"3pcs Luxury Bedding set Twin Queen King Size Bedding Sets King Double Size Satin Silk Summer Used Single Bed Linen Bedding Kit",2020/09/3pcs-Luxury-Bedding-set-Twin-Queen-King-Size-Bedding-Sets-King-Double-Size-Satin-Silk-Summer-6.jpg
78415,http://linhcorner.com/shop/uncategorized/simple-luxury-king-size-bedding-set-floral-printed-duvet-cover-sets-bed-linen-quilt-covers-single-queen-bedclothesno-bed-sheet/,"Simple Luxury King Size Bedding Set Floral Printed Duvet Cover Sets Bed Linen Quilt Covers Single Queen BedClothes(No Bed Sheet)",2020/09/Simple-Luxury-King-Size-Bedding-Set-Floral-Printed-Duvet-Cover-Sets-Bed-Linen-Quilt-Covers-Single.jpg
78521,http://linhcorner.com/shop/uncategorized/mulberry-silk-comforter-100-real-silk-summer-quilt-single-double-bed-adult-twin-full-queen-king-size-jacquard-blanket-comforter/,"Mulberry Silk Comforter 100% Real Silk Summer Quilt Single Double Bed Adult Twin Full Queen King Size Jacquard Blanket Comforter",2020/09/Mulberry-Silk-Comforter-100-Real-Silk-Summer-Quilt-Single-Double-Bed-Adult-Twin-Full-Queen-King.jpg
78931,http://linhcorner.com/shop/uncategorized/bedding-set-one-piece-japan-cartoon-anime-luffy-chopper-duvet-cover-for-kids-bed-cover-3d-quilt-children-home-textiles-3pcs/,"Bedding Set ONE PIECE Japan Cartoon Anime Luffy Chopper Duvet Cover for kids Bed Cover 3d Quilt children Home Textiles 3PCS",2020/09/Bedding-Set-ONE-PIECE-Japan-Cartoon-Anime-Luffy-Chopper-Duvet-Cover-for-kids-Bed-Cover-3d.jpg
78937,http://linhcorner.com/shop/uncategorized/simple-luxury-king-size-bedding-sets-floral-jacquard-printed-bed-linen-duvet-cover-set-quilt-covers-bedclothes-no-bed-sheet/,"Simple Luxury King Size Bedding Sets Floral Jacquard Printed Bed Linen Duvet Cover Set Quilt Covers Bedclothes (No Bed Sheet)",2020/09/Simple-Luxury-King-Size-Bedding-Sets-Floral-Jacquard-Printed-Bed-Linen-Duvet-Cover-Set-Quilt-Covers.jpg
78940,http://linhcorner.com/shop/uncategorized/marble-pattern-bedding-set-duvet-cover-set-2-3pcs-bed-set-twin-double-queen-quilt-cover-bed-linen-no-sheet-no-filling/,"Marble Pattern Bedding Set Duvet Cover Set 2/3pcs Bed Set Twin Double Queen Quilt Cover Bed linen (No Sheet No Filling)",2020/09/Marble-Pattern-Bedding-Set-Duvet-Cover-Set-2-3pcs-Bed-Set-Twin-Double-Queen-Quilt-Cover.jpg
78941,http://linhcorner.com/shop/uncategorized/2020-newest-bedding-summer-quilt-blankets-cartoon-comforter-bed-cover-quilting-home-textiles-suitable-for-adults-kids/,"2020 Newest Bedding Summer Quilt Blankets Cartoon Comforter Bed Cover Quilting Home Textiles Suitable for Adults Kids",2020/09/2020-Newest-Bedding-Summer-Quilt-Blankets-Cartoon-Comforter-Bed-Cover-Quilting-Home-Textiles-Suitable-for-Adults.jpg
78944,http://linhcorner.com/shop/uncategorized/custom-warm-all-season-quilt-for-kids-adult-bed-cartoon-unicorn-rainbow-quilt-dropshipping-cartoon-animal-air-conditioner-quilt/,"Custom Warm All Season Quilt For Kids Adult Bed Cartoon Unicorn Rainbow Quilt Dropshipping Cartoon Animal Air Conditioner Quilt",2020/09/Custom-Warm-All-Season-Quilt-For-Kids-Adult-Bed-Cartoon-Unicorn-Rainbow-Quilt-Dropshipping-Cartoon-Animal.jpg
78966,http://linhcorner.com/shop/uncategorized/flower-lattice-quilted-quilt-throw-blankets-birthday-christmas-thanksgiving-gifts-bedding-cover-tapestry-wall/,"Flower lattice Quilted quilt Throw Blankets Birthday Christmas thanksgiving Gifts bedding cover Tapestry Wall",2020/09/Flower-lattice-Quilted-quilt-Throw-Blankets-Birthday-Christmas-thanksgiving-Gifts-bedding-cover-Tapestry-Wall.jpg
79055,http://linhcorner.com/shop/uncategorized/simple-bedding-sets-3d-flamingo-duvet-quilt-cover-set-comforter-bed-linen-pillowcase-king-queen-full-double-155x215cm-size/,"Simple Bedding Sets 3D Flamingo Duvet Quilt Cover Set Comforter Bed Linen Pillowcase King Queen Full Double 155x215cm Size",2020/09/Simple-Bedding-Sets-3D-Flamingo-Duvet-Quilt-Cover-Set-Comforter-Bed-Linen-Pillowcase-King-Queen-Full.jpg
79164,http://linhcorner.com/shop/uncategorized/new-my-hero-academia-3d-bedding-set-bakugou-katsuki-todoroki-shouto-duvet-cover-pillowcase-children-anime-bed-linen-bedclothes/,"New My Hero Academia 3d Bedding Set Bakugou Katsuki Todoroki Shouto Duvet Cover Pillowcase Children Anime Bed Linen Bedclothes",2020/09/New-My-Hero-Academia-3d-Bedding-Set-Bakugou-Katsuki-Todoroki-Shouto-Duvet-Cover-Pillowcase-Children-Anime.jpg
79206,http://linhcorner.com/shop/uncategorized/bedding-sets-simple-color-green-bed-sheet-duver-quilt-cover-pillowcase-soft-and-comfortable-king-queen-full-twin/,"Bedding Sets Simple Color Green  Bed Sheet Duver Quilt Cover Pillowcase Soft and Comfortable King Queen Full Twin",2020/09/Bedding-Sets-Simple-Color-Green-Bed-Sheet-Duver-Quilt-Cover-Pillowcase-Soft-and-Comfortable-King-Queen.jpg
79218,http://linhcorner.com/shop/uncategorized/new-owl-fish-flamingo-summer-quilt-blankets-cartoon-comforter-bed-cover-quilting-for-adults-kids-home-textile-free-shipping/,"New Owl Fish Flamingo Summer Quilt Blankets Cartoon Comforter Bed Cover Quilting for Adults Kids Home Textile Free shipping",2020/09/New-Owl-Fish-Flamingo-Summer-Quilt-Blankets-Cartoon-Comforter-Bed-Cover-Quilting-for-Adults-Kids-Home.jpg
79406,http://linhcorner.com/shop/uncategorized/3d-bedding-sets-white-duvet-quilt-cover-set-comforter-bed-linen-pillowcase-king-queen-200220cm-size-pet-dog-golden-retriever/,"3D Bedding Sets White Duvet Quilt Cover Set Comforter Bed Linen Pillowcase King Queen 200*220cm Size Pet Dog Golden Retriever",2020/09/3D-Bedding-Sets-White-Duvet-Quilt-Cover-Set-Comforter-Bed-Linen-Pillowcase-King-Queen-200-220cm.jpg
79421,http://linhcorner.com/shop/uncategorized/american-style-patchwork-quilts-full-cotton-handmade-quilted-quilt-pillowcase-3pcs-sets-summer-air-condition-bed-cover-blanket/,"American Style Patchwork Quilts Full Cotton Handmade Quilted Quilt pillowcase 3pcs Sets  Summer Air Condition Bed Cover Blanket",2020/09/American-Style-Patchwork-Quilts-Full-Cotton-Handmade-Quilted-Quilt-pillowcase-3pcs-Sets-Summer-Air-Condition-Bed.jpg
79565,http://linhcorner.com/shop/uncategorized/comfortable-bedding-4pcs-plaid-duvet-cover-geometric-stripe-quilt-set-simple-nordic-style-bed-set-queen-size-bedding-set-luxury/,"Comfortable bedding 4pcs plaid duvet cover geometric stripe quilt set simple Nordic style bed set queen size bedding set luxury",2020/09/Comfortable-bedding-4pcs-plaid-duvet-cover-geometric-stripe-quilt-set-simple-Nordic-style-bed-set-queen.jpg
79658,http://linhcorner.com/shop/uncategorized/3d-duvet-cover-set-bedding-sets-double-king-blanket-quilt-cover-elk-bedclothes-bed-linings-dream-animal-eur-uk-size-2-3pcs-set/,"3D Duvet Cover Set Bedding Sets Double King Blanket Quilt Cover elk Bedclothes Bed Linings Dream Animal EUR UK Size 2-3pcs/set",2020/09/3D-Duvet-Cover-Set-Bedding-Sets-Double-King-Blanket-Quilt-Cover-elk-Bedclothes-Bed-Linings-Dream.jpg
79812,http://linhcorner.com/shop/uncategorized/oloey-geometric-plaid-bedding-set-duvet-cover-flower-sheet-bed-king-queen-size-bed-set-gray-cute-bedding-quilt-cover-simply/,"OLOEY geometric Plaid bedding Set Duvet Cover flower sheet bed king queen size bed set  gray cute bedding quilt cover simply",2020/09/OLOEY-geometric-Plaid-bedding-Set-Duvet-Cover-flower-sheet-bed-king-queen-size-bed-set-gray.jpg
79821,http://linhcorner.com/shop/uncategorized/luxury-quilted-padding-bed-skirt-sanding-soft-thicken-bedspread-1pc-lace-edge-bedspread-not-including-pillowcase/,"Luxury Quilted Padding Bed Skirt Sanding Soft Thicken Bedspread 1pc Lace Edge Bedspread Not Including Pillowcase",2020/09/Luxury-Quilted-Padding-Bed-Skirt-Sanding-Soft-Thicken-Bedspread-1pc-Lace-Edge-Bedspread-Not-Including-Pillowcase.jpg
79838,http://linhcorner.com/shop/uncategorized/50-bed-dust-cover-mattress-protective-case-fitted-sheet-cover-single-double-queen-size-bedclothes-protect-cover-pillowcase/,"50 Bed Dust Cover Mattress Protective Case Fitted Sheet Cover Single Double Queen Size Bedclothes Protect Cover Pillowcase",2020/09/50-Bed-Dust-Cover-Mattress-Protective-Case-Fitted-Sheet-Cover-Single-Double-Queen-Size-Bedclothes-Protect.jpg
79990,http://linhcorner.com/shop/uncategorized/home-textiles-solid-color-bed-linens-luxury-bedding-sets-simple-bedclothes-family-duvet-cover-set-quilt-cover-queen-king-size/,"Home Textiles Solid color bed linens luxury Bedding Sets Simple bedclothes family Duvet Cover set Quilt cover Queen king size",2020/09/Home-Textiles-Solid-color-bed-linens-luxury-Bedding-Sets-Simple-bedclothes-family-Duvet-Cover-set-Quilt.jpg
80053,http://linhcorner.com/shop/uncategorized/sea-turtle-quilt-marine-life-high-end-lifelike-cartoon-kids-school-adults-bed-summer-quilt-fashion-dropshipping/,"Sea Turtle Quilt Marine Life High End Lifelike Cartoon Kids School Adults Bed Summer Quilt Fashion Dropshipping",2020/09/Sea-Turtle-Quilt-Marine-Life-High-End-Lifelike-Cartoon-Kids-School-Adults-Bed-Summer-Quilt-Fashion-6.jpg
80213,http://linhcorner.com/shop/uncategorized/bed-head-board-cover-thicken-elastic-all-inclusive-bed-head-back-protection-dust-cover-headboard-cover-plain-soft-solid-color/,"Bed Head Board Cover Thicken Elastic All-inclusive Bed Head Back Protection Dust Cover Headboard Cover Plain Soft Solid Color",2020/09/Bed-Head-Board-Cover-Thicken-Elastic-All-inclusive-Bed-Head-Back-Protection-Dust-Cover-Headboard-Cover.jpg
80280,http://linhcorner.com/shop/uncategorized/lovely-christmas-snowflake-gift-printed-bed-quilt-cover-pillow-case-bedding-set-checkerboard-blanket/,"Lovely Christmas Snowflake Gift Printed Bed Quilt Cover Pillow Case Bedding Set Checkerboard blanket",2020/09/Lovely-Christmas-Snowflake-Gift-Printed-Bed-Quilt-Cover-Pillow-Case-Bedding-Set-Checkerboard-blanket.jpg
80293,http://linhcorner.com/shop/uncategorized/3-4pcs-pink-color-heart-printed-bed-linen-set-single-double-queen-king-size-bedding-set-couple-bed-set-quilt-cover-bed-sheets/,"3/4pcs Pink Color Heart Printed Bed Linen Set Single Double Queen King Size Bedding Set Couple Bed Set Quilt Cover Bed Sheets",2020/09/3-4pcs-Pink-Color-Heart-Printed-Bed-Linen-Set-Single-Double-Queen-King-Size-Bedding-Set.jpg
80353,http://linhcorner.com/shop/uncategorized/3d-luxury-bedding-set-custom-king-europe-usaduvet-cover-setquilt-blanket-cover-setbed-set-animal-pet-lazy-catdrop-ship/,"3D luxury Bedding Set Custom/King/Europe/USA,Duvet Cover Set,Quilt/Blanket Cover Set,Bed set Animal pet Lazy cat,drop ship",2020/09/3D-luxury-Bedding-Set-Custom-King-Europe-USA-Duvet-Cover-Set-Quilt-Blanket-Cover-Set-Bed-12.jpg
80400,http://linhcorner.com/shop/uncategorized/luxury-3d-dragon-ball-z-duvet-cover-set-children-cartoon-son-goku-son-gohan-character-bedding-set-europe-usa-australia-bed-linen/,"Luxury 3d Dragon Ball Z Duvet Cover Set Children Cartoon Son Goku Son Gohan Character Bedding Set Europe Usa Australia Bed Linen",2020/09/Luxury-3d-Dragon-Ball-Z-Duvet-Cover-Set-Children-Cartoon-Son-Goku-Son-Gohan-Character-Bedding.jpg
80719,http://linhcorner.com/shop/uncategorized/drying-quilt-artifact-spiral-drying-rack-multifunctional-balcony-round-rotating-bed-sheet-quilt-storage-household-bay-window/,"Drying quilt artifact spiral drying rack multifunctional balcony round rotating bed sheet quilt storage household Bay window",2020/09/Drying-quilt-artifact-spiral-drying-rack-multifunctional-balcony-round-rotating-bed-sheet-quilt-storage-household-Bay.jpg
80759,http://linhcorner.com/shop/uncategorized/dream-ns-3d-animal-tiger-bedding-set-super-king-california-king-quilt-set-bedclothes-kussensloop-bed-room-home-textiles-pn001/,"Dream NS 3D Animal Tiger Bedding set Super King / California King Quilt Set Bedclothes kussensloop Bed room Home textiles PN001",2020/09/Dream-NS-3D-Animal-Tiger-Bedding-set-Super-King-California-King-Quilt-Set-Bedclothes-kussensloop-Bed.jpg
80789,http://linhcorner.com/shop/uncategorized/flowers-print-3d-bed-quilt-duvet-cover-set-2-3pc-bedding-set-duvet-coverpillowcase-queen-high-quality-luxury-soft-comefortable/,"Flowers Print 3D Bed Quilt Duvet Cover Set 2/3pc Bedding Set duvet Cover+pillowcase Queen High quality luxury soft comefortable",2020/09/Flowers-Print-3D-Bed-Quilt-Duvet-Cover-Set-2-3pc-Bedding-Set-duvet-Cover-pillowcase-Queen.jpg
80868,http://linhcorner.com/shop/uncategorized/meteor-shower-usa-twin-queen-king-uk-double-bed-cover-sets-microfiber-bedding-set-blue-and-white-star-quilt-cover-set/,"Meteor Shower USA Twin Queen King UK double bed cover sets microfiber bedding set blue and white star quilt cover set",2020/09/Meteor-Shower-USA-Twin-Queen-King-UK-double-bed-cover-sets-microfiber-bedding-set-blue-and.jpg
81160,http://linhcorner.com/shop/uncategorized/lofuka-women-100-cotton-pink-bedding-set-premium-long-staple-cotton-queen-king-quilt-cover-set-bed-sheet-pillowcase-for-bed/,"Lofuka Women 100% Cotton Pink Bedding Set Premium Long-staple Cotton Queen King Quilt Cover Set Bed Sheet Pillowcase For Bed",2020/09/Lofuka-Women-100-Cotton-Pink-Bedding-Set-Premium-Long-staple-Cotton-Queen-King-Quilt-Cover-Set.jpg
81176,http://linhcorner.com/shop/uncategorized/hot-satin-silk-fitted-sheet-pillowcase-bed-mattress-protector-cover-white-black-grey-blue-purple-twin-queen-king-size-bedspread/,"HOT Satin silk Fitted Sheet Pillowcase Bed Mattress Protector Cover White Black Grey Blue Purple Twin Queen King size Bedspread",2020/09/HOT-Satin-silk-Fitted-Sheet-Pillowcase-Bed-Mattress-Protector-Cover-White-Black-Grey-Blue-Purple-Twin.jpg
81206,http://linhcorner.com/shop/uncategorized/home-textiles-quilt-cover-1pcs-pillow-case-2pcs-winter-bedding-sets-soft-warm-lamb-cashmere-duvet-cover-solid-fleece-bed-cover/,"Home Textiles Quilt Cover 1pcs Pillow Case 2pcs Winter bedding sets soft warm lamb cashmere duvet cover solid fleece bed cover",2020/09/Home-Textiles-Quilt-Cover-1pcs-Pillow-Case-2pcs-Winter-bedding-sets-soft-warm-lamb-cashmere-duvet.jpg
81212,http://linhcorner.com/shop/uncategorized/3d-bedding-sets-white-duvet-quilt-cover-set-comforter-bed-linen-pillowcase-king-queen-140210cm-size-dogs-pets-dog/,"3D Bedding Sets White Duvet Quilt Cover Set Comforter Bed Linen Pillowcase King Queen 140*210cm Size Dogs Pets Dog",2020/09/3D-Bedding-Sets-White-Duvet-Quilt-Cover-Set-Comforter-Bed-Linen-Pillowcase-King-Queen-140-210cm.jpg
81257,http://linhcorner.com/shop/uncategorized/christmas-bedclothes-bedding-set-with-pillowcase-bed-quilt-cover-santa-claus-pattern-pillow-cover-for-family-hotel-xmas-supplies/,"Christmas Bedclothes Bedding Set With Pillowcase Bed Quilt Cover Santa Claus Pattern Pillow Cover for Family Hotel Xmas Supplies",2020/09/Christmas-Bedclothes-Bedding-Set-With-Pillowcase-Bed-Quilt-Cover-Santa-Claus-Pattern-Pillow-Cover-for-Family.jpg
81428,http://linhcorner.com/shop/uncategorized/london-tower-bridge-lifelike-design-3d-comforter-sets-bed-linen-set-quilt-cover-beddind-duvet-cover-king-size/,"London Tower Bridge Lifelike Design 3d Comforter Sets Bed Linen Set Quilt Cover beddind Duvet Cover King Size",2020/09/London-Tower-Bridge-Lifelike-Design-3d-Comforter-Sets-Bed-Linen-Set-Quilt-Cover-beddind-Duvet-Cover.jpg
81585,http://linhcorner.com/shop/uncategorized/modern-elastic-all-inclusive-headboard-bed-head-cover-solid-color-bed-head-back-protection-dust-cover-plain-soft-home-decor/,"Modern Elastic All-inclusive Headboard Bed Head Cover Solid Color Bed Head Back Protection Dust Cover Plain Soft Home Decor",2020/09/Modern-Elastic-All-inclusive-Headboard-Bed-Head-Cover-Solid-Color-Bed-Head-Back-Protection-Dust-Cover.jpg
81620,http://linhcorner.com/shop/uncategorized/3-piece-bedding-set-penguin-cover-set-animal-duvet-cover-comfortable-bed-quilt-pillowcase-3d-printing-bedding-full-size-bed-set/,"3 Piece Bedding Set Penguin Cover Set Animal Duvet Cover Comfortable Bed Quilt Pillowcase 3D Printing Bedding Full Size Bed Set",2020/09/3-Piece-Bedding-Set-Penguin-Cover-Set-Animal-Duvet-Cover-Comfortable-Bed-Quilt-Pillowcase-3D-Printing.jpg
81796,http://linhcorner.com/shop/uncategorized/3d-bedding-sets-duvet-quilt-cover-set-comforter-bed-linens-king-queen-full-twin-double-size-modern-animal-horse-white-design/,"3D Bedding Sets Duvet Quilt Cover Set Comforter Bed Linens King Queen Full Twin Double Size Modern Animal Horse White Design",2020/09/3D-Bedding-Sets-Duvet-Quilt-Cover-Set-Comforter-Bed-Linens-King-Queen-Full-Twin-Double-Size.jpg
81993,http://linhcorner.com/shop/uncategorized/printing-home-comforter-bedding-set-fresh-queen-king-size-bed-set-duvet-covers-bedclothes-1pcs-quilt-cover-2pcs-pillow-cases/,"printing Home comforter bedding set fresh Queen King Size bed set duvet covers Bedclothes 1pcs Quilt Cover +2pcs Pillow cases",2020/09/printing-Home-comforter-bedding-set-fresh-Queen-King-Size-bed-set-duvet-covers-Bedclothes-1pcs-Quilt.jpg
82135,http://linhcorner.com/shop/uncategorized/free-shipping-100cotton-3pcs-elegant-european-embroidered-quilted-bed-cover-patchwork-quilt-bedspread-full-queen-king-size/,"Free shipping 100%cotton 3pcs elegant European embroidered quilted bed cover patchwork quilt bedspread full queen king size",2020/09/Free-shipping-100-cotton-3pcs-elegant-European-embroidered-quilted-bed-cover-patchwork-quilt-bedspread-full-queen.jpg
82148,http://linhcorner.com/shop/uncategorized/disney-mickey-mouse-bedding-sets-queen-king-size-cartoon-duvet-cover-quilt-cover-pillowcase-bed-sheet-bed-linen-set/,"Disney Mickey Mouse Bedding Sets Queen King Size Cartoon Duvet Cover Quilt Cover Pillowcase Bed Sheet Bed Linen Set",2020/09/Disney-Mickey-Mouse-Bedding-Sets-Queen-King-Size-Cartoon-Duvet-Cover-Quilt-Cover-Pillowcase-Bed-Sheet.jpg
82229,http://linhcorner.com/shop/uncategorized/jddton-new-arrival-classical-double-sided-bed-linings-concise-style-bedding-set-quilt-cover-pillowcase-cover-bed-3pcs-set-be031/,"JDDTON New Arrival Classical Double sided Bed Linings Concise Style Bedding Set Quilt Cover Pillowcase Cover Bed 3pcs/set BE031",2020/09/JDDTON-New-Arrival-Classical-Double-sided-Bed-Linings-Concise-Style-Bedding-Set-Quilt-Cover-Pillowcase-Cover.jpg
82280,http://linhcorner.com/shop/uncategorized/3d-printed-merry-christmas-bedding-set-festival-gifts-kid-duvet-cover-single-queen-king-size-quilt-covers-elk-bed-linens-sets/,"3D Printed Merry Christmas Bedding Set Festival Gifts Kid Duvet Cover Single Queen King Size Quilt Covers Elk Bed Linens Sets",2020/09/3D-Printed-Merry-Christmas-Bedding-Set-Festival-Gifts-Kid-Duvet-Cover-Single-Queen-King-Size-Quilt.jpg
82406,http://linhcorner.com/shop/uncategorized/2020-black-bedding-set-pure-cotton-a-b-double-sided-pattern-simplicity-bed-sheet-quilt-cover-pillowcase-4pcs/,"2020 Black bedding set Pure cotton A/B double-sided pattern Simplicity Bed sheet, quilt cover pillowcase 4pcs",2020/09/2020-Black-bedding-set-Pure-cotton-A-B-double-sided-pattern-Simplicity-Bed-sheet-quilt-cover.jpg
82446,http://linhcorner.com/shop/uncategorized/3d-bedding-sets-sea-dolphin-blue-duvet-quilt-cover-set-comforter-bed-linen-pillowcase-king-queen-full-size-140x200-home-texitle/,"3D Bedding Sets Sea Dolphin Blue Duvet Quilt Cover Set Comforter Bed Linen Pillowcase King Queen Full Size 140x200 Home Texitle",2020/09/3D-Bedding-Sets-Sea-Dolphin-Blue-Duvet-Quilt-Cover-Set-Comforter-Bed-Linen-Pillowcase-King-Queen.jpg
82477,http://linhcorner.com/shop/uncategorized/washable-summer-air-condition-quilts-with-ball-breathable-lightweight-throw-blankets-for-bed-sofa-travel-camping/,"Washable Summer Air Condition Quilts with Ball Breathable Lightweight Throw blankets for Bed Sofa Travel Camping",2020/09/Washable-Summer-Air-Condition-Quilts-with-Ball-Breathable-Lightweight-Throw-blankets-for-Bed-Sofa-Travel-Camping.jpg
82505,http://linhcorner.com/shop/uncategorized/bonenjoy-white-color-bedding-set-king-size-flower-printed-quilt-cover-bed-linen-set-with-pillowcase-floral-double-bedding/,"Bonenjoy White Color Bedding Set King Size Flower Printed Quilt Cover Bed Linen Set with Pillowcase Floral Double Bedding",2020/09/Bonenjoy-White-Color-Bedding-Set-King-Size-Flower-Printed-Quilt-Cover-Bed-Linen-Set-with-Pillowcase.jpg
82517,http://linhcorner.com/shop/uncategorized/softbatfy-to-my-mom-quilt-blanket-for-bed-soft-dropshipping/,"SOFTBATFY  To My MOM Quilt Blanket for Bed Soft Dropshipping",2020/09/SOFTBATFY-To-My-MOM-Quilt-Blanket-for-Bed-Soft-Dropshipping.jpg
82790,http://linhcorner.com/shop/uncategorized/high-quality-printed-comforter-bedding-sets-couple-modern-bed-set-cotton-duvet-cover-pillowcase-marble-beding-set-beddingoutlet/,"High Quality Printed Comforter Bedding Sets Couple Modern Bed Set Cotton Duvet Cover Pillowcase Marble Beding Set Beddingoutlet",2020/09/High-Quality-Printed-Comforter-Bedding-Sets-Couple-Modern-Bed-Set-Cotton-Duvet-Cover-Pillowcase-Marble-Beding.jpg
82886,http://linhcorner.com/shop/uncategorized/thicken-bed-skirt-double-lace-bed-skirt-bedspread-polyester-bed-sheet-for-wedding-housewarming-gift-bed-cover-with-elastic-band/,"Thicken Bed Skirt Double Lace Bed Skirt Bedspread Polyester Bed Sheet for Wedding Housewarming Gift Bed Cover with Elastic Band",2020/09/Thicken-Bed-Skirt-Double-Lace-Bed-Skirt-Bedspread-Polyester-Bed-Sheet-for-Wedding-Housewarming-Gift-Bed.jpg
83016,http://linhcorner.com/shop/uncategorized/drying-quilt-artifact-spiral-drying-rack-multifunctional-balcony-round-rotating-bed-sheet-quilt-storage-household-bay-window-2/,"Drying quilt artifact spiral drying rack multifunctional balcony round rotating bed sheet quilt storage household Bay window",2020/09/Drying-quilt-artifact-spiral-drying-rack-multifunctional-balcony-round-rotating-bed-sheet-quilt-storage-household-Bay-6.jpg
83060,http://linhcorner.com/shop/uncategorized/japan-towel-quilt-summer-cotton-blanket-for-bed-5-layer-gauze-thin-comforter-floral-geometric-bedspread-bedding-bed-cover-queen/,"Japan Towel Quilt Summer Cotton Blanket for Bed 5 Layer Gauze Thin Comforter Floral Geometric Bedspread Bedding Bed Cover Queen",2020/09/Japan-Towel-Quilt-Summer-Cotton-Blanket-for-Bed-5-Layer-Gauze-Thin-Comforter-Floral-Geometric-Bedspread.jpg
83115,http://linhcorner.com/shop/uncategorized/solid-washing-cotton-summer-quilt-twin-full-queen-king-blankets-bed-cover-quilting-suitable-for-children-adults-gray-comforters/,"Solid Washing cotton Summer Quilt twin full queen king Blankets Bed Cover Quilting Suitable for Children Adults gray Comforters",2020/09/Solid-Washing-cotton-Summer-Quilt-twin-full-queen-king-Blankets-Bed-Cover-Quilting-Suitable-for-Children.jpg
83126,http://linhcorner.com/shop/uncategorized/home-textile-3d-basketball-club-bedding-set-quilt-duvet-cover-pillowcases-sport-bed-linens-twin-full-queen-king-size-2-3pcs/,"Home Textile 3D Basketball Club Bedding Set Quilt Duvet Cover Pillowcases Sport Bed Linens Twin Full Queen King Size 2-3PCS",2020/09/Home-Textile-3D-Basketball-Club-Bedding-Set-Quilt-Duvet-Cover-Pillowcases-Sport-Bed-Linens-Twin-Full.jpg
83227,http://linhcorner.com/shop/uncategorized/comforter-bedding-set-3pcs-bed-linen-set-queen-king-nordic-duvet-cover-set-quilt-cover-bedclothes-pillow-case-home-decor-textile/,"comforter bedding set 3pcs bed linen set Queen King nordic duvet cover set Quilt Cover Bedclothes Pillow case Home decor Textile",2020/09/comforter-bedding-set-3pcs-bed-linen-set-Queen-King-nordic-duvet-cover-set-Quilt-Cover-Bedclothes.jpg
83241,http://linhcorner.com/shop/uncategorized/students-silk-quilt-quilt-for-summer-and-winter-king-queen-twin-size-bedding-handmade-white-pink-gray-green-orange-pure-color/,"Students Silk quilt / quilt for summer and winter king queen twin size bedding handmade white/pink/gray/green/orange Pure color",2020/09/Students-Silk-quilt-quilt-for-summer-and-winter-king-queen-twin-size-bedding-handmade-white-pink.jpg
83368,http://linhcorner.com/shop/uncategorized/bed-linen-bag-the-single-double-bed-cover-piece-quilt-15-18-20-mt-bed-mattress-quilt-cover/,"Bed linen bag The single double bed cover piece quilt 1,5 /1,8 /2,0 mt bed mattress quilt cover",2020/09/Bed-linen-bag-The-single-double-bed-cover-piece-quilt-1-5-1-8-2-0.jpg
83477,http://linhcorner.com/shop/uncategorized/bohemia-2-3pcs-bedding-sets-geometric-duvet-cover-set-bed-linens-quilt-covers-single-double-queen-king-bedclothes-no-bed-sheet/,"Bohemia 2/3Pcs Bedding Sets Geometric Duvet Cover Set Bed Linens Quilt Covers Single Double Queen King BedClothes (No Bed Sheet)",2020/09/Bohemia-2-3Pcs-Bedding-Sets-Geometric-Duvet-Cover-Set-Bed-Linens-Quilt-Covers-Single-Double-Queen.jpg
83478,http://linhcorner.com/shop/uncategorized/disney-the-lion-king-bedding-set-home-textile-quilt-cover-and-pillowcase-comforter-bedding-sets-luxury-full-size-bed-set/,"Disney The Lion King Bedding Set Home Textile Quilt Cover and Pillowcase Comforter Bedding Sets Luxury Full Size Bed Set",2020/09/Disney-The-Lion-King-Bedding-Set-Home-Textile-Quilt-Cover-and-Pillowcase-Comforter-Bedding-Sets-Luxury.jpg
83797,http://linhcorner.com/shop/uncategorized/plant-floral-printed-quilts-summer-used-thin-air-conditioned-comforter-queen-size-colcha-duvets-single-bedspread-for-single-bed/,"Plant Floral Printed Quilts Summer Used Thin Air-conditioned Comforter Queen Size Colcha Duvets Single Bedspread for Single Bed",2020/09/Plant-Floral-Printed-Quilts-Summer-Used-Thin-Air-conditioned-Comforter-Queen-Size-Colcha-Duvets-Single-Bedspread.jpg
83842,http://linhcorner.com/shop/uncategorized/polar-fleece-fabric-all-inclusive-headboard-covers-pink-bedspread-soft-dust-back-protective-elastic-cloth-all-wrapped-headboard/,"Polar Fleece Fabric All-inclusive Headboard Covers Pink Bedspread Soft Dust Back Protective Elastic Cloth All Wrapped Headboard",2020/09/Polar-Fleece-Fabric-All-inclusive-Headboard-Covers-Pink-Bedspread-Soft-Dust-Back-Protective-Elastic-Cloth-All.jpg
