247785,https://linhcorner.com/shop/uncategorized/haircube-fast-hair-growth-essence-oil-anti-hair-loss-treatment-help-for-hair-growth-hair-care-products-for-men-women-hair-tonic/,"HAIRCUBE Fast Hair Growth Essence Oil Anti Hair Loss Treatment Help for hair Growth Hair Care Products for Men Women Hair Tonic",2020/09/HAIRCUBE-Fast-Hair-Growth-Essence-Oil-Anti-Hair-Loss-Treatment-Help-for-hair-Growth-Hair-Care.jpg
247786,https://linhcorner.com/shop/uncategorized/ginger-hair-growth-essence-7-days-germinal-hair-growth-serum-essence-oil-hair-loss-treatment-growth-hair-for-men-women/,"Ginger Hair Growth Essence 7 Days Germinal Hair Growth Serum Essence Oil Hair Loss Treatment Growth Hair for Men Women",2020/09/Ginger-Hair-Growth-Essence-7-Days-Germinal-Hair-Growth-Serum-Essence-Oil-Hair-Loss-Treatment-Growth.jpg
247788,https://linhcorner.com/shop/uncategorized/hair-regrowth-micro-needling-roller-anti-hair-loss-tool/,"Hair Regrowth Micro needling Roller Anti Hair Loss Tool",2020/09/Hair-Regrowth-Micro-needling-Roller-Anti-Hair-Loss-Tool.jpg
247790,https://linhcorner.com/shop/uncategorized/hair-growth-essence-oil-anti-hair-loss-treatment-spray-help-hair-growth-organic-nourishing-hair-root-hair-care-products/,"Hair Growth Essence Oil Anti Hair Loss Treatment Spray Help Hair Growth Organic Nourishing Hair Root Hair Care Products",2020/09/Hair-Growth-Essence-Oil-Anti-Hair-Loss-Treatment-Spray-Help-Hair-Growth-Organic-Nourishing-Hair-Root.jpg
247793,https://linhcorner.com/shop/uncategorized/fast-hair-growth-serum-spray-60ml-anti-hair-loss-treatment-dense-thicken-hair-nourish-hair-roots-hair-care-products-women/,"Fast Hair Growth Serum Spray 60ml Anti Hair Loss Treatment Dense Thicken Hair Nourish Hair Roots Hair Care Products Women",2020/09/Fast-Hair-Growth-Serum-Spray-60ml-Anti-Hair-Loss-Treatment-Dense-Thicken-Hair-Nourish-Hair-Roots.jpg
247801,https://linhcorner.com/shop/uncategorized/hair-growth-essence-triple-roller-massager-anti-hair-loss-treatment-promote-hair-growth-tools-hair-care-products-30mlx2/,"Hair Growth Essence Triple Roller Massager Anti hair loss Treatment Promote hair growth tools Hair Care Products 30ml×2",2020/09/Hair-Growth-Essence-Triple-Roller-Massager-Anti-hair-loss-Treatment-Promote-hair-growth-tools-Hair-Care.jpg
247833,https://linhcorner.com/shop/uncategorized/haircube-hair-growth-spray-anti-hair-loss-products-for-fast-hair-growth-oil-natural-organic-hair-tonic-hair-care-products/,"HAIRCUBE Hair Growth Spray Anti Hair Loss Products for Fast Hair Growth Oil Natural Organic Hair Tonic Hair Care Products",2020/09/HAIRCUBE-Hair-Growth-Spray-Anti-Hair-Loss-Products-for-Fast-Hair-Growth-Oil-Natural-Organic-Hair.jpg
247841,https://linhcorner.com/shop/uncategorized/haircube-hair-growth-spray-anti-hair-loss-serum-for-fast-hair-growth-treatment-oil-hair-tonic-hair-care-hair-loss-products/,"HAIRCUBE Hair Growth Spray Anti Hair Loss Serum for Fast Hair Growth Treatment Oil Hair Tonic Hair Care Hair Loss Products",2020/09/HAIRCUBE-Hair-Growth-Spray-Anti-Hair-Loss-Serum-for-Fast-Hair-Growth-Treatment-Oil-Hair-Tonic.jpg
247858,https://linhcorner.com/shop/uncategorized/omy-lady-anti-hair-loss-hair-growth-spray-essential-oil-liquid-for-men-women-dry-hair-regeneration-repair/,"OMY LADY Anti Hair Loss Hair Growth Spray Essential Oil Liquid For Men Women Dry Hair Regeneration Repair",2020/09/OMY-LADY-Anti-Hair-Loss-Hair-Growth-Spray-Essential-Oil-Liquid-For-Men-Women-Dry-Hair.jpg
247864,https://linhcorner.com/shop/uncategorized/omy-lady-hair-growth-spray-essential-serum-hair-regrowth-oil-anti-hair-loss-liquid-for-men-women-dry-hair-regeneration-repair/,"OMY LADY Hair Growth Spray Essential Serum Hair Regrowth Oil Anti Hair Loss Liquid For Men Women Dry Hair Regeneration Repair",2020/09/OMY-LADY-Hair-Growth-Spray-Essential-Serum-Hair-Regrowth-Oil-Anti-Hair-Loss-Liquid-For-Men.jpg
247870,https://linhcorner.com/shop/uncategorized/haircube-hair-growth-oil-fast-hair-growth-agent-anti-hair-loss-remedy-treatment-hair-care-spray-thickener-hair-growth-essence/,"HAIRCUBE Hair Growth Oil Fast Hair Growth Agent Anti Hair Loss Remedy Treatment Hair Care Spray Thickener Hair Growth Essence",2020/09/HAIRCUBE-Hair-Growth-Oil-Fast-Hair-Growth-Agent-Anti-Hair-Loss-Remedy-Treatment-Hair-Care-Spray.jpg
247877,https://linhcorner.com/shop/uncategorized/hair-growth-essence-oil-anti-hair-loss-treatment-hair-thickener-beard-growth-for-hair-growth-serum-hair-tonic-hair-care-products/,"Hair Growth Essence Oil Anti Hair Loss Treatment Hair Thickener Beard Growth for Hair Growth Serum Hair Tonic Hair Care Products",2020/09/Hair-Growth-Essence-Oil-Anti-Hair-Loss-Treatment-Hair-Thickener-Beard-Growth-for-Hair-Growth-Serum.jpg
247896,https://linhcorner.com/shop/uncategorized/hair-shadow-powder-hair-line-modified-repair-hair-shadow-trimming-powder-makeup-hair-concealer-natural-cover-beauty-edge-control/,"Hair Shadow Powder Hair line Modified Repair Hair Shadow Trimming Powder Makeup Hair Concealer Natural Cover Beauty Edge Control",2020/09/Hair-Shadow-Powder-Hair-line-Modified-Repair-Hair-Shadow-Trimming-Powder-Makeup-Hair-Concealer-Natural-Cover.jpg
247912,https://linhcorner.com/shop/uncategorized/electric-laser-hair-growth-comb-anti-hair-loss-treatment-infrared-rf-nano-red-light-ems-vibration-massage-hair-brush-hair-care46/,"Electric Laser Hair Growth Comb Anti Hair Loss Treatment Infrared RF Nano Red Light EMS Vibration Massage Hair Brush Hair Care46",2020/09/Electric-Laser-Hair-Growth-Comb-Anti-Hair-Loss-Treatment-Infrared-RF-Nano-Red-Light-EMS-Vibration.jpg
247914,https://linhcorner.com/shop/uncategorized/hair-care-set-morocco-herbal-supple-anti-dandruff-shampoo-hair-loss-fast-powerful-hair-growth-serum-repair-hair-smooth-soft/,"Hair Care Set Morocco Herbal Supple Anti Dandruff Shampoo Hair Loss Fast Powerful Hair Growth Serum Repair Hair Smooth Soft",2020/09/Hair-Care-Set-Morocco-Herbal-Supple-Anti-Dandruff-Shampoo-Hair-Loss-Fast-Powerful-Hair-Growth-Serum.jpg
247943,https://linhcorner.com/shop/uncategorized/omy-lady-ginger-anti-hair-loss-shampoo-promote-hair-growth-shampoo-hair-thick-fast-growth-serum-herbal-liquid-for-women-men/,"OMY LADY Ginger Anti Hair Loss Shampoo promote hair growth Shampoo Hair Thick Fast Growth Serum Herbal Liquid For Women Men",2020/09/OMY-LADY-Ginger-Anti-Hair-Loss-Shampoo-promote-hair-growth-Shampoo-Hair-Thick-Fast-Growth-Serum.jpg
247964,https://linhcorner.com/shop/uncategorized/vibrant-glamour-hair-growth-essence-hair-loss-products-moroccan-essential-oil-liquid-treatment-preventing-hair-loss-hair-care/,"VIBRANT GLAMOUR Hair Growth Essence Hair Loss Products Moroccan Essential Oil Liquid Treatment Preventing Hair Loss Hair Care",2020/09/VIBRANT-GLAMOUR-Hair-Growth-Essence-Hair-Loss-Products-Moroccan-Essential-Oil-Liquid-Treatment-Preventing-Hair-Loss.jpg
247972,https://linhcorner.com/shop/uncategorized/natural-hair-shadow-powder-hair-line-modified-repair-hair-shadow-trimming-powder-makeup-hair-concealer-cover-beauty-edge-control/,"Natural Hair Shadow Powder Hair line Modified Repair Hair Shadow Trimming Powder Makeup Hair Concealer Cover Beauty Edge Control",2020/09/Natural-Hair-Shadow-Powder-Hair-line-Modified-Repair-Hair-Shadow-Trimming-Powder-Makeup-Hair-Concealer-Cover.jpg
247979,https://linhcorner.com/shop/uncategorized/anti-hair-loss-hair-growth-spray-essential-oil-liquid-hair-care-damaged-hair-repair-treatment-men-women-dry-hair-care-product/,"Anti Hair Loss Hair Growth Spray Essential Oil Liquid Hair Care Damaged Hair Repair Treatment Men Women Dry Hair Care Product",2020/09/Anti-Hair-Loss-Hair-Growth-Spray-Essential-Oil-Liquid-Hair-Care-Damaged-Hair-Repair-Treatment-Men.jpg
248001,https://linhcorner.com/shop/uncategorized/anti-hair-loss-hair-growth-spray-essential-oil-liquid-for-men-women-dry-hair-regeneration-repairhair-loss-products/,"Anti Hair Loss Hair Growth Spray Essential Oil Liquid For Men Women Dry Hair Regeneration Repair,Hair Loss Products",2020/09/Anti-Hair-Loss-Hair-Growth-Spray-Essential-Oil-Liquid-For-Men-Women-Dry-Hair-Regeneration-Repair.jpg
248007,https://linhcorner.com/shop/uncategorized/dimollaure-men-beard-balm-organic-mustache-wax-beard-conditioner-moisturizing-smoothing-gentlemen-beard-care-beard-growth/,"Dimollaure Men Beard Balm Organic Mustache Wax Beard Conditioner Moisturizing Smoothing Gentlemen Beard Care Beard Growth",2020/09/Dimollaure-Men-Beard-Balm-Organic-Mustache-Wax-Beard-Conditioner-Moisturizing-Smoothing-Gentlemen-Beard-Care-Beard-Growth.jpg
248022,https://linhcorner.com/shop/uncategorized/blue-zoo-natural-beard-oil-balm-moustache-styling-beeswax-moisturizing-smoothing-gentlemen-beard-balm-organic-men-grooming-kit/,"Blue ZOO Natural Beard Oil Balm Moustache Styling Beeswax Moisturizing Smoothing Gentlemen Beard Balm Organic Men Grooming Kit",2020/09/Blue-ZOO-Natural-Beard-Oil-Balm-Moustache-Styling-Beeswax-Moisturizing-Smoothing-Gentlemen-Beard-Balm-Organic-Men.jpg
248040,https://linhcorner.com/shop/uncategorized/new-makeup-hair-line-shadow-powder-eyebrow-powder-extract-easy-to-wear-makeup-neat-hairline-with-mirror-puff-fibers/,"New Makeup Hair Line Shadow Powder Eyebrow Powder Extract Easy to Wear Makeup Neat  Hairline with Mirror Puff Fibers",2020/09/New-Makeup-Hair-Line-Shadow-Powder-Eyebrow-Powder-Extract-Easy-to-Wear-Makeup-Neat-Hairline-with.jpg
248047,https://linhcorner.com/shop/uncategorized/efero-hair-growth-essence-oil-hair-beard-growth-serum-anti-hair-loss-products-hairs-care-treatment-essential-for-women-men-20ml/,"EFERO Hair Growth Essence Oil Hair Beard Growth Serum Anti-hair Loss Products Hairs Care Treatment Essential for Women Men 20ML",2020/09/EFERO-Hair-Growth-Essence-Oil-Hair-Beard-Growth-Serum-Anti-hair-Loss-Products-Hairs-Care-Treatment.jpg
248053,https://linhcorner.com/shop/uncategorized/lanbena-fast-powerful-hair-growth-essence-products-essential-oil-liquid-treatment-preventing-hair-loss-hair-care-andrea-20ml/,"LANBENA Fast Powerful Hair Growth Essence Products Essential Oil Liquid Treatment Preventing Hair Loss Hair Care Andrea 20ml",2020/09/LANBENA-Fast-Powerful-Hair-Growth-Essence-Products-Essential-Oil-Liquid-Treatment-Preventing-Hair-Loss-Hair-Care.jpg
248066,https://linhcorner.com/shop/uncategorized/laikou-pure-moroccan-argan-oil-hair-oil-keratin-straightening-curly-treatment-growth-mask-for-damaged-hair-dry-split-ends-40ml/,"LAIKOU Pure Moroccan Argan Oil Hair Oil Keratin Straightening Curly Treatment Growth Mask for Damaged Hair Dry Split ends 40ml",2020/09/LAIKOU-Pure-Moroccan-Argan-Oil-Hair-Oil-Keratin-Straightening-Curly-Treatment-Growth-Mask-for-Damaged-Hair.jpg
248100,https://linhcorner.com/shop/uncategorized/vibrant-glamour-hair-growth-spray-serum-essential-oil-nourish-scalp-hair-roots-prevent-hair-loss-clean-scalp-grease-hair-care/,"VIBRANT GLAMOUR Hair Growth Spray Serum Essential Oil Nourish Scalp Hair Roots Prevent Hair Loss Clean Scalp Grease Hair Care",2020/09/VIBRANT-GLAMOUR-Hair-Growth-Spray-Serum-Essential-Oil-Nourish-Scalp-Hair-Roots-Prevent-Hair-Loss-Clean.jpg
248101,https://linhcorner.com/shop/uncategorized/micro-needle-roller-derma-roller-titanium-beard-roller-for-hair-regrowth-beard-growth-anti-hair-loss-skin-care-treatment/,"Micro Needle Roller Derma Roller Titanium Beard Roller for Hair Regrowth Beard Growth Anti-Hair Loss Skin Care Treatment",2020/09/Micro-Needle-Roller-Derma-Roller-Titanium-Beard-Roller-for-Hair-Regrowth-Beard-Growth-Anti-Hair-Loss.jpg
248105,https://linhcorner.com/shop/uncategorized/beard-styling-shaping-cream-beard-oil-kit-with-shears-scissors-mustache-hair-care-tool-beard-styling-comb-brush-bag-grooming-set/,"Beard Styling Shaping Cream Beard Oil Kit with Shears Scissors Mustache Hair Care Tool Beard Styling Comb Brush Bag Grooming Set",2020/09/Beard-Styling-Shaping-Cream-Beard-Oil-Kit-with-Shears-Scissors-Mustache-Hair-Care-Tool-Beard-Styling.jpg
248111,https://linhcorner.com/shop/uncategorized/breylee-hair-growth-essential-oil-20ml-fast-powerful-hair-products-hair-care-prevent-baldness-anti-hair-loss-serum-nourishing/,"BREYLEE Hair Growth Essential Oil 20ml Fast Powerful Hair Products Hair Care Prevent Baldness Anti-Hair Loss Serum Nourishing",2020/09/BREYLEE-Hair-Growth-Essential-Oil-20ml-Fast-Powerful-Hair-Products-Hair-Care-Prevent-Baldness-Anti-Hair.jpg
248116,https://linhcorner.com/shop/uncategorized/lanbena-fast-ginger-hair-growth-essence-anti-hair-loss-essential-oil-liquid-treatment-repair-hair-serum-hair-loss-product-20ml/,"LANBENA Fast Ginger Hair Growth Essence Anti-Hair-Loss Essential Oil Liquid Treatment Repair Hair Serum Hair Loss Product 20ml",2020/09/LANBENA-Fast-Ginger-Hair-Growth-Essence-Anti-Hair-Loss-Essential-Oil-Liquid-Treatment-Repair-Hair-Serum.jpg
248131,https://linhcorner.com/shop/uncategorized/vibrantglamour-hair-growth-essence-essential-oil-liquid-spray-nourish-roots-thick-shiny-prevent-hair-loss-anti-hair-for-menwomen/,"VIBRANTGLAMOUR Hair Growth Essence Essential Oil Liquid Spray Nourish Roots Thick Shiny Prevent Hair Loss Anti-hair For Menwomen",2020/09/VIBRANTGLAMOUR-Hair-Growth-Essence-Essential-Oil-Liquid-Spray-Nourish-Roots-Thick-Shiny-Prevent-Hair-Loss-Anti.jpg
248155,https://linhcorner.com/shop/uncategorized/electric-led-laser-hair-growth-comb-hair-massage-brush-laser-hair-loss-stop-regrow-therapy-comb-infrared-scalp-massager-treatmen/,"Electric LED Laser Hair Growth Comb Hair Massage Brush Laser Hair Loss Stop Regrow Therapy Comb Infrared Scalp Massager Treatmen",2020/09/Electric-LED-Laser-Hair-Growth-Comb-Hair-Massage-Brush-Laser-Hair-Loss-Stop-Regrow-Therapy-Comb.jpg
248156,https://linhcorner.com/shop/uncategorized/hair-growth-care-treatment-infrared-massage-laser-comb-anti-loss-therapy-regrowth-restoration-grow-vibrator-brush/,"Hair Growth Care Treatment Infrared Massage Laser Comb Anti  Loss Therapy Regrowth Restoration Grow Vibrator Brush",2020/09/Hair-Growth-Care-Treatment-Infrared-Massage-Laser-Comb-Anti-Loss-Therapy-Regrowth-Restoration-Grow-Vibrator-Brush.jpg
248157,https://linhcorner.com/shop/uncategorized/omy-lady-anti-hair-loss-hair-growth-spray-essential-oil-liquid-for-men-women-dry-hair-regeneration-repair-care/,"OMY LADY Anti Hair Loss Hair Growth Spray Essential Oil Liquid For Men Women Dry Hair Regeneration Repair, Care",2020/09/OMY-LADY-Anti-Hair-Loss-Hair-Growth-Spray-Essential-Oil-Liquid-For-Men-Women-Dry-Hair-6.jpg
248165,https://linhcorner.com/shop/uncategorized/natural-organic-30ml-beard-wax-balm-mustache-care-grooming-hair-wax-balm-men-beard-conditioner-styling-moisturizing-smoothing/,"Natural Organic 30ml Beard Wax Balm Mustache Care Grooming Hair Wax Balm Men Beard Conditioner Styling Moisturizing Smoothing",2020/09/Natural-Organic-30ml-Beard-Wax-Balm-Mustache-Care-Grooming-Hair-Wax-Balm-Men-Beard-Conditioner-Styling.jpg
248166,https://linhcorner.com/shop/uncategorized/1pcs-men-beard-growth-pen-facial-hair-sideburn-mustache-repair-shape-regrowth-pen-beard-enhancer-nourish-shaping-anti-hair-loss/,"1pcs Men Beard Growth Pen Facial Hair Sideburn Mustache Repair Shape Regrowth Pen Beard Enhancer Nourish Shaping Anti Hair Loss",2020/09/1pcs-Men-Beard-Growth-Pen-Facial-Hair-Sideburn-Mustache-Repair-Shape-Regrowth-Pen-Beard-Enhancer-Nourish.jpg
248194,https://linhcorner.com/shop/uncategorized/2pcs-chemical-free-natural-conditioning-softener-beard-balm-and-wax-for-men-beard-growth-30g-1fl-oz-best-factory-price/,"2pcs Chemical Free Natural Conditioning Softener Beard Balm and Wax for Men Beard Growth 30G/1FL OZ Best Factory Price",2020/09/2pcs-Chemical-Free-Natural-Conditioning-Softener-Beard-Balm-and-Wax-for-Men-Beard-Growth-30G-1FL.jpg
248204,https://linhcorner.com/shop/uncategorized/6pcs-set-men-beard-kit-styling-tool-beard-oil-comb-beard-brushes-moisturizing-wax-cream-styling-scissors-beard-care-set/,"6pcs/set Men Beard Kit Styling Tool Beard Oil Comb Beard Brushes Moisturizing Wax Cream Styling Scissors Beard Care Set",2020/09/6pcs-set-Men-Beard-Kit-Styling-Tool-Beard-Oil-Comb-Beard-Brushes-Moisturizing-Wax-Cream-Styling.jpg
248206,https://linhcorner.com/shop/uncategorized/efero-hair-growth-serum-prevent-hair-loss-fast-growth-essence-natural-hair-growing-serum-restoration-essence-thicken-hair-care/,"EFERO Hair Growth Serum Prevent Hair Loss Fast Growth Essence Natural Hair Growing Serum Restoration Essence Thicken Hair Care",2020/09/EFERO-Hair-Growth-Serum-Prevent-Hair-Loss-Fast-Growth-Essence-Natural-Hair-Growing-Serum-Restoration-Essence.jpg
248211,https://linhcorner.com/shop/uncategorized/hair-care-hair-growth-essential-oils-essence-anti-preventing-hair-loss-products-beauty-dense-fast-original-hair-growth-serum/,"Hair Care Hair Growth Essential Oils Essence Anti Preventing Hair Loss Products Beauty Dense Fast Original Hair Growth Serum",2020/09/Hair-Care-Hair-Growth-Essential-Oils-Essence-Anti-Preventing-Hair-Loss-Products-Beauty-Dense-Fast-Original.jpg
248213,https://linhcorner.com/shop/uncategorized/breylee-hair-growth-essential-oil-2pcs-fast-powerful-hair-products-hair-care-prevent-baldness-anti-hair-loss-serum-increase-hair/,"BREYLEE Hair Growth Essential Oil 2PCS Fast Powerful Hair Products Hair Care Prevent Baldness Anti-Hair Loss Serum Increase Hair",2020/09/BREYLEE-Hair-Growth-Essential-Oil-2PCS-Fast-Powerful-Hair-Products-Hair-Care-Prevent-Baldness-Anti-Hair.jpg
248215,https://linhcorner.com/shop/uncategorized/lanbena-hair-growth-essence-spray-preventing-baldness-consolidating-labena-anti-hair-loss-lambena-against-stop-hair-loss-product/,"LANBENA Hair Growth Essence Spray Preventing Baldness Consolidating LABENA Anti Hair Loss LAMBENA Against Stop Hair-loss Product",2020/09/LANBENA-Hair-Growth-Essence-Spray-Preventing-Baldness-Consolidating-LABENA-Anti-Hair-Loss-LAMBENA-Against-Stop-Hair.jpg
248256,https://linhcorner.com/shop/uncategorized/5-10-20pcs-hair-building-fiber-powder-10-3g-25g-27-5g-toppik-spray-applicator-extension-nozzle-pump-for-hair-loss/,"5/10/20pcs Hair Building Fiber Powder 10.3g 25g 27.5g Toppik Spray Applicator Extension Nozzle Pump for Hair Loss",2020/09/5-10-20pcs-Hair-Building-Fiber-Powder-10-3g-25g-27-5g-Toppik-Spray-Applicator-Extension.jpg
248258,https://linhcorner.com/shop/uncategorized/omy-lady-anti-hair-loss-hair-growth-spray-essential-oil-liquid-for-men-women-dry-hair-regeneration-repair-hair-care-products/,"OMY LADY Anti Hair Loss Hair Growth Spray Essential Oil Liquid  For Men Women Dry Hair  Regeneration Repair  Hair Care Products",2020/09/OMY-LADY-Anti-Hair-Loss-Hair-Growth-Spray-Essential-Oil-Liquid-For-Men-Women-Dry-Hair-12.jpg
248269,https://linhcorner.com/shop/uncategorized/1pc-yiganerjing-ginger-extract-dense-hair-fast-sunburst-hair-growth-essence-restoration-hair-loss-liquid-serum-hair-care-oil/,"1pc YIGANERJING Ginger Extract Dense Hair Fast Sunburst Hair Growth Essence Restoration Hair Loss Liquid Serum Hair Care Oil",2020/09/1pc-YIGANERJING-Ginger-Extract-Dense-Hair-Fast-Sunburst-Hair-Growth-Essence-Restoration-Hair-Loss-Liquid-Serum.jpg
248272,https://linhcorner.com/shop/uncategorized/1pcs-fast-hair-growth-essence-anti-hair-loss-treatment-for-hair-growth-natural-thick-hair-care-products-for-men-women-20ml/,"1pcs Fast Hair Growth Essence Anti Hair Loss Treatment for Hair Growth Natural Thick Hair Care Products for Men Women 20ml",2020/09/1pcs-Fast-Hair-Growth-Essence-Anti-Hair-Loss-Treatment-for-Hair-Growth-Natural-Thick-Hair-Care.jpg
248275,https://linhcorner.com/shop/uncategorized/blue-zoo-organic-natural-beard-care-wax-balm-men-styling-moisturizing-smoothing-gentlemen-natural-beard-oil-balm-drape-smooth/,"Blue ZOO Organic Natural Beard Care Wax Balm Men Styling Moisturizing Smoothing Gentlemen Natural Beard Oil Balm Drape Smooth",2020/09/Blue-ZOO-Organic-Natural-Beard-Care-Wax-Balm-Men-Styling-Moisturizing-Smoothing-Gentlemen-Natural-Beard-Oil.jpg
248276,https://linhcorner.com/shop/uncategorized/lanbena-fast-powerful-hair-growth-essence-products-essential-oil-liquid-treatment-preventing-hair-loss-hair-growth-oil-hair-care/,"LANBENA Fast Powerful Hair Growth Essence Products Essential Oil Liquid Treatment Preventing Hair Loss Hair Growth Oil Hair Care",2020/09/LANBENA-Fast-Powerful-Hair-Growth-Essence-Products-Essential-Oil-Liquid-Treatment-Preventing-Hair-Loss-Hair-Growth.jpg
248298,https://linhcorner.com/shop/uncategorized/hair-growth-oil-ginger-ginseng-essence-anti-hair-loss-liquid-natural-plant-formula-hair-grow-care-beauty-styling-20ml-pc/,"Hair Growth Oil Ginger Ginseng Essence Anti Hair Loss Liquid Natural Plant Formula Hair Grow Care Beauty Styling 20ml/pc",2020/09/Hair-Growth-Oil-Ginger-Ginseng-Essence-Anti-Hair-Loss-Liquid-Natural-Plant-Formula-Hair-Grow-Care.jpg
248311,https://linhcorner.com/shop/uncategorized/20ml-fast-hair-growth-essence-oil-liquid-sprayer-natural-ginger-ginseng-essence-nourish-scalp-hair-loss-treatment-men-woman/,"20ml Fast Hair Growth Essence Oil Liquid Sprayer Natural Ginger Ginseng Essence Nourish Scalp Hair Loss Treatment Men Woman",2020/09/20ml-Fast-Hair-Growth-Essence-Oil-Liquid-Sprayer-Natural-Ginger-Ginseng-Essence-Nourish-Scalp-Hair-Loss.jpg
248316,https://linhcorner.com/shop/uncategorized/toppik-hair-fiber-powder-building-fibers-hair-spray-powder-full-hair-instantly-capilares-fiber-hold-powder-hair-growth-27-5g/,"Toppik hair fiber powder building fibers hair spray powder full hair instantly Capilares fiber hold powder hair growth 27.5g",2020/09/Toppik-hair-fiber-powder-building-fibers-hair-spray-powder-full-hair-instantly-Capilares-fiber-hold-powder.jpg
248322,https://linhcorner.com/shop/uncategorized/lanbena-20ml-fast-hair-growth-essence-spray-anti-baldness-nourish-root-hair-care-hair-loss-treatment-help-for-hair-growth/,"LANBENA 20mL Fast Hair Growth Essence Spray Anti Baldness Nourish Root Hair Care Hair Loss Treatment Help for hair Growth",2020/09/LANBENA-20mL-Fast-Hair-Growth-Essence-Spray-Anti-Baldness-Nourish-Root-Hair-Care-Hair-Loss-Treatment.jpg
248327,https://linhcorner.com/shop/uncategorized/laser-therapy-hair-growth-helmet-anti-hair-loss-device-machine-anti-hair-loss-promote-hair-regrowth-cap-fast-treatment-hat/,"Laser Therapy Hair Growth Helmet Anti Hair Loss Device Machine Anti Hair Loss Promote Hair Regrowth Cap Fast Treatment Hat",2020/09/Laser-Therapy-Hair-Growth-Helmet-Anti-Hair-Loss-Device-Machine-Anti-Hair-Loss-Promote-Hair-Regrowth.jpg
248335,https://linhcorner.com/shop/uncategorized/infrared-massage-comb-hair-comb-massage-equipment-comb-hair-growth-care-treatment-hair-brush-grow-laser-hair-loss-therapy/,"Infrared Massage Comb Hair Comb Massage Equipment Comb Hair Growth Care Treatment Hair Brush Grow Laser Hair Loss Therapy",2020/09/Infrared-Massage-Comb-Hair-Comb-Massage-Equipment-Comb-Hair-Growth-Care-Treatment-Hair-Brush-Grow-Laser.jpg
248345,https://linhcorner.com/shop/uncategorized/zhangguang-101-apply-medicine-liquid-apparatus-comb-10ml-apply-medicine-apparatus-easy-operate-zhanguang-101-tonic-applicators/,"ZHANGGUANG 101 Apply medicine liquid apparatus/comb 10ml/apply medicine apparatus easy operate zhanguang 101  tonic applicators",2020/09/ZHANGGUANG-101-Apply-medicine-liquid-apparatus-comb-10ml-apply-medicine-apparatus-easy-operate-zhanguang-101-tonic.jpg
248361,https://linhcorner.com/shop/uncategorized/lanbena-hair-growth-essence-hair-growth-products-essential-oil-liquid-treatment-preventing-hair-loss-hair-care-andrea-20ml-3pcs/,"LANBENA Hair Growth Essence Hair Growth Products Essential Oil Liquid Treatment Preventing Hair Loss Hair Care Andrea 20ml 3PCS",2020/09/LANBENA-Hair-Growth-Essence-Hair-Growth-Products-Essential-Oil-Liquid-Treatment-Preventing-Hair-Loss-Hair-Care.jpg
248366,https://linhcorner.com/shop/uncategorized/hair-growth-massage-comb-anti-hair-loss-product-scalp-massager-hair-brush-for-dropshipping-new-arrival/,"Hair Growth Massage Comb Anti Hair Loss Product Scalp Massager Hair Brush for Dropshipping New Arrival",2020/09/Hair-Growth-Massage-Comb-Anti-Hair-Loss-Product-Scalp-Massager-Hair-Brush-for-Dropshipping-New-Arrival.jpg
248395,https://linhcorner.com/shop/uncategorized/60ml-hair-loss-beard-growth-oil-spray-beard-grow-stimulator-100-natural-accelerate-beard-growth-oil-facial-hair-grower/,"60ml Hair Loss Beard Growth Oil Spray Beard Grow Stimulator 100% Natural Accelerate Beard Growth Oil Facial Hair Grower",2020/09/60ml-Hair-Loss-Beard-Growth-Oil-Spray-Beard-Grow-Stimulator-100-Natural-Accelerate-Beard-Growth-Oil.jpg
248397,https://linhcorner.com/shop/uncategorized/vibrant-glamour-hair-growth-essence-spray-preventing-baldness-consolidating-anti-hair-loss-nourish-roots-easy-to-carry-hair-care/,"Vibrant Glamour Hair Growth Essence Spray Preventing Baldness Consolidating Anti Hair Loss Nourish Roots Easy To Carry Hair Care",2020/09/Vibrant-Glamour-Hair-Growth-Essence-Spray-Preventing-Baldness-Consolidating-Anti-Hair-Loss-Nourish-Roots-Easy-To.jpg
248428,https://linhcorner.com/shop/uncategorized/fast-hair-growth-essence-natural-herbal-health-treatment-hair-loss-makes-hair-growth-longer-and-thicker-hair-care-products-60ml/,"Fast Hair Growth Essence Natural Herbal Health Treatment Hair Loss Makes Hair Growth Longer and Thicker Hair Care Products 60ml",2020/09/Fast-Hair-Growth-Essence-Natural-Herbal-Health-Treatment-Hair-Loss-Makes-Hair-Growth-Longer-and-Thicker.jpg
248433,https://linhcorner.com/shop/uncategorized/anti-hair-loss-shampoo-hair-loss-treatment-hair-thickner-fast-hair-growth-serum-hair-care-products-hair-growth-essence-serum-oil/,"Anti Hair Loss Shampoo Hair Loss Treatment Hair Thickner Fast Hair Growth Serum Hair Care Products Hair Growth Essence Serum Oil",2020/09/Anti-Hair-Loss-Shampoo-Hair-Loss-Treatment-Hair-Thickner-Fast-Hair-Growth-Serum-Hair-Care-Products.jpg
248434,https://linhcorner.com/shop/uncategorized/beard-growth-oil-hair-growth-agent-thickener-hair-beard-care-product-anti-hair-loss-tonic-grow-beard-treatment-hair-serum/,"Beard Growth Oil Hair Growth Agent Thickener Hair Beard Care Product Anti Hair Loss Tonic Grow Beard Treatment Hair Serum",2020/09/Beard-Growth-Oil-Hair-Growth-Agent-Thickener-Hair-Beard-Care-Product-Anti-Hair-Loss-Tonic-Grow.jpg
248436,https://linhcorner.com/shop/uncategorized/2pcs-haircube-anti-hair-loss-products-hair-growth-essential-oil-liquid-spray-dense-nourish-hair-roots-hair-care-repair-growing/,"2Pcs HAIRCUBE Anti Hair Loss Products Hair Growth Essential Oil Liquid Spray Dense Nourish Hair Roots Hair Care Repair Growing",2020/09/2Pcs-HAIRCUBE-Anti-Hair-Loss-Products-Hair-Growth-Essential-Oil-Liquid-Spray-Dense-Nourish-Hair-Roots.jpg
248438,https://linhcorner.com/shop/uncategorized/haircube-hair-growth-serum-spray-treatment-hair-care-products-for-hair-growth-oil-natural-organic-hair-tonic-beauty-products/,"HAIRCUBE Hair Growth Serum Spray Treatment Hair Care Products for Hair Growth Oil Natural Organic Hair Tonic Beauty Products",2020/09/HAIRCUBE-Hair-Growth-Serum-Spray-Treatment-Hair-Care-Products-for-Hair-Growth-Oil-Natural-Organic-Hair.jpg
248440,https://linhcorner.com/shop/uncategorized/haircube-3pcs-fast-hair-growth-essence-anti-hair-loss-treatment-hair-care-products-dense-thick-nourish-hair-roots-regrowth-spray/,"HAIRCUBE 3Pcs Fast Hair Growth Essence Anti Hair Loss Treatment hair care products Dense Thick Nourish Hair Roots Regrowth spray",2020/09/HAIRCUBE-3Pcs-Fast-Hair-Growth-Essence-Anti-Hair-Loss-Treatment-hair-care-products-Dense-Thick-Nourish.jpg
248491,https://linhcorner.com/shop/uncategorized/hair-growth-essence-control-oil-nourishing-hair-help-growth-hair-treatment-for-anti-hair-loss-sets-natural-herbal-oil-hair-care/,"Hair Growth Essence Control Oil Nourishing Hair Help Growth Hair Treatment for Anti hair Loss Sets Natural Herbal Oil Hair Care",2020/09/Hair-Growth-Essence-Control-Oil-Nourishing-Hair-Help-Growth-Hair-Treatment-for-Anti-hair-Loss-Sets.jpg
248495,https://linhcorner.com/shop/uncategorized/putimi-natural-hair-growth-essence-anti-hair-loss-serum-health-care-dense-beard-hair-growth-serum-haircare-regrowth-treatment/,"Putimi Natural Hair Growth Essence Anti Hair Loss Serum Health Care Dense Beard Hair Growth Serum HairCare Regrowth Treatment",2020/09/Putimi-Natural-Hair-Growth-Essence-Anti-Hair-Loss-Serum-Health-Care-Dense-Beard-Hair-Growth-Serum.jpg
248500,https://linhcorner.com/shop/uncategorized/omy-lady-natural-beard-oil-balm-moustache-styling-beeswax-moisturizing-smoothing-gentlemen-beard-balm-organic-men-grooming/,"OMY LADY Natural Beard Oil Balm Moustache Styling Beeswax Moisturizing Smoothing Gentlemen Beard Balm Organic Men Grooming",2020/09/OMY-LADY-Natural-Beard-Oil-Balm-Moustache-Styling-Beeswax-Moisturizing-Smoothing-Gentlemen-Beard-Balm-Organic-Men.jpg
248505,https://linhcorner.com/shop/uncategorized/hair-building-fiber-spray-applicator-sprayer-nozzle-pump-hair-loss-products-hair-sprays-for-hair-extensions-hair-fiber-sprays/,"Hair Building Fiber Spray Applicator Sprayer Nozzle Pump Hair Loss Products Hair Sprays for Hair Extensions Hair Fiber Sprays",2020/09/Hair-Building-Fiber-Spray-Applicator-Sprayer-Nozzle-Pump-Hair-Loss-Products-Hair-Sprays-for-Hair-Extensions.jpg
248510,https://linhcorner.com/shop/uncategorized/2-boxes-macadamia-powerful-hair-growth-oil-essence-treatment-hair-loss-herbal-for-dry-hair-care-liquid-natural-pure-nut-oils/,"2 Boxes Macadamia Powerful Hair Growth Oil Essence Treatment Hair Loss Herbal For Dry Hair Care Liquid Natural Pure Nut Oils",2020/09/2-Boxes-Macadamia-Powerful-Hair-Growth-Oil-Essence-Treatment-Hair-Loss-Herbal-For-Dry-Hair-Care.jpg
248519,https://linhcorner.com/shop/uncategorized/3pcs-lot-purple-hair-growth-essential-oils-essence-anti-hair-loss-treatment-fast-hair-growth-liquid-dense-beauty-hair-care/,"3pcs/lot PURPLE Hair Growth Essential Oils Essence Anti Hair Loss Treatment Fast Hair Growth Liquid Dense Beauty Hair Care",2020/09/3pcs-lot-PURPLE-Hair-Growth-Essential-Oils-Essence-Anti-Hair-Loss-Treatment-Fast-Hair-Growth-Liquid.jpg
248545,https://linhcorner.com/shop/uncategorized/dexe-hair-shampoo-anti-hair-loss-hair-growth-chinese-herbal-product-thick-hair-care-treatment-men-women-us-do-dropshipping/,"Dexe Hair Shampoo Anti-hair Loss Hair Growth Chinese Herbal Product Thick Hair Care Treatment Men Women US Do Dropshipping",2020/09/Dexe-Hair-Shampoo-Anti-hair-Loss-Hair-Growth-Chinese-Herbal-Product-Thick-Hair-Care-Treatment-Men.jpg
248561,https://linhcorner.com/shop/uncategorized/76-118pcs-lamp-beads-therapy-hair-loss-treatment-instrument-oil-control-adjustable-hair-growth-hat-cap-hair-care-products/,"76/118pcs Lamp Beads Therapy Hair Loss Treatment Instrument Oil Control Adjustable Hair Growth Hat Cap Hair Care Products",2020/09/76-118pcs-Lamp-Beads-Therapy-Hair-Loss-Treatment-Instrument-Oil-Control-Adjustable-Hair-Growth-Hat-Cap.jpg
248566,https://linhcorner.com/shop/uncategorized/hair-care-hair-growth-products-essential-oils-natural-effects-grow-hair-loss-essence-health-care-liquid-original-authentic-100/,"Hair Care Hair Growth Products Essential Oils Natural Effects Grow Hair Loss Essence Health Care Liquid Original Authentic 100%",2020/09/Hair-Care-Hair-Growth-Products-Essential-Oils-Natural-Effects-Grow-Hair-Loss-Essence-Health-Care-Liquid.jpg
248571,https://linhcorner.com/shop/uncategorized/hair-building-fiber-spray-nozzle-pump-hair-loss-products-hair-sprays-for-hair-extensions-hair-fiber-sprays-applicator-sprayer/,"Hair Building Fiber Spray Nozzle Pump Hair Loss Products Hair Sprays for Hair Extensions Hair Fiber Sprays Applicator Sprayer",2020/09/Hair-Building-Fiber-Spray-Nozzle-Pump-Hair-Loss-Products-Hair-Sprays-for-Hair-Extensions-Hair-Fiber.jpg
248577,https://linhcorner.com/shop/uncategorized/efero-hair-growth-essence-hair-loss-serum-essential-oils-dense-hair-growth-serum-haircare-prevent-baldness-anti-hair-loss-serum/,"EFERO Hair Growth Essence Hair Loss Serum Essential Oils Dense Hair Growth Serum HairCare Prevent Baldness Anti-Hair Loss Serum",2020/09/EFERO-Hair-Growth-Essence-Hair-Loss-Serum-Essential-Oils-Dense-Hair-Growth-Serum-HairCare-Prevent-Baldness.jpg
248583,https://linhcorner.com/shop/uncategorized/2pcs-factory-price-hot-new-30g-beard-balm-and-moustache-beard-brush-for-men-daily-beard-styling/,"2pcs Factory Price Hot New 30g Beard Balm and Moustache Beard Brush For Men Daily Beard Styling",2020/09/2pcs-Factory-Price-Hot-New-30g-Beard-Balm-and-Moustache-Beard-Brush-For-Men-Daily-Beard.jpg
248601,https://linhcorner.com/shop/uncategorized/dimollaure-hair-growth-anti-hair-loss-liquid-10ml-dense-hair-fast-sunburst-hair-growth-grow-alopecia-treatment-oil-essence/,"Dimollaure Hair Growth anti Hair Loss Liquid 10ml dense hair fast sunburst hair growth grow alopecia Treatment oil essence",2020/09/Dimollaure-Hair-Growth-anti-Hair-Loss-Liquid-10ml-dense-hair-fast-sunburst-hair-growth-grow-alopecia.jpg
248607,https://linhcorner.com/shop/uncategorized/2pcs-fast-hair-growth-essence-oil-grape-keratin-hair-loss-treatment-liquid-help-for-dry-and-damaged-hairs-nutrition-care/,"2pcs Fast Hair Growth Essence Oil Grape Keratin Hair Loss Treatment Liquid Help for Dry and Damaged Hairs Nutrition Care",2020/09/2pcs-Fast-Hair-Growth-Essence-Oil-Grape-Keratin-Hair-Loss-Treatment-Liquid-Help-for-Dry-and.jpg
248620,https://linhcorner.com/shop/uncategorized/1-2pcs-high-quality-20ml-bottle-hair-growth-essence-effective-hair-care-serum-natural-extract-beauty-dense-hair-growth-serum/,"1/2pcs High Quality 20ml/bottle Hair Growth Essence Effective Hair Care Serum Natural Extract Beauty Dense Hair Growth Serum",2020/09/1-2pcs-High-Quality-20ml-bottle-Hair-Growth-Essence-Effective-Hair-Care-Serum-Natural-Extract-Beauty.jpg
248623,https://linhcorner.com/shop/uncategorized/omy-lady-anti-hair-loss-hair-growth-spray-ginger-anti-hair-loss-shampoo-60ml-natural-hair-essential-oilshampoo-brush/,"OMY LADY Anti Hair Loss Hair Growth Spray +Ginger Anti Hair Loss Shampoo +60ML Natural Hair Essential Oil+shampoo brush",2020/09/OMY-LADY-Anti-Hair-Loss-Hair-Growth-Spray-Ginger-Anti-Hair-Loss-Shampoo-60ML-Natural-Hair.jpg
248626,https://linhcorner.com/shop/uncategorized/efero-20ml-hair-growth-essence-prevent-hair-loss-treatment-ginger-grow-hair-serum-dense-gentle-hair-growth-serum-health-care/,"EFERO 20ml Hair Growth Essence Prevent Hair Loss Treatment Ginger Grow Hair Serum Dense Gentle Hair Growth Serum Health Care",2020/09/EFERO-20ml-Hair-Growth-Essence-Prevent-Hair-Loss-Treatment-Ginger-Grow-Hair-Serum-Dense-Gentle-Hair.jpg
248645,https://linhcorner.com/shop/uncategorized/laser-comb-hair-growth-product-tonic-care-hair-fiber-loss-keratin-hair-scalp-treatment-massage-brush-stop-hair-loss-dropshipping/,"Laser Comb Hair Growth Product Tonic Care Hair Fiber Loss Keratin Hair Scalp Treatment Massage Brush Stop Hair Loss Dropshipping",2020/09/Laser-Comb-Hair-Growth-Product-Tonic-Care-Hair-Fiber-Loss-Keratin-Hair-Scalp-Treatment-Massage-Brush.jpg
248649,https://linhcorner.com/shop/uncategorized/desktop-freeze-hair-care-instrument-hair-waxing-perm-dye-repair-hairdressing-blue-light-calming-hair-care-splint-machine-au-plug/,"Desktop Freeze Hair Care Instrument Hair Waxing Perm Dye Repair Hairdressing Blue Light Calming Hair Care Splint Machine AU Plug",2020/09/Desktop-Freeze-Hair-Care-Instrument-Hair-Waxing-Perm-Dye-Repair-Hairdressing-Blue-Light-Calming-Hair-Care.jpg
248662,https://linhcorner.com/shop/uncategorized/set-of-hair-building-fibers-9-colors-hair-full-hair-instantly-fibras-capilares-fiber-hold-spray-powder-hair-regrowth-serum-kit/,"Set of Hair Building Fibers 9 Colors Hair Full Hair Instantly Fibras Capilares fiber hold spray powder hair regrowth serum Kit",2020/09/Set-of-Hair-Building-Fibers-9-Colors-Hair-Full-Hair-Instantly-Fibras-Capilares-fiber-hold-spray.jpg
248673,https://linhcorner.com/shop/uncategorized/76-152-276pcs-lamp-bead-hair-growth-hat-cap-oil-control-adjustable-hair-growth-therapy-decive-cap-for-men-women-hair-care/,"76/152/276pcs Lamp Bead Hair Growth Hat Cap Oil-control Adjustable Hair Growth Therapy Decive Cap for Men Women Hair Care",2020/09/76-152-276pcs-Lamp-Bead-Hair-Growth-Hat-Cap-Oil-control-Adjustable-Hair-Growth-Therapy-Decive.jpg
248682,https://linhcorner.com/shop/uncategorized/omy-lady-hair-care-hair-growth-essential-oil-essence-original-authentic-100-hair-loss-liquid-body-care-beauty-dense-hair-growth/,"OMY LADY Hair Care Hair Growth Essential Oil Essence Original Authentic 100% Hair Loss Liquid BODY Care Beauty Dense Hair Growth",2020/09/OMY-LADY-Hair-Care-Hair-Growth-Essential-Oil-Essence-Original-Authentic-100-Hair-Loss-Liquid-BODY.jpg
248690,https://linhcorner.com/shop/uncategorized/haircube-hair-growth-spray-essential-oil-liquid-anti-hair-loss-essence-serum-for-hair-growth-oil-natural-hair-care-products/,"HAIRCUBE Hair Growth Spray Essential Oil Liquid Anti Hair Loss Essence Serum for Hair Growth Oil Natural Hair Care Products",2020/09/HAIRCUBE-Hair-Growth-Spray-Essential-Oil-Liquid-Anti-Hair-Loss-Essence-Serum-for-Hair-Growth-Oil.jpg
248696,https://linhcorner.com/shop/uncategorized/ginger-fast-hair-growth-essence-oils-anti-hair-loss-treatment-hair-growth-serum-growing-hair-care-serum-restoration-products/,"Ginger Fast Hair Growth Essence Oils Anti Hair Loss Treatment Hair Growth Serum Growing Hair Care Serum Restoration Products",2020/09/Ginger-Fast-Hair-Growth-Essence-Oils-Anti-Hair-Loss-Treatment-Hair-Growth-Serum-Growing-Hair-Care.jpg
248725,https://linhcorner.com/shop/uncategorized/micro-needle-540-derma-roller-0-25mm-titanium-beard-roller-for-hair-regrowth-beard-growth-anti-hair-loss-skin-care-treatment/,"Micro Needle 540 Derma Roller 0.25mm Titanium Beard Roller for Hair Regrowth Beard Growth Anti-Hair Loss Skin Care Treatment",2020/09/Micro-Needle-540-Derma-Roller-0-25mm-Titanium-Beard-Roller-for-Hair-Regrowth-Beard-Growth-Anti.jpg
248738,https://linhcorner.com/shop/uncategorized/portable-hair-building-fiber-powder-10-3g-25g-27-5g-toppik-spray-applicator-extension-nozzle-pump-for-hair-loss/,"Portable Hair Building Fiber Powder 10.3g 25g 27.5g Toppik Spray Applicator Extension Nozzle Pump for Hair Loss",2020/09/Portable-Hair-Building-Fiber-Powder-10-3g-25g-27-5g-Toppik-Spray-Applicator-Extension-Nozzle-Pump.jpg
248742,https://linhcorner.com/shop/uncategorized/lanbena-hair-growth-essence-spray-product-preventing-baldness-consolidating-anti-hair-loss-nourish-roots-easy-to-carry-hair-care/,"LANBENA Hair Growth Essence Spray Product Preventing Baldness Consolidating Anti Hair Loss Nourish Roots Easy To Carry Hair Care",2020/09/LANBENA-Hair-Growth-Essence-Spray-Product-Preventing-Baldness-Consolidating-Anti-Hair-Loss-Nourish-Roots-Easy-To.jpg
248751,https://linhcorner.com/shop/uncategorized/efero-3pcs-lot-hair-growth-hair-faster-regrowth-anti-hair-loss-building-beauty-dense-repair-restoration-treatment-serum/,"EFERO 3pcs/lot Hair Growth Hair Faster Regrowth Anti Hair Loss Building Beauty Dense Repair Restoration Treatment Serum",2020/09/EFERO-3pcs-lot-Hair-Growth-Hair-Faster-Regrowth-Anti-Hair-Loss-Building-Beauty-Dense-Repair-Restoration.jpg
248761,https://linhcorner.com/shop/uncategorized/double-gentlemen-beard-comb-wooden-shaping-template-beard-shaping-comb-for-men-men-shaving-comb-tools/,"Double Gentlemen Beard Comb Wooden Shaping Template Beard Shaping Comb for Men Men Shaving Comb Tools",2020/09/Double-Gentlemen-Beard-Comb-Wooden-Shaping-Template-Beard-Shaping-Comb-for-Men-Men-Shaving-Comb-Tools.jpg
248765,https://linhcorner.com/shop/uncategorized/lanbena-faster-powerful-hair-growth-hairloss-preventing-essence-products-essential-oil-liquid-treatment-hair-care-dropshipping/,"LANBENA Faster Powerful Hair Growth Hairloss Preventing Essence Products Essential Oil Liquid Treatment  Hair Care Dropshipping",2020/09/LANBENA-Faster-Powerful-Hair-Growth-Hairloss-Preventing-Essence-Products-Essential-Oil-Liquid-Treatment-Hair-Care-Dropshipping.jpg
248770,https://linhcorner.com/shop/uncategorized/putimi-nourishing-hair-growth-serum-fast-growing-dense-hair-products-prevent-baldness-anti-hair-loss-serum-essence-care-20ml/,"PUTIMI Nourishing Hair Growth Serum Fast Growing Dense Hair Products Prevent Baldness Anti-Hair Loss Serum Essence Care 20ml",2020/09/PUTIMI-Nourishing-Hair-Growth-Serum-Fast-Growing-Dense-Hair-Products-Prevent-Baldness-Anti-Hair-Loss-Serum.jpg
248781,https://linhcorner.com/shop/uncategorized/hair-building-fiber-applicator-spray-nozzle-pump-hair-loss-products-hair-sprays-for-hair-extensions-hair-fiber-sprays/,"Hair Building Fiber Applicator Spray Nozzle Pump Hair Loss Products Hair Sprays for Hair Extensions Hair Fiber Sprays",2020/09/Hair-Building-Fiber-Applicator-Spray-Nozzle-Pump-Hair-Loss-Products-Hair-Sprays-for-Hair-Extensions-Hair.jpg
248788,https://linhcorner.com/shop/uncategorized/hair-growth-laser-comb-therapy-electric-massage-equipment-stop-hair-loss-treatment-promote-grow-brush-product-men-birthday-gift/,"Hair Growth Laser Comb Therapy Electric Massage Equipment Stop Hair Loss Treatment Promote Grow Brush Product Men Birthday Gift",2020/09/Hair-Growth-Laser-Comb-Therapy-Electric-Massage-Equipment-Stop-Hair-Loss-Treatment-Promote-Grow-Brush-Product.jpg
248799,https://linhcorner.com/shop/uncategorized/electric-laser-hair-growth-comb-anti-hair-loss-massager-hair-regrowth-comb-brush-treatment-infrared-detangling-hair-regrowthcomb/,"Electric Laser Hair Growth Comb Anti Hair Loss Massager Hair Regrowth Comb Brush Treatment Infrared Detangling Hair RegrowthComb",2020/09/Electric-Laser-Hair-Growth-Comb-Anti-Hair-Loss-Massager-Hair-Regrowth-Comb-Brush-Treatment-Infrared-Detangling.jpg
248809,https://linhcorner.com/shop/uncategorized/breylee-3pcs-hair-growth-essential-oil-fast-powerful-hair-products-hair-care-prevent-baldness-anti-hair-loss-serum-increase-hair/,"BREYLEE 3PCS Hair Growth Essential Oil Fast Powerful Hair Products Hair Care Prevent Baldness Anti-Hair Loss Serum Increase Hair",2020/09/BREYLEE-3PCS-Hair-Growth-Essential-Oil-Fast-Powerful-Hair-Products-Hair-Care-Prevent-Baldness-Anti-Hair.jpg
248813,https://linhcorner.com/shop/uncategorized/hair-care-hair-growth-essential-oils-essence-original-authentic-100-hair-loss-liquid-health-care-beauty-dense-hair-growth-serum/,"Hair Care Hair Growth Essential Oils Essence Original Authentic 100% Hair Loss Liquid Health Care Beauty Dense Hair Growth Serum",2020/09/Hair-Care-Hair-Growth-Essential-Oils-Essence-Original-Authentic-100-Hair-Loss-Liquid-Health-Care-Beauty.jpg
248814,https://linhcorner.com/shop/uncategorized/yiber-natural-beard-growth-oil-20ml-beard-oil-hair-loss-products-leave-in-conditioner-for-groomed-beard-care/,"Yiber Natural Beard Growth Oil 20ml Beard Oil Hair loss Products Leave-In Conditioner for Groomed Beard Care",2020/09/Yiber-Natural-Beard-Growth-Oil-20ml-Beard-Oil-Hair-loss-Products-Leave-In-Conditioner-for-Groomed.jpg
248820,https://linhcorner.com/shop/uncategorized/omy-lady-hair-growth-spray-face-creamshampoo-brushface-cleaner/,"OMY LADY Hair growth Spray+ face cream+shampoo+ brush+face cleaner",2020/09/OMY-LADY-Hair-growth-Spray-face-cream-shampoo-brush-face-cleaner.jpg
248837,https://linhcorner.com/shop/uncategorized/efero-hair-growth-essence-preventing-hair-loss-product-hair-care-dense-hair-fast-restoration-growth-serum-beard-essential-oil/,"EFERO Hair Growth Essence Preventing Hair Loss Product Hair Care Dense Hair Fast Restoration Growth Serum Beard Essential Oil",2020/09/EFERO-Hair-Growth-Essence-Preventing-Hair-Loss-Product-Hair-Care-Dense-Hair-Fast-Restoration-Growth-Serum.jpg
248847,https://linhcorner.com/shop/uncategorized/hair-growth-essence-liquid-fast-hair-growth-natural-extract-ginger-hair-growth-faster-oil-anti-hair-loss-nourishing-20ml/,"Hair Growth Essence Liquid Fast Hair Growth Natural Extract Ginger Hair Growth Faster Oil Anti Hair-loss Nourishing 20ml",2020/09/Hair-Growth-Essence-Liquid-Fast-Hair-Growth-Natural-Extract-Ginger-Hair-Growth-Faster-Oil-Anti-Hair.jpg
248854,https://linhcorner.com/shop/uncategorized/7ml-100-natural-eyebrows-enhancer-eyelash-growth-nourishing-serum-lashes-longer-thicker-hair-regrowth-mascara-cosmetics/,"7ml 100% Natural Eyebrows Enhancer Eyelash Growth Nourishing Serum Lashes Longer Thicker Hair Regrowth Mascara Cosmetics",2020/09/7ml-100-Natural-Eyebrows-Enhancer-Eyelash-Growth-Nourishing-Serum-Lashes-Longer-Thicker-Hair-Regrowth-Mascara-Cosmetics.jpg
248867,https://linhcorner.com/shop/uncategorized/breylee-hair-growth-essential-oil-anti-hair-loss-serum-hair-products-prevent-baldness-nourishing-re-growth-hair-care-oil-20ml/,"BREYLEE Hair Growth Essential Oil Anti-Hair Loss Serum Hair Products Prevent Baldness Nourishing Re-growth Hair Care Oil 20ml",2020/09/BREYLEE-Hair-Growth-Essential-Oil-Anti-Hair-Loss-Serum-Hair-Products-Prevent-Baldness-Nourishing-Re-growth.jpg
248869,https://linhcorner.com/shop/uncategorized/6pcs-set-beard-kit-styling-tool-men-beard-oil-comb-beard-brushes-moisturizing-wax-cream-styling-scissors-beard-care-set/,"6pcs/set Beard Kit Styling Tool Men Beard Oil Comb Beard Brushes Moisturizing Wax Cream Styling Scissors Beard Care Set",2020/09/6pcs-set-Beard-Kit-Styling-Tool-Men-Beard-Oil-Comb-Beard-Brushes-Moisturizing-Wax-Cream-Styling.jpg
248872,https://linhcorner.com/shop/uncategorized/efero-hair-growth-essence-treatment-for-men-women-prevent-hair-loss-fast-powerful-hair-growth-serum-longer-thicker-hairs-care/,"EFERO Hair Growth Essence Treatment for Men Women Prevent Hair Loss Fast Powerful Hair Growth Serum Longer Thicker Hairs Care",2020/09/EFERO-Hair-Growth-Essence-Treatment-for-Men-Women-Prevent-Hair-Loss-Fast-Powerful-Hair-Growth-Serum.jpg
248898,https://linhcorner.com/shop/uncategorized/anti-hair-loss-set-repair-damage-hair-organic-ginger-300ml-shampoo15ml-oil-hair-growth-product-natural-chinese-herb-formula/,"Anti-Hair Loss Set Repair Damage Hair Organic Ginger 300ml shampoo+15ml Oil Hair Growth Product Natural Chinese Herb Formula",2020/09/Anti-Hair-Loss-Set-Repair-Damage-Hair-Organic-Ginger-300ml-shampoo-15ml-Oil-Hair-Growth-Product.jpg
248905,https://linhcorner.com/shop/uncategorized/omy-lady-100-natural-organic-men-beard-growth-oil-beard-wax-balm-hair-loss-product-plant-based-for-groomed-beard-growth-essence/,"OMY LADY 100% Natural Organic Men Beard Growth Oil Beard Wax balm Hair Loss Product Plant-based for Groomed Beard Growth Essence",2020/09/OMY-LADY-100-Natural-Organic-Men-Beard-Growth-Oil-Beard-Wax-balm-Hair-Loss-Product-Plant.jpg
248910,https://linhcorner.com/shop/uncategorized/efero-hair-growth-serum-anti-hair-loss-beard-growth-serum-fast-dense-thicken-hair-growth-serum-beauty-care-hair-loss-product/,"EFERO Hair Growth Serum Anti Hair Loss Beard Growth Serum Fast Dense Thicken Hair Growth Serum Beauty Care Hair Loss Product",2020/09/EFERO-Hair-Growth-Serum-Anti-Hair-Loss-Beard-Growth-Serum-Fast-Dense-Thicken-Hair-Growth-Serum.jpg
248914,https://linhcorner.com/shop/uncategorized/efero-fast-powerful-hair-growth-serum-dense-anti-hair-loss-treatment-preventing-baldness-growth-products-hair-care-products-20ml/,"efero Fast Powerful Hair Growth Serum Dense Anti Hair Loss Treatment Preventing Baldness Growth Products Hair Care Products 20ml",2020/09/efero-Fast-Powerful-Hair-Growth-Serum-Dense-Anti-Hair-Loss-Treatment-Preventing-Baldness-Growth-Products-Hair.jpg
248926,https://linhcorner.com/shop/uncategorized/ginger-hair-growth-products-fast-grow-hair-loss-treatment-preventing-hair-loss-serum-oil-hairs-growth-faster-grow-shampoo-20ml/,"Ginger Hair Growth Products Fast Grow Hair Loss Treatment Preventing Hair Loss Serum Oil Hairs Growth Faster Grow Shampoo 20ml",2020/09/Ginger-Hair-Growth-Products-Fast-Grow-Hair-Loss-Treatment-Preventing-Hair-Loss-Serum-Oil-Hairs-Growth.jpg
248934,https://linhcorner.com/shop/uncategorized/electric-laser-hair-growth-comb-anti-hair-loss-massager-hair-regrowth-comb-brush-infrared-nano-ems-vibration-massage-hair-brush/,"Electric Laser Hair Growth Comb Anti Hair Loss Massager Hair Regrowth Comb Brush Infrared Nano EMS Vibration Massage Hair Brush",2020/09/Electric-Laser-Hair-Growth-Comb-Anti-Hair-Loss-Massager-Hair-Regrowth-Comb-Brush-Infrared-Nano-EMS.jpg
248944,https://linhcorner.com/shop/uncategorized/10-pcs-yiganerjing-hair-growth-product-natural-pure-essential-hair-oil-for-fast-hair-growth-ginger-healthy-dense-serum/,"10 PCS YIGANERJING  Hair Growth Product Natural Pure Essential Hair Oil for Fast Hair Growth Ginger Healthy Dense Serum",2020/09/10-PCS-YIGANERJING-Hair-Growth-Product-Natural-Pure-Essential-Hair-Oil-for-Fast-Hair-Growth-Ginger.jpg
248951,https://linhcorner.com/shop/uncategorized/15ml-anti-hair-loss-ginger-oil-hair-growth-product-natural-extraction-material-for-man-and-woman-free-shipping/,"15ml Anti-hair Loss Ginger Oil Hair Growth Product Natural extraction material For Man and Woman Free Shipping",2020/09/15ml-Anti-hair-Loss-Ginger-Oil-Hair-Growth-Product-Natural-extraction-material-For-Man-and-Woman.jpg
248957,https://linhcorner.com/shop/uncategorized/men-beard-oil-kit-stainless-steel-beard-brush-comb-shaving-set-grooming-and-trimming-kit-male-beard-care-set-with-cloth-bag/,"Men Beard Oil Kit Stainless Steel Beard Brush Comb Shaving Set Grooming and Trimming Kit Male Beard Care Set with Cloth Bag",2020/09/Men-Beard-Oil-Kit-Stainless-Steel-Beard-Brush-Comb-Shaving-Set-Grooming-and-Trimming-Kit-Male.jpg
248960,https://linhcorner.com/shop/uncategorized/hair-fibers-keratin-toppik-thickening-spray-hair-building-fibers-27-5g-loss-products-instant-wig-regrowth-powders/,"Hair Fibers Keratin Toppik Thickening Spray Hair Building Fibers 27.5g Loss Products Instant Wig Regrowth Powders",2020/09/Hair-Fibers-Keratin-Toppik-Thickening-Spray-Hair-Building-Fibers-27-5g-Loss-Products-Instant-Wig-Regrowth.jpg
248995,https://linhcorner.com/shop/uncategorized/pure-beard-growth-oil-men-anti-hair-loss-grow-mustache-essence-oil-thicker-fuller-mens-natural-ingredients-beard-oil-60ml/,"Pure Beard Growth Oil Men Anti Hair Loss Grow Mustache Essence Oil Thicker Fuller Men's Natural Ingredients Beard Oil 60ml",2020/09/Pure-Beard-Growth-Oil-Men-Anti-Hair-Loss-Grow-Mustache-Essence-Oil-Thicker-Fuller-Men-s.jpg
248997,https://linhcorner.com/shop/uncategorized/beard-growth-oil-natural-organic-for-men-beard-growthenhancer-anti-hair-loss-products-facial-nutrition-moustache-grow-beard/,"Beard Growth Oil Natural Organic for Men Beard GrowthEnhancer Anti Hair Loss Products Facial Nutrition Moustache Grow Beard",2020/09/Beard-Growth-Oil-Natural-Organic-for-Men-Beard-GrowthEnhancer-Anti-Hair-Loss-Products-Facial-Nutrition-Moustache.jpg
249000,https://linhcorner.com/shop/uncategorized/beard-growth-oil-enhancer-natural-organic-for-men-beard-growth-anti-hair-loss-products-facial-nutrition-moustache-grow-beard/,"Beard Growth Oil Enhancer Natural Organic for Men Beard Growth Anti Hair Loss Products Facial Nutrition Moustache Grow Beard",2020/09/Beard-Growth-Oil-Enhancer-Natural-Organic-for-Men-Beard-Growth-Anti-Hair-Loss-Products-Facial-Nutrition.jpg
249003,https://linhcorner.com/shop/uncategorized/natural-organic-beard-oil-beard-growth-conditioner-nourish-nursing-moisturizing-beard-fast-growth-beard-care-liquid-30ml/,"Natural Organic Beard Oil Beard Growth Conditioner Nourish Nursing Moisturizing Beard Fast Growth Beard Care Liquid 30ml",2020/09/Natural-Organic-Beard-Oil-Beard-Growth-Conditioner-Nourish-Nursing-Moisturizing-Beard-Fast-Growth-Beard-Care-Liquid.jpg
249004,https://linhcorner.com/shop/uncategorized/hair-growth-essence-oil-anti-hair-loss-products-for-hair-growth-treatment-genger-natural-serum-hair-thickener-care-solutions/,"Hair Growth Essence Oil Anti Hair Loss Products for Hair Growth Treatment Genger Natural Serum Hair Thickener Care Solutions",2020/09/Hair-Growth-Essence-Oil-Anti-Hair-Loss-Products-for-Hair-Growth-Treatment-Genger-Natural-Serum-Hair.jpg
249007,https://linhcorner.com/shop/uncategorized/hair-care-essential-oil-100-natural-extract-for-helps-hair-grow-fast-thick-hair-anti-hair-loss-hair-growth-fluid/,"Hair Care Essential Oil 100% Natural Extract for Helps Hair Grow Fast Thick Hair Anti Hair Loss Hair Growth Fluid",2020/09/Hair-Care-Essential-Oil-100-Natural-Extract-for-Helps-Hair-Grow-Fast-Thick-Hair-Anti-Hair.jpg
249055,https://linhcorner.com/shop/uncategorized/putimi-powerful-hair-growth-essence-hair-loss-products-ginger-hair-treatment-prevent-hair-loss-product-growing-hair-serum-20ml/,"PUTIMI Powerful Hair Growth Essence Hair Loss Products Ginger Hair Treatment Prevent Hair Loss Product Growing Hair Serum 20ml",2020/09/PUTIMI-Powerful-Hair-Growth-Essence-Hair-Loss-Products-Ginger-Hair-Treatment-Prevent-Hair-Loss-Product-Growing.jpg
249058,https://linhcorner.com/shop/uncategorized/hair-growth-oil-for-fast-hair-growth-agent-against-hair-loss-remedy-treatment-hair-care-thickener-hair-growth-essential-serum/,"Hair Growth Oil for Fast Hair Growth Agent Against Hair Loss Remedy Treatment Hair Care Thickener Hair Growth Essential Serum",2020/09/Hair-Growth-Oil-for-Fast-Hair-Growth-Agent-Against-Hair-Loss-Remedy-Treatment-Hair-Care-Thickener.jpg
249061,https://linhcorner.com/shop/uncategorized/morocco-hair-growth-argan-oil-hair-care-essence-hair-loss-treatment-for-men-and-women-dry-and-damaged-hairs-nutrition-40ml/,"Morocco Hair Growth Argan Oil Hair Care Essence Hair Loss Treatment For Men And Women Dry and Damaged Hairs Nutrition 40ml",2020/09/Morocco-Hair-Growth-Argan-Oil-Hair-Care-Essence-Hair-Loss-Treatment-For-Men-And-Women-Dry.jpg
249072,https://linhcorner.com/shop/uncategorized/natural-ginger-hair-growth-essence-prevent-hair-loss-powerful-hair-care-serum-fast-growth-prevent-baldness-product/,"Natural Ginger Hair Growth Essence Prevent Hair Loss Powerful Hair Care Serum Fast Growth Prevent Baldness Product",2020/09/Natural-Ginger-Hair-Growth-Essence-Prevent-Hair-Loss-Powerful-Hair-Care-Serum-Fast-Growth-Prevent-Baldness.jpg
249079,https://linhcorner.com/shop/uncategorized/60ml-hair-growth-essence-nourishing-scalp-hair-loss-treatment-liquid-pilatory-n/,"60ml Hair Growth Essence Nourishing Scalp Hair Loss Treatment Liquid Pilatory n",2020/09/60ml-Hair-Growth-Essence-Nourishing-Scalp-Hair-Loss-Treatment-Liquid-Pilatory-n.jpg
249082,https://linhcorner.com/shop/uncategorized/hair-growth-essence-fast-hair-grow-restoration-pilatory-professional-keratin-hair-care-styling-anti-hair-loss-dense-sunburst/,"Hair Growth Essence Fast Hair Grow Restoration Pilatory Professional Keratin Hair Care Styling Anti Hair Loss Dense Sunburst",2020/09/Hair-Growth-Essence-Fast-Hair-Grow-Restoration-Pilatory-Professional-Keratin-Hair-Care-Styling-Anti-Hair-Loss.jpg
249087,https://linhcorner.com/shop/uncategorized/drs-540-derma-roller-hair-regrowth-beard-growth-roller-anti-hair-loss-products-random-color/,"DRS 540 Derma Roller Hair Regrowth Beard Growth Roller Anti Hair Loss Products Random color",2020/09/DRS-540-Derma-Roller-Hair-Regrowth-Beard-Growth-Roller-Anti-Hair-Loss-Products-Random-color.jpg
249118,https://linhcorner.com/shop/uncategorized/omy-lady-anti-hair-loss-hair-growth-spray-essential-oil-liquid-for-men-women-dry-hair-regeneration-repairhair-loss-products/,"OMY LADY Anti Hair Loss Hair Growth Spray Essential Oil Liquid  For Men Women Dry Hair  Regeneration Repair,Hair Loss Products",2020/09/OMY-LADY-Anti-Hair-Loss-Hair-Growth-Spray-Essential-Oil-Liquid-For-Men-Women-Dry-Hair-18.jpg
249122,https://linhcorner.com/shop/uncategorized/efero-fast-powerful-ginger-hair-growth-essence-hair-loss-products-for-hair-growth-serum-beard-growth-essence-health-care-20ml/,"EFERO Fast Powerful Ginger Hair Growth Essence Hair Loss Products For Hair Growth Serum Beard Growth Essence Health Care 20ml",2020/09/EFERO-Fast-Powerful-Ginger-Hair-Growth-Essence-Hair-Loss-Products-For-Hair-Growth-Serum-Beard-Growth.jpg
249123,https://linhcorner.com/shop/uncategorized/hair-growth-ginger-germinal-oil-fast-hair-growth-essential-oil-anti-hair-loss-product-alopecia-treatment-for-men-women-30ml/,"Hair Growth Ginger Germinal Oil Fast Hair Growth Essential Oil Anti-Hair Loss Product Alopecia Treatment for Men Women 30ml",2020/09/Hair-Growth-Ginger-Germinal-Oil-Fast-Hair-Growth-Essential-Oil-Anti-Hair-Loss-Product-Alopecia-Treatment.jpg
249126,https://linhcorner.com/shop/uncategorized/1pcs-men-hair-sideburn-beard-mustache-repair-shape-growth-pen-beard-growth-pen-shaping-styling-spray-tools/,"1pcs Men Hair Sideburn Beard Mustache Repair Shape Growth Pen Beard Growth Pen Shaping Styling Spray Tools",2020/09/1pcs-Men-Hair-Sideburn-Beard-Mustache-Repair-Shape-Growth-Pen-Beard-Growth-Pen-Shaping-Styling-Spray.jpg
249128,https://linhcorner.com/shop/uncategorized/fast-powerful-hair-growth-essence-essential-oils-essence-hair-loss-products-health-care-beauty-dense-hair-growth-serum-hair-care/,"Fast Powerful Hair Growth Essence Essential Oils Essence Hair Loss Products Health Care Beauty Dense Hair Growth Serum Hair Care",2020/09/Fast-Powerful-Hair-Growth-Essence-Essential-Oils-Essence-Hair-Loss-Products-Health-Care-Beauty-Dense-Hair.jpg
249134,https://linhcorner.com/shop/uncategorized/2pcs-fast-hair-growth-oil-anti-hair-loss-products-treatment-tonic-beard-oil-natural-liquid-body-hair-care-treatment-solutions/,"2pcs Fast Hair Growth Oil Anti Hair Loss Products Treatment Tonic Beard Oil Natural Liquid Body Hair Care Treatment Solutions",2020/09/2pcs-Fast-Hair-Growth-Oil-Anti-Hair-Loss-Products-Treatment-Tonic-Beard-Oil-Natural-Liquid-Body.jpg
249166,https://linhcorner.com/shop/uncategorized/haircube-hair-growth-spray-anti-hair-loss-for-fast-hair-growth-treatment-oil-hair-tonic-hair-care-serum-hair-loss-products/,"HAIRCUBE Hair Growth Spray Anti Hair Loss for Fast Hair Growth Treatment Oil Hair Tonic Hair Care Serum Hair Loss Products",2020/09/HAIRCUBE-Hair-Growth-Spray-Anti-Hair-Loss-for-Fast-Hair-Growth-Treatment-Oil-Hair-Tonic-Hair.jpg
249177,https://linhcorner.com/shop/uncategorized/hair-growth-essence-oil-spray-fast-hair-growth-natural-anti-hair-loss-treatment-hair-solution-hair-care-products-hair-tonic/,"Hair Growth Essence Oil Spray Fast Hair Growth Natural Anti Hair Loss Treatment Hair Solution Hair Care Products Hair Tonic",2020/09/Hair-Growth-Essence-Oil-Spray-Fast-Hair-Growth-Natural-Anti-Hair-Loss-Treatment-Hair-Solution-Hair.jpg
249180,https://linhcorner.com/shop/uncategorized/fast-hair-growth-spray-anti-hair-loss-products-dense-body-and-chest-hair-eyebrows-and-beard-oil-treatment-help-for-men-20-ml/,"Fast Hair Growth Spray Anti Hair Loss Products Dense Body and Chest Hair Eyebrows and Beard Oil Treatment Help for Men 20 ml",2020/09/Fast-Hair-Growth-Spray-Anti-Hair-Loss-Products-Dense-Body-and-Chest-Hair-Eyebrows-and-Beard.jpg
249187,https://linhcorner.com/shop/uncategorized/hair-growth-treatment-spray-anti-hair-loss-essence-serum-for-fast-thick-hair-tonic-eyebrows-natural-healthy-hair-loss-treatment/,"Hair Growth Treatment Spray Anti Hair Loss Essence Serum for Fast Thick Hair Tonic Eyebrows Natural Healthy Hair Loss Treatment",2020/09/Hair-Growth-Treatment-Spray-Anti-Hair-Loss-Essence-Serum-for-Fast-Thick-Hair-Tonic-Eyebrows-Natural.jpg
249194,https://linhcorner.com/shop/uncategorized/3pcs-anti-hair-loss-products-hair-growth-spray-essential-serum-for-men-women-hair-growth-oil-natural-hair-care-essential-oil/,"3Pcs Anti Hair Loss Products Hair Growth Spray Essential Serum for Men Women Hair Growth Oil Natural Hair Care Essential Oil",2020/09/3Pcs-Anti-Hair-Loss-Products-Hair-Growth-Spray-Essential-Serum-for-Men-Women-Hair-Growth-Oil.jpg
249200,https://linhcorner.com/shop/uncategorized/haircube-hair-rapid-growth-essence-oil-anti-hair-loss-dense-hair-repair-damage-hair-serum-natural-organic-hair-care-spray/,"HAIRCUBE Hair Rapid Growth Essence Oil Anti Hair Loss Dense Hair Repair Damage Hair Serum Natural Organic Hair Care Spray",2020/09/HAIRCUBE-Hair-Rapid-Growth-Essence-Oil-Anti-Hair-Loss-Dense-Hair-Repair-Damage-Hair-Serum-Natural.jpg
249241,https://linhcorner.com/shop/uncategorized/haircube-beard-growth-essential-oil-natural-organic-beard-oil-hair-loss-product-for-men-beard-grow-nourishing-beard-care/,"HAIRCUBE Beard Growth Essential Oil Natural Organic Beard Oil Hair loss Product For Men Beard Grow Nourishing Beard Care",2020/09/HAIRCUBE-Beard-Growth-Essential-Oil-Natural-Organic-Beard-Oil-Hair-loss-Product-For-Men-Beard-Grow.jpg
249243,https://linhcorner.com/shop/uncategorized/efero-fast-powerful-ginger-hair-growth-essence-hair-loss-products-for-hair-growth-beard-growth-oil-essential-health-care-20ml/,"EFERO Fast Powerful Ginger Hair Growth Essence Hair Loss Products For Hair Growth Beard Growth Oil Essential Health Care 20ml",2020/09/EFERO-Fast-Powerful-Ginger-Hair-Growth-Essence-Hair-Loss-Products-For-Hair-Growth-Beard-Growth-Oil.jpg
249248,https://linhcorner.com/shop/uncategorized/hair-rapid-growth-spray-for-mens-body-and-chest-and-eyebrows-and-beard-thick-hair-treatment-loss-product-60ml-and-20ml/,"Hair Rapid Growth Spray  for Men's Body and Chest and Eyebrows and Beard Thick Hair Treatment Loss Product 60ml and 20ml",2020/09/Hair-Rapid-Growth-Spray-for-Men-s-Body-and-Chest-and-Eyebrows-and-Beard-Thick-Hair.jpg
249259,https://linhcorner.com/shop/uncategorized/20ml-powerful-ginger-hair-growth-essence-against-hair-loss-product-thicker-preventing-baldness-repair-demaged-hair-serum/,"20ml Powerful Ginger Hair Growth Essence Against Hair Loss Product Thicker Preventing Baldness Repair Demaged Hair Serum",2020/09/20ml-Powerful-Ginger-Hair-Growth-Essence-Against-Hair-Loss-Product-Thicker-Preventing-Baldness-Repair-Demaged-Hair.jpg
249269,https://linhcorner.com/shop/uncategorized/fast-hair-growth-essential-oil-anti-prevent-hair-lose-liquid-damaged-hair-repair-growing-for-women-men-hair-care-products/,"Fast Hair Growth Essential Oil Anti Prevent Hair Lose Liquid Damaged Hair Repair Growing For Women Men Hair Care Products",2020/09/Fast-Hair-Growth-Essential-Oil-Anti-Prevent-Hair-Lose-Liquid-Damaged-Hair-Repair-Growing-For-Women.jpg
249285,https://linhcorner.com/shop/uncategorized/2pcs-anti-hair-loss-essence-oil-hair-growth-treatment-fast-thick-hair-eyebrows-support-natural-healthy-hair-treatment-hair-care/,"2pcs Anti Hair Loss Essence Oil Hair Growth Treatment  Fast Thick Hair Eyebrows Support Natural Healthy Hair Treatment Hair Care",2020/09/2pcs-Anti-Hair-Loss-Essence-Oil-Hair-Growth-Treatment-Fast-Thick-Hair-Eyebrows-Support-Natural-Healthy.jpg
249296,https://linhcorner.com/shop/uncategorized/hair-growth-serum-essential-oil-anti-hair-loss-treament-damage-hair-repair-treatment-dense-fast-hair-growth-hair-tonic/,"Hair Growth Serum Essential Oil Anti Hair Loss Treament Damage Hair Repair Treatment Dense Fast Hair Growth Hair Tonic",2020/09/Hair-Growth-Serum-Essential-Oil-Anti-Hair-Loss-Treament-Damage-Hair-Repair-Treatment-Dense-Fast-Hair.jpg
249304,https://linhcorner.com/shop/uncategorized/organic-beard-oil-hair-loss-product-beard-growth-oil-for-growth-men-beard-grow-nourishing-enhancer-moustache-beard-care/,"Organic Beard Oil Hair loss Product Beard Growth Oil For Growth Men Beard Grow Nourishing Enhancer Moustache Beard Care",2020/09/Organic-Beard-Oil-Hair-loss-Product-Beard-Growth-Oil-For-Growth-Men-Beard-Grow-Nourishing-Enhancer.jpg
249324,https://linhcorner.com/shop/uncategorized/2pcs-hair-growth-oil-essence-for-hair-growth-serum-thickener-hair-loss-product-100-natural-extract-liquid-oil-fast-hair-growth/,"2Pcs Hair Growth Oil Essence for Hair Growth Serum Thickener Hair Loss Product 100% Natural Extract Liquid Oil Fast Hair Growth",2020/09/2Pcs-Hair-Growth-Oil-Essence-for-Hair-Growth-Serum-Thickener-Hair-Loss-Product-100-Natural-Extract.jpg
249334,https://linhcorner.com/shop/uncategorized/hair-growth-essence-oil-hair-growth-serum-anti-hair-loss-treatment-solution-hair-care-hair-loss-produrts-hair-tonic/,"Hair Growth Essence Oil Hair Growth Serum Anti Hair Loss Treatment Solution Hair Care Hair Loss Produrts Hair Tonic",2020/09/Hair-Growth-Essence-Oil-Hair-Growth-Serum-Anti-Hair-Loss-Treatment-Solution-Hair-Care-Hair-Loss.jpg
249338,https://linhcorner.com/shop/uncategorized/hair-loss-products-for-hair-regrowth-serum-liquid-hair-care-essential-oil-herb-natural-care-treatment-hair-salon/,"Hair Loss Products for Hair Regrowth Serum Liquid Hair Care Essential Oil Herb Natural Care Treatment Hair Salon",2020/09/Hair-Loss-Products-for-Hair-Regrowth-Serum-Liquid-Hair-Care-Essential-Oil-Herb-Natural-Care-Treatment.jpg
249349,https://linhcorner.com/shop/uncategorized/fast-hair-growth-essence-oil-hair-treatment-anti-hair-loss-help-for-men-women-hair-growth-hair-care-product-liquid-30ml/,"Fast Hair Growth Essence Oil Hair Treatment Anti Hair Loss Help for Men Women Hair Growth Hair Care Product Liquid 30ml",2020/09/Fast-Hair-Growth-Essence-Oil-Hair-Treatment-Anti-Hair-Loss-Help-for-Men-Women-Hair-Growth.jpg
249359,https://linhcorner.com/shop/uncategorized/hair-growth-serum-essence-oil-for-fast-hair-growth-anti-hair-loss-treatment-ginger-hair-loss-products-for-women-men-hair-tonic/,"Hair Growth Serum Essence Oil for Fast Hair Growth Anti Hair Loss Treatment Ginger Hair Loss Products for Women Men Hair Tonic",2020/09/Hair-Growth-Serum-Essence-Oil-for-Fast-Hair-Growth-Anti-Hair-Loss-Treatment-Ginger-Hair-Loss.jpg
249363,https://linhcorner.com/shop/uncategorized/3pcs-anti-hair-loss-essence-hair-growth-treatment-oil-fast-thick-hair-eyebrows-support-natural-healthy-hair-treatment-for-women/,"3Pcs Anti Hair Loss Essence Hair Growth Treatment Oil Fast Thick Hair Eyebrows Support Natural Healthy Hair Treatment for Women",2020/09/3Pcs-Anti-Hair-Loss-Essence-Hair-Growth-Treatment-Oil-Fast-Thick-Hair-Eyebrows-Support-Natural-Healthy.jpg
249373,https://linhcorner.com/shop/uncategorized/hair-care-hair-growth-essential-oils-essence-grow-hair-fluid-prevent-hair-loss-health-care-beauty-dense-hair-growth-serum/,"Hair Care Hair Growth Essential Oils Essence Grow Hair Fluid Prevent Hair Loss Health Care Beauty Dense Hair Growth Serum",2020/09/Hair-Care-Hair-Growth-Essential-Oils-Essence-Grow-Hair-Fluid-Prevent-Hair-Loss-Health-Care-Beauty.jpg
249380,https://linhcorner.com/shop/uncategorized/haircube-hair-growth-spray-anti-hair-loss-products-for-fast-hair-growth-treatment-oil-hair-tonic-hair-care-serum-anti-hair-loss/,"HAIRCUBE Hair Growth Spray Anti Hair Loss Products for Fast Hair Growth Treatment Oil Hair Tonic Hair Care Serum Anti Hair Loss",2020/09/HAIRCUBE-Hair-Growth-Spray-Anti-Hair-Loss-Products-for-Fast-Hair-Growth-Treatment-Oil-Hair-Tonic.jpg
249402,https://linhcorner.com/shop/uncategorized/anti-hair-loss-nourishing-essence-spray-natural-extract-relieve-hair-loss-and-strongen-roots-nourish-scalp-thicken-hair-60ml/,"Anti Hair Loss Nourishing Essence Spray Natural Extract Relieve Hair Loss and Strongen Roots Nourish Scalp Thicken Hair 60ml",2020/09/Anti-Hair-Loss-Nourishing-Essence-Spray-Natural-Extract-Relieve-Hair-Loss-and-Strongen-Roots-Nourish-Scalp.jpg
249407,https://linhcorner.com/shop/uncategorized/hair-growth-serum-essence-oil-anti-hair-loss-treatment-for-hair-growth-beard-triple-ball-massager-hair-care-hair-regroth-tonic/,"Hair Growth Serum Essence Oil Anti Hair Loss Treatment for Hair Growth Beard Triple Ball Massager Hair Care Hair Regroth Tonic",2020/09/Hair-Growth-Serum-Essence-Oil-Anti-Hair-Loss-Treatment-for-Hair-Growth-Beard-Triple-Ball-Massager.jpg
249410,https://linhcorner.com/shop/uncategorized/3-pcs-haircub-hair-growth-spray-for-fast-hair-growth-anti-hair-loss-treatment-hair-care-tonic-thickener-hair-growth-essence-oil/,"3 Pcs HAIRCUB Hair Growth Spray for Fast Hair Growth Anti Hair Loss Treatment Hair Care Tonic Thickener Hair Growth Essence Oil",2020/09/3-Pcs-HAIRCUB-Hair-Growth-Spray-for-Fast-Hair-Growth-Anti-Hair-Loss-Treatment-Hair-Care.jpg
249412,https://linhcorner.com/shop/uncategorized/hair-growth-essence-essential-oil-natural-herbal-for-hair-growth-treatment-prevent-anti-hair-loss-hair-care-products-hair-tonic/,"Hair Growth Essence Essential Oil Natural Herbal for Hair Growth Treatment Prevent Anti Hair Loss Hair Care Products Hair Tonic",2020/09/Hair-Growth-Essence-Essential-Oil-Natural-Herbal-for-Hair-Growth-Treatment-Prevent-Anti-Hair-Loss-Hair.jpg
249416,https://linhcorner.com/shop/uncategorized/7-days-ginger-hair-growth-serum-germinal-hair-growth-essence-oil-hair-loss-treatement-growth-hair-for-thin-hair-men-women-30ml/,"7 Days Ginger Hair Growth Serum Germinal Hair Growth Essence Oil Hair Loss Treatement Growth Hair for Thin hair Men Women 30ML",2020/09/7-Days-Ginger-Hair-Growth-Serum-Germinal-Hair-Growth-Essence-Oil-Hair-Loss-Treatement-Growth-Hair.jpg
249454,https://linhcorner.com/shop/uncategorized/hair-essence-oil-anti-hair-loss-products-for-fast-hair-growth-treatment-hair-care-products-for-women-men-hair-tonic-hair-care/,"Hair Essence Oil Anti Hair Loss Products for Fast Hair Growth Treatment Hair Care Products for Women Men Hair Tonic Hair Care",2020/09/Hair-Essence-Oil-Anti-Hair-Loss-Products-for-Fast-Hair-Growth-Treatment-Hair-Care-Products-for.jpg
249462,https://linhcorner.com/shop/uncategorized/beard-growth-enhancer-thickener-beard-essential-oil-for-men-beard-growth-anti-hair-loss-products-for-moustache-fast-grow-beard/,"Beard Growth Enhancer Thickener Beard Essential Oil for Men Beard Growth Anti Hair Loss Products for Moustache Fast Grow Beard",2020/09/Beard-Growth-Enhancer-Thickener-Beard-Essential-Oil-for-Men-Beard-Growth-Anti-Hair-Loss-Products-for.jpg
249472,https://linhcorner.com/shop/uncategorized/3-pieces-hair-essence-anti-hair-loss-treatment-hair-growth-essential-oil-hair-care-fast-powerful-hair-scalp-repair-30ml/,"3 Pieces Hair Essence Anti-Hair Loss Treatment Hair Growth Essential Oil Hair Care Fast Powerful Hair Scalp Repair 30ml",2020/09/3-Pieces-Hair-Essence-Anti-Hair-Loss-Treatment-Hair-Growth-Essential-Oil-Hair-Care-Fast-Powerful.jpg
249473,https://linhcorner.com/shop/uncategorized/2pcs-hair-loss-treatment-for-help-hair-growth-essence-to-smooth-coarse-repair-hair-root-and-scalp-hair-care-solution-products/,"2pcs Hair Loss Treatment for Help Hair Growth Essence to Smooth Coarse Repair Hair Root and Scalp Hair Care Solution Products",2020/09/2pcs-Hair-Loss-Treatment-for-Help-Hair-Growth-Essence-to-Smooth-Coarse-Repair-Hair-Root-and.jpg
249479,https://linhcorner.com/shop/uncategorized/putimi-powerful-hair-growth-serum-essence-prevent-hair-loss-products-longer-thicker-hair-anti-baldness-hair-growth-essence/,"Putimi Powerful Hair Growth Serum Essence Prevent Hair Loss Products Longer Thicker Hair Anti Baldness Hair Growth Essence",2020/09/Putimi-Powerful-Hair-Growth-Serum-Essence-Prevent-Hair-Loss-Products-Longer-Thicker-Hair-Anti-Baldness-Hair.jpg
249483,https://linhcorner.com/shop/uncategorized/hair-growth-products-ginger-oil-hair-growth-faster-grow-hair-ginger-shampoo-stop-hair-loss-plant-treatment/,"Hair Growth Products Ginger Oil Hair Growth Faster Grow Hair Ginger Shampoo Stop Hair Loss Plant Treatment",2020/09/Hair-Growth-Products-Ginger-Oil-Hair-Growth-Faster-Grow-Hair-Ginger-Shampoo-Stop-Hair-Loss-Plant.jpg
249499,https://linhcorner.com/shop/uncategorized/2pcs-hair-growth-oil-treatment-anti-hair-loss-men-beard-growth-oil-topical-solutions-repair-damage-hair-roots-hair-care-products/,"2pcs Hair Growth Oil Treatment Anti Hair Loss Men Beard Growth Oil Topical Solutions Repair Damage Hair Roots Hair Care Products",2020/09/2pcs-Hair-Growth-Oil-Treatment-Anti-Hair-Loss-Men-Beard-Growth-Oil-Topical-Solutions-Repair-Damage.jpg
