253211,https://linhcorner.com/shop/uncategorized/new-1pc-100ml-fashion-smoky-gray-punk-style-light-gray-silver-color-nature-permanent-super-hair-dye-cream-girls-beauty-hair-2/,"New 1Pc 100Ml Fashion Smoky Gray Punk Style Light Gray Silver Color Nature Permanent Super Hair Dye Cream Girls Beauty Hair",2020/09/New-1Pc-100Ml-Fashion-Smoky-Gray-Punk-Style-Light-Gray-Silver-Color-Nature-Permanent-Super-Hair-5.jpg
253215,https://linhcorner.com/shop/uncategorized/2020-colorful-barber-stirrer-salon-hairdressing-dye-whisk-hair-mixer-barber-stirrer-hair-care-styling-tools-random-color/,"2020 Colorful Barber Stirrer Salon Hairdressing Dye Whisk Hair Mixer Barber Stirrer Hair Care Styling Tools Random Color",2020/09/2020-Colorful-Barber-Stirrer-Salon-Hairdressing-Dye-Whisk-Hair-Mixer-Barber-Stirrer-Hair-Care-Styling-Tools.jpg
253216,https://linhcorner.com/shop/uncategorized/hair-dye-kithair-coloring-brush-setbalayage-brushhair-brusheshair-bleach-styling-brush-for-hair-dyeinghair-dye-brush/,"Hair dye kit,Hair coloring brush set,Balayage brush,Hair brushes,Hair Bleach Styling Brush for Hair Dyeing,Hair Dye Brush",2020/09/Hair-dye-kit-Hair-coloring-brush-set-Balayage-brush-Hair-brushes-Hair-Bleach-Styling-Brush-for.jpg
253218,https://linhcorner.com/shop/uncategorized/brand-black-brown-temporary-hair-dye-cream-mild-fast-one-off-hair-color-pen-cover-white-hair-diy-styling-makeup-stick-tlsm2/,"Brand Black Brown Temporary Hair Dye Cream Mild Fast One-off Hair Color Pen Cover White Hair DIY Styling Makeup Stick TLSM2",2020/09/Brand-Black-Brown-Temporary-Hair-Dye-Cream-Mild-Fast-One-off-Hair-Color-Pen-Cover-White.jpg
253220,https://linhcorner.com/shop/uncategorized/k-s-wigs-100-remy-human-hair-color-rings-color-charts-37-colors-available-can-be-dyed-for-salon-sample-free-shipping/,"K.S Wigs 100% Remy Human Hair Color Rings/ Color Charts 37 Colors Available Can Be Dyed For Salon Sample Free Shipping",2020/09/K-S-Wigs-100-Remy-Human-Hair-Color-Rings-Color-Charts-37-Colors-Available-Can-Be.jpg
253222,https://linhcorner.com/shop/uncategorized/hot-new-hair-color-dye-bowl-comb-brushes-tool-kit-set-tint-coloring-dye-bowl-comb-brush-twin-high-quality-headed-brushes-set/,"HOT new Hair Color Dye Bowl Comb Brushes Tool Kit Set Tint Coloring Dye Bowl Comb Brush Twin High Quality Headed Brushes Set",2020/09/HOT-new-Hair-Color-Dye-Bowl-Comb-Brushes-Tool-Kit-Set-Tint-Coloring-Dye-Bowl-Comb.jpg
253266,https://linhcorner.com/shop/uncategorized/4-color-set-professional-fast-temporary-hair-dye-powder-cake-styling-hair-chalk-set-soft-pastels-salon-hair-color-tools-kit-non/,"4 Color/set Professional Fast Temporary Hair Dye Powder Cake Styling Hair Chalk Set Soft Pastels Salon Hair Color Tools Kit Non-",2020/09/4-Color-set-Professional-Fast-Temporary-Hair-Dye-Powder-Cake-Styling-Hair-Chalk-Set-Soft-Pastels.jpg
253272,https://linhcorner.com/shop/uncategorized/non-toxic-one-time-mini-hair-color-comb-6-colors-dye-cream-kits-temporary-party-cosplay-salon-hair-wax-tslm2-fr-us-es-stock/,"Non-toxic One-time Mini Hair Color Comb 6 Colors Dye Cream Kits Temporary party Cosplay Salon Hair Wax TSLM2 FR/US/ES Stock",2020/09/Non-toxic-One-time-Mini-Hair-Color-Comb-6-Colors-Dye-Cream-Kits-Temporary-party-Cosplay.jpg
253284,https://linhcorner.com/shop/uncategorized/one-time-hair-dye-instant-gray-root-coverage-hair-color-modify-cream-stick-temporary-cover-up-white-hair-colour-dye/,"One-Time Hair dye Instant Gray Root Coverage Hair Color Modify Cream Stick Temporary Cover Up White Hair Colour Dye",2020/09/One-Time-Hair-dye-Instant-Gray-Root-Coverage-Hair-Color-Modify-Cream-Stick-Temporary-Cover-Up.jpg
253288,https://linhcorner.com/shop/uncategorized/multi-purpose-vegetable-slicer-stainless-steel-grater-cutter-shredders-fruit-potato-peeler-carrot-grater-kitchen-accessories-new/,"Multi-purpose Vegetable Slicer Stainless Steel Grater Cutter Shredders Fruit Potato Peeler Carrot Grater Kitchen Accessories new",2020/09/Multi-purpose-Vegetable-Slicer-Stainless-Steel-Grater-Cutter-Shredders-Fruit-Potato-Peeler-Carrot-Grater-Kitchen-Accessories.jpg
253329,https://linhcorner.com/shop/uncategorized/professional-salon-hairdressing-hair-applicator-brush-dispensing-salon-hair-coloring-dyeing-pick-color-board-hair-styling-tool/,"Professional Salon Hairdressing Hair Applicator Brush Dispensing Salon Hair Coloring Dyeing Pick Color Board Hair Styling Tool",2020/09/Professional-Salon-Hairdressing-Hair-Applicator-Brush-Dispensing-Salon-Hair-Coloring-Dyeing-Pick-Color-Board-Hair-Styling.jpg
253349,https://linhcorner.com/shop/uncategorized/full-shine-tape-in-human-hair-extensions-pure-blonde-colorful-hair-20pcs-adhesive-skin-weft-glue-on-hair-machine-made-remy/,"Full Shine Tape in Human Hair Extensions Pure Blonde Colorful Hair 20pcs Adhesive Skin Weft Glue on Hair Machine Made Remy",2020/09/Full-Shine-Tape-in-Human-Hair-Extensions-Pure-Blonde-Colorful-Hair-20pcs-Adhesive-Skin-Weft-Glue.jpg
253401,https://linhcorner.com/shop/uncategorized/1pc-92ml-professional-use-colour-cream-grey-purple-red-hair-color-dye-cream-semi-permanent-paint-for-hair-styling-tools/,"1pc 92ml Professional Use Colour Cream grey purple red Hair Color Dye Cream Semi Permanent Paint for hair Styling Tools",2020/09/1pc-92ml-Professional-Use-Colour-Cream-grey-purple-red-Hair-Color-Dye-Cream-Semi-Permanent-Paint.jpg
253405,https://linhcorner.com/shop/uncategorized/hot-selling-popular-12-colors-non-toxic-temporary-salon-kit-pastel-chalk-pastel-chalk-use-for-hair-fast-delivery/,"Hot Selling Popular 12 Colors Non-toxic Temporary Salon Kit Pastel  Chalk Pastel Chalk Use For Hair  Fast Delivery",2020/09/Hot-Selling-Popular-12-Colors-Non-toxic-Temporary-Salon-Kit-Pastel-Chalk-Pastel-Chalk-Use-For.jpg
253409,https://linhcorner.com/shop/uncategorized/mermaid-hair-coloring-shampoo-mild-safe-hair-dyeing-shampoo-for-all-hairs-one-time-molding-paste-dye-cream-hair/,"Mermaid Hair Coloring Shampoo Mild Safe Hair Dyeing Shampoo for All Hairs One-time Molding Paste Dye Cream Hair",2020/09/Mermaid-Hair-Coloring-Shampoo-Mild-Safe-Hair-Dyeing-Shampoo-for-All-Hairs-One-time-Molding-Paste.jpg
253412,https://linhcorner.com/shop/uncategorized/4g-hair-edge-finishing-cream-refreshing-hair-shadow-powder-waterproof-hair-line-edge-control-powder-makeup-hair-concealer-tslm1/,"4g Hair Edge Finishing Cream Refreshing Hair Shadow Powder Waterproof Hair Line Edge Control Powder Makeup Hair Concealer TSLM1",2020/09/4g-Hair-Edge-Finishing-Cream-Refreshing-Hair-Shadow-Powder-Waterproof-Hair-Line-Edge-Control-Powder-Makeup.jpg
253417,https://linhcorner.com/shop/uncategorized/leeven-28-braiding-hair-long-colorful-synthetic-zizi-box-braids-crochet-hair-extension-pink-write-purple-fiber-45g/,"Leeven 28'' Braiding Hair Long Colorful Synthetic Zizi Box Braids Crochet Hair Extension Pink Write Purple Fiber 45g",2020/09/Leeven-28-Braiding-Hair-Long-Colorful-Synthetic-Zizi-Box-Braids-Crochet-Hair-Extension-Pink-Write-Purple.jpg
253492,https://linhcorner.com/shop/uncategorized/hot-6pcs-set-temporary-hair-dye-powder-cake-hair-color-crayons-styling-hair-chalk-set-non-toxic-salon-tools-kit-for-party/,"Hot 6pcs/set Temporary Hair Dye Powder Cake Hair Color Crayons Styling Hair Chalk Set Non-toxic Salon Tools Kit for Party",2020/09/Hot-6pcs-set-Temporary-Hair-Dye-Powder-Cake-Hair-Color-Crayons-Styling-Hair-Chalk-Set-Non.jpg
253504,https://linhcorner.com/shop/uncategorized/professional-hair-color-kits-long-lasting-hair-dye-one-time-hair-wax-blue-purple-pink-grey-hair-color-mascara-pj235/,"professional hair color kits long lasting Hair Dye one time hair wax blue purple pink grey hair color mascara PJ235",2020/09/professional-hair-color-kits-long-lasting-Hair-Dye-one-time-hair-wax-blue-purple-pink-grey.jpg
253585,https://linhcorner.com/shop/uncategorized/easy-1pc-disposable-mini-hair-dye-comb-grey-purple-red-hair-color-chalk-hair-dyeing-tool-for-personal-salon-use-crayons-tslm2/,"EASY! 1pc Disposable Mini Hair Dye Comb Grey Purple Red Hair Color Chalk Hair Dyeing Tool for Personal Salon Use Crayons TSLM2",2020/09/EASY-1pc-Disposable-Mini-Hair-Dye-Comb-Grey-Purple-Red-Hair-Color-Chalk-Hair-Dyeing-Tool.jpg
253597,https://linhcorner.com/shop/uncategorized/envy-look-natural-color-body-wave-human-hair-3-4-bundles-brazilian-non-remy-hair-machine-double-weft-for-black-women-salon/,"Envy Look natural color body wave human hair 3/4 bundles brazilian Non-remy hair machine double weft for black women salon",2020/09/Envy-Look-natural-color-body-wave-human-hair-3-4-bundles-brazilian-Non-remy-hair-machine.jpg
253614,https://linhcorner.com/shop/uncategorized/13-colors-one-off-hair-color-dye-temporary-non-toxic-diy-hair-color-mascara-washable-one-time-hair-dye-crayons/,"13 Colors One-off Hair Color Dye Temporary Non-toxic DIY Hair Color Mascara Washable One-time Hair Dye Crayons",2020/09/13-Colors-One-off-Hair-Color-Dye-Temporary-Non-toxic-DIY-Hair-Color-Mascara-Washable-One.jpg
253706,https://linhcorner.com/shop/uncategorized/mofajang-silver-grey-hair-color-wax-men-women-dye-gray-mud-pomade-harajuku-styling-products-hair-dye-wax-maquillaje-make-up/,"Mofajang Silver Grey Hair Color Wax Men Women Dye Gray Mud Pomade Harajuku Styling Products Hair Dye Wax maquillaje Make up",2020/09/Mofajang-Silver-Grey-Hair-Color-Wax-Men-Women-Dye-Gray-Mud-Pomade-Harajuku-Styling-Products-Hair.jpg
253764,https://linhcorner.com/shop/uncategorized/hair-dye-tint-semi-permanent-hair-coloring-cream-6colors-hair-care-styling-tools-women-men-92ml-fashion-natural-easy-to-use/,"Hair Dye Tint  Semi Permanent Hair Coloring Cream 6Colors Hair Care Styling Tools Women/Men 92ML Fashion Natural Easy to use",2020/09/Hair-Dye-Tint-Semi-Permanent-Hair-Coloring-Cream-6Colors-Hair-Care-Styling-Tools-Women-Men-92ML.jpg
253776,https://linhcorner.com/shop/uncategorized/hair-color-wax-mud-hair-dye-molding-hair-styling-coloring-paste-grandma-grey-black-wax-cream-one-time-paste-halloween-party/,"Hair Color Wax Mud Hair Dye Molding Hair Styling Coloring Paste Grandma Grey Black Wax Cream One-time Paste Halloween Party",2020/09/Hair-Color-Wax-Mud-Hair-Dye-Molding-Hair-Styling-Coloring-Paste-Grandma-Grey-Black-Wax-Cream.jpg
253815,https://linhcorner.com/shop/uncategorized/12-colors-set-2020-new-women-girls-non-toxic-temporary-salon-kit-pastel-chalk-pastel-chalk-use-for-hair/,"12 Colors/set 2020 New Women Girls Non-toxic Temporary Salon Kit Pastel Chalk Pastel Chalk Use For Hair",2020/09/12-Colors-set-2020-New-Women-Girls-Non-toxic-Temporary-Salon-Kit-Pastel-Chalk-Pastel-Chalk.jpg
253881,https://linhcorner.com/shop/uncategorized/temporary-hairline-hair-dye-cream-instant-gray-root-coverage-one-off-hair-color-pen-cover-white-up-hair-diy-styling-3-8g-tslm2/,"Temporary Hairline Hair Dye Cream Instant Gray Root Coverage One-off Hair Color Pen Cover White Up Hair DIY Styling 3.8g TSLM2",2020/09/Temporary-Hairline-Hair-Dye-Cream-Instant-Gray-Root-Coverage-One-off-Hair-Color-Pen-Cover-White.jpg
253891,https://linhcorner.com/shop/uncategorized/1pc-mild-formula-ginger-extracts-multicolor-instant-hair-dye-plant-formula-hair-shampoo-5-minutues-colored-hair-styling-tools/,"1PC Mild Formula Ginger Extracts Multicolor Instant Hair Dye Plant Formula Hair Shampoo 5 Minutues Colored Hair Styling Tools",2020/09/1PC-Mild-Formula-Ginger-Extracts-Multicolor-Instant-Hair-Dye-Plant-Formula-Hair-Shampoo-5-Minutues-Colored.jpg
253902,https://linhcorner.com/shop/uncategorized/1pc-professional-hair-color-mixing-paint-stirrer-pro-salon-hair-coloring-dye-mixer-tint-salon-stirrer-hair-styling-tools-tslm2/,"1PC Professional Hair Color Mixing Paint Stirrer Pro Salon Hair Coloring Dye Mixer Tint Salon Stirrer Hair Styling Tools TSLM2",2020/09/1PC-Professional-Hair-Color-Mixing-Paint-Stirrer-Pro-Salon-Hair-Coloring-Dye-Mixer-Tint-Salon-Stirrer.jpg
253937,https://linhcorner.com/shop/uncategorized/12-colors-hair-dye-mascara-non-toxic-disposable-hair-colourants-hair-coloring-pencil-tslm1/,"12 Colors Hair Dye Mascara Non-Toxic Disposable Hair Colourants Hair Coloring Pencil TSLM1",2020/09/12-Colors-Hair-Dye-Mascara-Non-Toxic-Disposable-Hair-Colourants-Hair-Coloring-Pencil-TSLM1.jpg
253998,https://linhcorner.com/shop/uncategorized/mofajang-color-hair-wax-styling-pomade-silver-grandma-grey-disposable-natural-hair-strong-gel-cream-hair-dye-for-women-men-120g/,"Mofajang Color Hair Wax Styling Pomade Silver Grandma Grey Disposable Natural Hair Strong Gel Cream Hair Dye for Women Men 120g",2020/09/Mofajang-Color-Hair-Wax-Styling-Pomade-Silver-Grandma-Grey-Disposable-Natural-Hair-Strong-Gel-Cream-Hair.jpg
254025,https://linhcorner.com/shop/uncategorized/sevich-hair-color-wax-hair-dye-permanent-hair-colors-cream-unisex-strong-hold-grey-disposable-pastel-dynamic-hairstyles-tslm1/,"Sevich Hair Color Wax Hair Dye Permanent Hair Colors Cream Unisex Strong Hold  Grey Disposable Pastel Dynamic Hairstyles TSLM1",2020/09/Sevich-Hair-Color-Wax-Hair-Dye-Permanent-Hair-Colors-Cream-Unisex-Strong-Hold-Grey-Disposable-Pastel.jpg
254041,https://linhcorner.com/shop/uncategorized/mofajang-7-colors-120g-disposable-hair-color-wax-dyeing-one-time-diy-molding-paste-sliver-grandma-green-hair-dye-wax-mud-cream/,"Mofajang 7 colors 120g Disposable hair Color Wax Dyeing one-time DIY molding paste Sliver Grandma Green Hair Dye Wax Mud Cream",2020/09/Mofajang-7-colors-120g-Disposable-hair-Color-Wax-Dyeing-one-time-DIY-molding-paste-Sliver-Grandma.jpg
254069,https://linhcorner.com/shop/uncategorized/disposable-multicolour-hair-dye-pen-long-lasting-lipstick-shape-natural-hair-dye-paste-pure-plant-extracts-to-protect-scalptslm2/,"Disposable Multicolour Hair Dye Pen Long Lasting Lipstick Shape Natural Hair Dye Paste Pure Plant Extracts to Protect ScalpTSLM2",2020/09/Disposable-Multicolour-Hair-Dye-Pen-Long-Lasting-Lipstick-Shape-Natural-Hair-Dye-Paste-Pure-Plant-Extracts.jpg
254147,https://linhcorner.com/shop/uncategorized/hair-board-hair-tint-dyeing-highlighting-board-hairdressing-professional-pick-color-balayage-board-tool-brush-set/,"Hair Board Hair Tint Dyeing Highlighting Board Hairdressing Professional Pick Color Balayage Board Tool brush set",2020/09/Hair-Board-Hair-Tint-Dyeing-Highlighting-Board-Hairdressing-Professional-Pick-Color-Balayage-Board-Tool-brush-set.jpg
254162,https://linhcorner.com/shop/uncategorized/salon-hair-dye-permanent-no-irritation-hair-color-cream-wax-paint-gel-washable-9-colors-one-time-hair-color-spray-instant-color/,"Salon Hair Dye Permanent No Irritation Hair Color Cream Wax Paint Gel Washable 9 Colors One Time Hair Color Spray Instant Color",2020/09/Salon-Hair-Dye-Permanent-No-Irritation-Hair-Color-Cream-Wax-Paint-Gel-Washable-9-Colors-One.jpg
254169,https://linhcorner.com/shop/uncategorized/one-time-hair-dye-instant-gray-root-coverage-hair-color-modify-cream-stick-temporary-cover-up-white-hair-colour-dye-3-8g/,"One-Time Hair dye Instant Gray Root Coverage Hair Color Modify Cream Stick Temporary Cover Up White Hair Colour Dye 3.8g",2020/09/One-Time-Hair-dye-Instant-Gray-Root-Coverage-Hair-Color-Modify-Cream-Stick-Temporary-Cover-Up-5.jpg
254198,https://linhcorner.com/shop/uncategorized/12-colors-disposable-mini-hair-dye-mascara-grey-purple-red-hair-color-chalk-hair-dyeing-tool-for-personal-salon-tslm1/,"12 Colors Disposable Mini Hair Dye Mascara Grey Purple Red Hair Color Chalk Hair Dyeing Tool For Personal Salon TSLM1",2020/09/12-Colors-Disposable-Mini-Hair-Dye-Mascara-Grey-Purple-Red-Hair-Color-Chalk-Hair-Dyeing-Tool.jpg
254220,https://linhcorner.com/shop/uncategorized/2019-hot-fashion-temporary-hair-color-modified-cream-color-repair-pen-dye-kit-portable-anti-static-plant-mild-cover-tslm1/,"2019 Hot Fashion Temporary Hair Color Modified Cream Color Repair Pen Dye Kit Portable Anti-static Plant Mild Cover TSLM1",2020/09/2019-Hot-Fashion-Temporary-Hair-Color-Modified-Cream-Color-Repair-Pen-Dye-Kit-Portable-Anti-static.jpg
254245,https://linhcorner.com/shop/uncategorized/2020-professional-mermaid-hair-coloring-shampoo-mild-safe-hair-dyeing-shampoo-for-all-hairs-colors-semi-permanent-hair-dye/,"2020 Professional Mermaid Hair Coloring Shampoo Mild Safe Hair Dyeing Shampoo for All Hairs  colors semi permanent hair dye",2020/09/2020-Professional-Mermaid-Hair-Coloring-Shampoo-Mild-Safe-Hair-Dyeing-Shampoo-for-All-Hairs-colors-semi.jpg
254248,https://linhcorner.com/shop/uncategorized/klaiyi-brazilian-hair-weave-3-bundles-body-wave-natural-black-color-human-hair-extension-remy-hair-3-pieces-lot-can-be-dyed/,"Klaiyi Brazilian Hair Weave 3 Bundles Body Wave Natural Black Color Human Hair Extension Remy Hair 3 pieces/lot Can Be Dyed",2020/09/Klaiyi-Brazilian-Hair-Weave-3-Bundles-Body-Wave-Natural-Black-Color-Human-Hair-Extension-Remy-Hair.jpg
254316,https://linhcorner.com/shop/uncategorized/100ml-mermaid-hair-coloring-shampoo-mild-safe-hair-dyeing-shampoo-for-all-hairs-hair-coloring-cream/,"100ml Mermaid Hair Coloring Shampoo Mild Safe Hair Dyeing Shampoo for All Hairs Hair Coloring Cream",2020/09/100ml-Mermaid-Hair-Coloring-Shampoo-Mild-Safe-Hair-Dyeing-Shampoo-for-All-Hairs-Hair-Coloring-Cream.jpg
254376,https://linhcorner.com/shop/uncategorized/6-colors-professional-temporary-hair-dye-powder-cake-styling-hair-chalk-set-soft-pastels-salon-hair-color-tools-kit-non-toxic/,"6 Colors Professional Temporary Hair-Dye Powder Cake Styling Hair-Chalk Set Soft Pastels Salon Hair-Color Tools Kit Non-toxic",2020/09/6-Colors-Professional-Temporary-Hair-Dye-Powder-Cake-Styling-Hair-Chalk-Set-Soft-Pastels-Salon-Hair.jpg
254381,https://linhcorner.com/shop/uncategorized/suavecito-unisex-hair-color-wax-mud-pomade-molding-hair-styling-coloring-tool-keep-hair-menshairstyle-ointment-hairstyles-gel/,"Suavecito Unisex Hair Color Wax Mud pomade Molding Hair Styling Coloring tool keep hair menshairstyle ointment hairstyles gel",2020/09/Suavecito-Unisex-Hair-Color-Wax-Mud-pomade-Molding-Hair-Styling-Coloring-tool-keep-hair-menshairstyle-ointment.jpg
254403,https://linhcorner.com/shop/uncategorized/curly-wave-hair-bundles-6-pcs-lot-190g-lot-brazilian-human-hair-bundles-nature-black-human-hair-extension-remy-hair-brenda-hair/,"Curly Wave Hair Bundles 6 Pcs/Lot 190g/Lot Brazilian Human Hair Bundles Nature Black Human Hair Extension Remy Hair Brenda Hair",2020/09/Curly-Wave-Hair-Bundles-6-Pcs-Lot-190g-Lot-Brazilian-Human-Hair-Bundles-Nature-Black-Human.jpg
254409,https://linhcorner.com/shop/uncategorized/hair-color-fashion-unisex-hair-gel-temporary-colors-cream-blue-gray-hair-dye-wax-easy-wash-plants-component-better-than-others/,"Hair Color Fashion Unisex Hair gel Temporary Colors Cream BLUE Gray Hair Dye Wax Easy Wash Plants Component better than others",2020/09/Hair-Color-Fashion-Unisex-Hair-gel-Temporary-Colors-Cream-BLUE-Gray-Hair-Dye-Wax-Easy-Wash.jpg
254423,https://linhcorner.com/shop/uncategorized/xy-fancy-men-beard-dye-cream-fast-color-natural-black-beard-tint-cream-with-1-pair-of-disposable-gloves/,"XY Fancy Men Beard Dye Cream Fast Color Natural Black Beard Tint Cream with 1 Pair of Disposable Gloves",2020/09/XY-Fancy-Men-Beard-Dye-Cream-Fast-Color-Natural-Black-Beard-Tint-Cream-with-1-Pair.jpg
254449,https://linhcorner.com/shop/uncategorized/5pcs-hair-dye-color-brush-bowl-set-with-ear-caps-dye-mixer-hair-tint-dying-coloring-applicator-hairdressing-styling-accessorie/,"5PCS Hair Dye Color Brush Bowl Set with Ear Caps Dye Mixer Hair Tint Dying Coloring Applicator Hairdressing Styling Accessorie",2020/09/5PCS-Hair-Dye-Color-Brush-Bowl-Set-with-Ear-Caps-Dye-Mixer-Hair-Tint-Dying-Coloring.jpg
254488,https://linhcorner.com/shop/uncategorized/1pcs-30ml-instant-temporary-hair-coloring-spray-instant-one-off-hair-dye-non-toxic-washable-one-time-liquid-hair-care-dropship/,"1Pcs 30ML Instant Temporary Hair Coloring Spray Instant One-off Hair Dye Non-toxic Washable One-time Liquid Hair Care Dropship",2020/09/1Pcs-30ML-Instant-Temporary-Hair-Coloring-Spray-Instant-One-off-Hair-Dye-Non-toxic-Washable-One.jpg
254507,https://linhcorner.com/shop/uncategorized/yyong-hair-peruvian-loose-wave-3-bundles-human-hair-with-lace-closure-44-lace-closure-with-bundles-natural-color-remy-hair/,"Yyong Hair Peruvian Loose Wave 3 Bundles Human Hair With Lace Closure 4*4 Lace Closure With Bundles Natural Color Remy Hair",2020/09/Yyong-Hair-Peruvian-Loose-Wave-3-Bundles-Human-Hair-With-Lace-Closure-4-4-Lace-Closure.jpg
254511,https://linhcorner.com/shop/uncategorized/gray-hair-dye-cream-unisex-smoky-gray-punk-style-100ml-light-grey-silver-permanent-hair-dye-color-cream-unisex-hair-creams/,"Gray Hair Dye Cream Unisex Smoky Gray Punk Style 100ml Light Grey Silver Permanent Hair Dye Color Cream Unisex Hair Creams",2020/09/Gray-Hair-Dye-Cream-Unisex-Smoky-Gray-Punk-Style-100ml-Light-Grey-Silver-Permanent-Hair-Dye.jpg
254524,https://linhcorner.com/shop/uncategorized/fashion-easy-temporary-colors-non-toxic-hair-chalk-dye-soft-hair-pastels-kit-newest-hair-color/,"Fashion Easy Temporary Colors Non-toxic Hair Chalk Dye Soft Hair Pastels Kit Newest Hair Color",2020/09/Fashion-Easy-Temporary-Colors-Non-toxic-Hair-Chalk-Dye-Soft-Hair-Pastels-Kit-Newest-Hair-Color.jpg
254527,https://linhcorner.com/shop/uncategorized/mofajang-disposable-hair-dye-cream-hair-color-wax-one-time-molding-paste-grandma-sliver-green-hair-dye-wax-mud-cream/,"Mofajang Disposable Hair Dye Cream Hair Color Wax One-time Molding Paste Grandma Sliver Green Hair Dye Wax Mud Cream",2020/09/Mofajang-Disposable-Hair-Dye-Cream-Hair-Color-Wax-One-time-Molding-Paste-Grandma-Sliver-Green-Hair.jpg
254581,https://linhcorner.com/shop/uncategorized/best-1-pcs-hair-tint-colorant-semi-permanent-long-lasing-hair-cream-color-dye-paint/,"Best 1 Pcs Hair Tint Colorant Semi Permanent Long Lasing Hair Cream Color Dye Paint",2020/09/Best-1-Pcs-Hair-Tint-Colorant-Semi-Permanent-Long-Lasing-Hair-Cream-Color-Dye-Paint.jpg
254623,https://linhcorner.com/shop/uncategorized/candy-color-women-floral-hair-scrunchie-bows-ponytail-holder-hairband-bowknot-elastic-hair-bands-girls-hair-ties-accessories/,"Candy Color Women Floral Hair Scrunchie Bows Ponytail Holder Hairband Bowknot Elastic Hair Bands Girls Hair Ties Accessories",2020/09/Candy-Color-Women-Floral-Hair-Scrunchie-Bows-Ponytail-Holder-Hairband-Bowknot-Elastic-Hair-Bands-Girls-Hair.jpg
254684,https://linhcorner.com/shop/uncategorized/home-salon-hair-dyeing-brush-hair-dyeing-cream-bowl-coloring-brush-comb-earcap-clips-dyeing-cape-kits-hair-tint-tool/,"Home Salon Hair Dyeing Brush Hair Dyeing Cream Bowl Coloring Brush Comb Earcap Clips Dyeing Cape Kits Hair Tint Tool",2020/09/Home-Salon-Hair-Dyeing-Brush-Hair-Dyeing-Cream-Bowl-Coloring-Brush-Comb-Earcap-Clips-Dyeing-Cape.jpg
254696,https://linhcorner.com/shop/uncategorized/temporary-crayons-for-hair-set-dye-hair-powdery-cake-color-hair-chalk-powder-4-color-hair-dye-color-paint-crayons-for-hair/,"Temporary Crayons For Hair Set Dye Hair Powdery Cake Color Hair Chalk Powder 4 Color Hair Dye Color Paint Crayons For Hair",2020/09/Temporary-Crayons-For-Hair-Set-Dye-Hair-Powdery-Cake-Color-Hair-Chalk-Powder-4-Color-Hair.jpg
254698,https://linhcorner.com/shop/uncategorized/natural-long-lasting-200ml-permanent-beard-dye-shampoo-for-men-beard-dying-removal-white-grey-beard-hair-men-beard-dye-shampoo/,"natural long lasting 200ml permanent beard dye shampoo for men beard dying removal white grey beard hair men beard dye shampoo",2020/09/natural-long-lasting-200ml-permanent-beard-dye-shampoo-for-men-beard-dying-removal-white-grey-beard.jpg
254711,https://linhcorner.com/shop/uncategorized/one-time-diy-mud-molding-7-colors-hair-color-wax-hair-dye-temporary-disposable-hair-chalk-paste-creme-modeling-easy-wash-tslm2/,"One-Time DIY Mud Molding 7 Colors Hair Color Wax Hair Dye Temporary Disposable Hair Chalk Paste Creme Modeling Easy Wash TSLM2",2020/09/One-Time-DIY-Mud-Molding-7-Colors-Hair-Color-Wax-Hair-Dye-Temporary-Disposable-Hair-Chalk.jpg
254774,https://linhcorner.com/shop/uncategorized/70g-pag-brown-claret-natural-plant-hair-powder-henna-temporary-hair-colors-hair-dye-hair-paint-colorful-dyes/,"70g/pag Brown Claret Natural Plant Hair Powder Henna Temporary Hair Colors Hair Dye Hair Paint Colorful Dyes",2020/09/70g-pag-Brown-Claret-Natural-Plant-Hair-Powder-Henna-Temporary-Hair-Colors-Hair-Dye-Hair-Paint.jpg
254788,https://linhcorner.com/shop/uncategorized/disposable-mini-hair-dye-grey-purple-red-hair-color-chalk-hair-dyeing-tool-for-personal-salon-use-crayons/,"Disposable Mini Hair Dye Grey Purple Red Hair Color Chalk Hair Dyeing Tool For Personal Salon Use Crayons",2020/09/Disposable-Mini-Hair-Dye-Grey-Purple-Red-Hair-Color-Chalk-Hair-Dyeing-Tool-For-Personal-Salon.jpg
254795,https://linhcorner.com/shop/uncategorized/mermaid-hair-coloring-shampoo-mild-safe-hair-dyeing-shampoo-for-men-women-all-hairs-100ml-semi-permanent-hair-dye/,"Mermaid Hair Coloring Shampoo Mild Safe Hair Dyeing Shampoo for Men Women All Hairs 100ml semi permanent hair dye",2020/09/Mermaid-Hair-Coloring-Shampoo-Mild-Safe-Hair-Dyeing-Shampoo-for-Men-Women-All-Hairs-100ml-semi.jpg
254797,https://linhcorner.com/shop/uncategorized/temporary-profession-hair-dye-cream-black-brown-mild-fast-one-off-hair-color-pen-cover-white-hair-diy-styling-makeup-stick-tslm2/,"Temporary Profession Hair Dye Cream Black/Brown Mild Fast One-off Hair Color Pen Cover White Hair DIY Styling Makeup Stick TSLM2",2020/09/Temporary-Profession-Hair-Dye-Cream-Black-Brown-Mild-Fast-One-off-Hair-Color-Pen-Cover-White.jpg
254806,https://linhcorner.com/shop/uncategorized/1pc-black-brown-long-lasting-temporary-hair-dye-cream-mild-fast-one-off-hair-color-pen-cover-white-hair-diy-styling-make-tslm2/,"1pc Black/Brown Long Lasting Temporary Hair Dye Cream Mild Fast One-off Hair Color Pen Cover White Hair DIY Styling Make TSLM2",2020/09/1pc-Black-Brown-Long-Lasting-Temporary-Hair-Dye-Cream-Mild-Fast-One-off-Hair-Color-Pen.jpg
254814,https://linhcorner.com/shop/uncategorized/k-s-wigs-100-human-hair-color-rings-color-charts-85-colors-available-can-be-dyed-for-salon-sample-free-shipping/,"K.S Wigs 100% Human Hair Color Rings/ Color Charts 85 Colors Available Can Be Dyed For Salon Sample Free Shipping",2020/09/K-S-Wigs-100-Human-Hair-Color-Rings-Color-Charts-85-Colors-Available-Can-Be-Dyed.jpg
254846,https://linhcorner.com/shop/uncategorized/13-colors-disposable-hair-color-hair-color-temporary-non-toxic-diy-hair-color-mascara-cream-blue-gray-purple-dropshipping-hot/,"13 Colors Disposable Hair Color Hair Color Temporary Non-toxic DIY Hair Color Mascara Cream Blue Gray Purple Dropshipping Hot",2020/09/13-Colors-Disposable-Hair-Color-Hair-Color-Temporary-Non-toxic-DIY-Hair-Color-Mascara-Cream-Blue.jpg
254868,https://linhcorner.com/shop/uncategorized/dropshipping-sexy-charming-8-colors-hair-tinsel-sparkle-glitter-extensions-highlights-false-hair-strands-party-styling-tslm2/,"Dropshipping Sexy Charming 8 Colors Hair Tinsel Sparkle Glitter Extensions Highlights False hair Strands Party Styling TSLM2",2020/09/Dropshipping-Sexy-Charming-8-Colors-Hair-Tinsel-Sparkle-Glitter-Extensions-Highlights-False-hair-Strands-Party-Styling.jpg
254871,https://linhcorner.com/shop/uncategorized/mofajang-7-colors-temporary-hair-color-wax-cream-pastel-hairstyles-hair-dye-gel-mud-paint-mud-colored-creme-silver-coloring-wax/,"Mofajang 7 Colors temporary hair color Wax Cream Pastel Hairstyles Hair Dye Gel Mud Paint Mud Colored Creme Silver Coloring Wax",2020/09/Mofajang-7-Colors-temporary-hair-color-Wax-Cream-Pastel-Hairstyles-Hair-Dye-Gel-Mud-Paint-Mud.jpg
254878,https://linhcorner.com/shop/uncategorized/synthetic-braiding-hair-extensions-dreadlocks-ombre-brown-color-x-tress-soft-straight-faux-locs-crochet-braids-hair-for-women/,"Synthetic Braiding Hair Extensions Dreadlocks Ombre Brown Color X-TRESS Soft Straight Faux Locs Crochet Braids Hair For Women",2020/09/Synthetic-Braiding-Hair-Extensions-Dreadlocks-Ombre-Brown-Color-X-TRESS-Soft-Straight-Faux-Locs-Crochet-Braids.jpg
254919,https://linhcorner.com/shop/uncategorized/x-tress-blonde-colored-synthetic-wigs-28inch-long-straight-machine-wig-cosplay-lolita-wig-heat-resistant-hair-for-women/,"X-TRESS Blonde Colored Synthetic Wigs 28inch Long Straight Machine Wig Cosplay Lolita Wig Heat Resistant Hair For Women",2020/09/X-TRESS-Blonde-Colored-Synthetic-Wigs-28inch-Long-Straight-Machine-Wig-Cosplay-Lolita-Wig-Heat-Resistant.jpg
254920,https://linhcorner.com/shop/uncategorized/hair-cream-double-oxygen-emulsion-unisex-permanent-hair-dye-color-cream-girls-beauty-hair-colors/,"Hair Cream Double oxygen emulsion Unisex Permanent Hair Dye Color Cream Girls Beauty Hair Colors",2020/09/Hair-Cream-Double-oxygen-emulsion-Unisex-Permanent-Hair-Dye-Color-Cream-Girls-Beauty-Hair-Colors.jpg
254968,https://linhcorner.com/shop/uncategorized/1-pcs-hair-color-instant-hair-dye-hair-shampoo-black-brown-hair-cover-up-long-lasting-natural-ginger-extracts-hair-styling-tools/,"1 Pcs Hair Color Instant Hair Dye Hair Shampoo black Brown Hair Cover Up Long Lasting Natural Ginger Extracts Hair Styling Tools",2020/09/1-Pcs-Hair-Color-Instant-Hair-Dye-Hair-Shampoo-black-Brown-Hair-Cover-Up-Long-Lasting.jpg
254999,https://linhcorner.com/shop/uncategorized/mofajang-9-colors-disposable-hair-color-wax-one-time-molding-paste-dye-sliver-grandma-green-hair-dye-wax-mud-cream-120g/,"Mofajang 9 Colors Disposable Hair Color Wax One-Time Molding Paste Dye Sliver Grandma Green Hair Dye Wax Mud Cream 120g",2020/09/Mofajang-9-Colors-Disposable-Hair-Color-Wax-One-Time-Molding-Paste-Dye-Sliver-Grandma-Green-Hair.jpg
255015,https://linhcorner.com/shop/uncategorized/hair-coloring-dyeing-kit-color-brush-comb-mixing-bowl-salon-tint-tool-set-hair-color-brushes-professional-hairdressing-tools/,"Hair Coloring Dyeing Kit Color Brush Comb Mixing Bowl Salon Tint Tool Set Hair Color Brushes Professional Hairdressing Tools",2020/09/Hair-Coloring-Dyeing-Kit-Color-Brush-Comb-Mixing-Bowl-Salon-Tint-Tool-Set-Hair-Color-Brushes.jpg
255038,https://linhcorner.com/shop/uncategorized/fashion-1set-4colors-hair-dye-temporary-hair-chalk-powder-soft-salon-hair-color-diy-chalks-for-the-hair-styling-party-christmas/,"Fashion 1Set 4Colors Hair Dye Temporary Hair Chalk Powder Soft Salon Hair Color DIY Chalks for The Hair Styling Party Christmas",2020/09/Fashion-1Set-4Colors-Hair-Dye-Temporary-Hair-Chalk-Powder-Soft-Salon-Hair-Color-DIY-Chalks-for.jpg
255049,https://linhcorner.com/shop/uncategorized/new-10ml-disposable-semi-permanent-hair-dye-cream-hair-dye-wax-hair-dyeing-gel-non-toxic-diy-hair-dye-hair-care-styling-tools/,"NEW 10ml Disposable Semi Permanent Hair Dye Cream Hair Dye Wax Hair Dyeing Gel Non-toxic DIY Hair Dye Hair Care Styling Tools",2020/09/NEW-10ml-Disposable-Semi-Permanent-Hair-Dye-Cream-Hair-Dye-Wax-Hair-Dyeing-Gel-Non-toxic.jpg
255066,https://linhcorner.com/shop/uncategorized/500ml-natural-argan-oil-essence-instant-hair-dye-shampoo-instant-hair-color-cream-cover-permanent-hair-coloring-shampoo-women/,"500ml Natural Argan Oil Essence Instant Hair Dye Shampoo Instant Hair Color Cream Cover Permanent Hair Coloring Shampoo  Women",2020/09/500ml-Natural-Argan-Oil-Essence-Instant-Hair-Dye-Shampoo-Instant-Hair-Color-Cream-Cover-Permanent-Hair.jpg
255080,https://linhcorner.com/shop/uncategorized/hair-coloring-cream-nourishing-hair-dye-color-cream-for-hair-salon-hair-dye-228ml/,"Hair Coloring Cream Nourishing Hair Dye Color Cream for Hair Salon Hair Dye 228ml",2020/09/Hair-Coloring-Cream-Nourishing-Hair-Dye-Color-Cream-for-Hair-Salon-Hair-Dye-228ml.jpg
255108,https://linhcorner.com/shop/uncategorized/dream-ices-deep-wave-pre-loop-synthetic-crochet-braid-hair-twists-braiding-hair-extension-20inch-80g/,"Dream ice's Deep Wave Pre-loop Synthetic Crochet Braid Hair Twists Braiding Hair Extension 20inch 80G",2020/09/Dream-ice-s-Deep-Wave-Pre-loop-Synthetic-Crochet-Braid-Hair-Twists-Braiding-Hair-Extension-20inch.jpg
255130,https://linhcorner.com/shop/uncategorized/6-colors-temporary-hair-dye-woman-chalk-hair-color-styling-tools-crayons-for-hair-professional-hair-care-disposable-dyeing-tslm2/,"6 Colors temporary hair dye woman Chalk Hair Color Styling Tools crayons for hair professional Hair Care Disposable Dyeing TSLM2",2020/09/6-Colors-temporary-hair-dye-woman-Chalk-Hair-Color-Styling-Tools-crayons-for-hair-professional-Hair.jpg
255156,https://linhcorner.com/shop/uncategorized/5pcs-dexe-fast-repair-black-hair-shampoo-in-hair-color-building-hair-fibers-only-5-minutes-hair-black-dye-cream-coloring-shampoo/,"5pcs Dexe Fast Repair Black Hair Shampoo In Hair Color Building Hair Fibers Only 5 Minutes Hair Black Dye Cream Coloring Shampoo",2020/09/5pcs-Dexe-Fast-Repair-Black-Hair-Shampoo-In-Hair-Color-Building-Hair-Fibers-Only-5-Minutes.jpg
255166,https://linhcorner.com/shop/uncategorized/salon-dye-silicone-cap-hook-hair-salon-color-coloring-highlighting-reusable-set-frosting-tipping-dyeing-color-tools/,"Salon Dye Silicone Cap + Hook Hair Salon Color Coloring Highlighting Reusable Set Frosting Tipping Dyeing Color Tools",2020/09/Salon-Dye-Silicone-Cap-Hook-Hair-Salon-Color-Coloring-Highlighting-Reusable-Set-Frosting-Tipping-Dyeing-Color.jpg
255206,https://linhcorner.com/shop/uncategorized/vikada-bleaching-hair-dye-color-bleaching-powder-hair-gradient-hair-cream-faded-powder-highlight-dyeing-powder/,"Vikada bleaching hair dye color bleaching powder hair gradient hair cream faded powder highlight dyeing powder",2020/09/Vikada-bleaching-hair-dye-color-bleaching-powder-hair-gradient-hair-cream-faded-powder-highlight-dyeing-powder.jpg
255225,https://linhcorner.com/shop/uncategorized/sevich-9-color-hair-color-wax-one-time-hair-color-cream-temporary-hair-coloring-styling-unisex-disposable-hair-dye-paste-gel/,"Sevich 9 Color Hair Color Wax One-Time Hair Color Cream Temporary Hair Coloring Styling Unisex Disposable Hair Dye Paste Gel",2020/09/Sevich-9-Color-Hair-Color-Wax-One-Time-Hair-Color-Cream-Temporary-Hair-Coloring-Styling-Unisex.jpg
255244,https://linhcorner.com/shop/uncategorized/fashion-vatika-high-quality-pure-natural-henna-hair-dye-temporary-hair-dye-women-shampoo-beard-eyebrows-fast-dye-hair-care/,"Fashion Vatika High Quality Pure Natural Henna Hair Dye Temporary Hair Dye Women Shampoo Beard &amp; Eyebrows Fast Dye Hair Care",2020/09/Fashion-Vatika-High-Quality-Pure-Natural-Henna-Hair-Dye-Temporary-Hair-Dye-Women-Shampoo-Beard-Eyebrows.jpg
255249,https://linhcorner.com/shop/uncategorized/hsiu-100cm-long-staight-cosplay-wig-heat-resistant-synthetic-hair-anime-party-wigs-26-color-colourful/,"HSIU 100Cm Long Staight Cosplay Wig Heat Resistant Synthetic Hair Anime Party wigs 26 color Colourful",2020/09/HSIU-100Cm-Long-Staight-Cosplay-Wig-Heat-Resistant-Synthetic-Hair-Anime-Party-wigs-26-color-Colourful.jpg
255292,https://linhcorner.com/shop/uncategorized/fashion-temporary-color-dye-mud-salon-hair-wax-cream-styling-modeling-pomade-sliver-grandma-green-hair-dye/,"Fashion Temporary Color Dye Mud Salon Hair Wax Cream Styling Modeling Pomade Sliver Grandma Green Hair Dye",2020/09/Fashion-Temporary-Color-Dye-Mud-Salon-Hair-Wax-Cream-Styling-Modeling-Pomade-Sliver-Grandma-Green-Hair.jpg
255310,https://linhcorner.com/shop/uncategorized/1pc-100ml-non-toxic-multicolor-temporary-hair-dye-tint-semi-permanent-natural-hair-coloring-cream-hair-care-styling-tools/,"1PC 100ML Non Toxic Multicolor Temporary Hair Dye Tint Semi Permanent Natural Hair Coloring Cream Hair Care Styling Tools",2020/09/1PC-100ML-Non-Toxic-Multicolor-Temporary-Hair-Dye-Tint-Semi-Permanent-Natural-Hair-Coloring-Cream-Hair.jpg
255342,https://linhcorner.com/shop/uncategorized/instant-black-hair-shampoo-make-grey-and-white-hair-darkening-and-shinny-in-5-minutes-1-pcs-sevich-make-up-brand-free-shipping/,"Instant Black Hair Shampoo Make Grey and White Hair Darkening and Shinny in 5 Minutes 1 pcs Sevich Make Up Brand Free Shipping",2020/09/Instant-Black-Hair-Shampoo-Make-Grey-and-White-Hair-Darkening-and-Shinny-in-5-Minutes-1.jpg
255381,https://linhcorner.com/shop/uncategorized/professional-fashion-hairdressing-hair-applicator-brush-dispensing-salon-hair-coloring-dyeing-pick-color-board-hair-styling-tool/,"Professional Fashion Hairdressing Hair Applicator Brush Dispensing Salon Hair Coloring Dyeing Pick Color Board Hair Styling Tool",2020/09/Professional-Fashion-Hairdressing-Hair-Applicator-Brush-Dispensing-Salon-Hair-Coloring-Dyeing-Pick-Color-Board-Hair-Styling.jpg
255394,https://linhcorner.com/shop/uncategorized/sevich-9-colors-hair-color-wax-strong-and-hold-unisex-hair-wax-black-color-hair-clay-temporary-hair-dye-for-hair-styling/,"Sevich 9 colors Hair color wax Strong And Hold Unisex Hair Wax Black Color Hair Clay Temporary Hair Dye For Hair Styling",2020/09/Sevich-9-colors-Hair-color-wax-Strong-And-Hold-Unisex-Hair-Wax-Black-Color-Hair-Clay.jpg
255437,https://linhcorner.com/shop/uncategorized/yyong-hair-brazilian-straight-bundles-100-human-hair-remy-hair-weave-1-3-4-bundles-deal-natural-color-8-30-hair-extensions/,"YYONG Hair Brazilian Straight Bundles 100% Human Hair Remy Hair Weave 1/3/ 4 Bundles Deal Natural Color 8""-30"" Hair Extensions",2020/09/YYONG-Hair-Brazilian-Straight-Bundles-100-Human-Hair-Remy-Hair-Weave-1-3-4-Bundles-Deal.jpg
255459,https://linhcorner.com/shop/uncategorized/100g-hair-whitening-cream-salon-hair-dye-hair-color-cream-lightening-bleaching-hairdressing-powder-hair-styling-powder-tools/,"100g Hair Whitening Cream Salon Hair Dye Hair Color Cream Lightening Bleaching Hairdressing Powder Hair Styling Powder Tools",2020/09/100g-Hair-Whitening-Cream-Salon-Hair-Dye-Hair-Color-Cream-Lightening-Bleaching-Hairdressing-Powder-Hair-Styling.jpg
255468,https://linhcorner.com/shop/uncategorized/sevich-hair-color-wax-temporary-hair-color-molding-paste-8-colors-hair-styling-hair-coloring-products-silver-gray-cosplay-tslm1/,"SEVICH Hair Color Wax Temporary Hair Color Molding Paste 8 Colors Hair Styling Hair Coloring Products Silver Gray Cosplay TSLM1",2020/09/SEVICH-Hair-Color-Wax-Temporary-Hair-Color-Molding-Paste-8-Colors-Hair-Styling-Hair-Coloring-Products.jpg
255547,https://linhcorner.com/shop/uncategorized/13-colors-easy-to-use-hair-color-pink-white-grey-purple-blue-hair-dye-chalk-design-crayons-temporary-with-comb-tslm2/,"13 Colors Easy To Use Hair Color Pink White Grey Purple Blue Hair Dye Chalk Design Crayons Temporary with Comb  TSLM2",2020/09/13-Colors-Easy-To-Use-Hair-Color-Pink-White-Grey-Purple-Blue-Hair-Dye-Chalk-Design.jpg
255567,https://linhcorner.com/shop/uncategorized/bleaching-powder-streaked-hair-salon-supplies-hair-dye-fade-with-a-free-gift-factory-direct-supply-oxygen-milk-water/,"Bleaching Powder Streaked Hair Salon Supplies Hair Dye Fade With A Free Gift (Factory Direct Supply Oxygen Milk water)",2020/09/Bleaching-Powder-Streaked-Hair-Salon-Supplies-Hair-Dye-Fade-With-A-Free-Gift-Factory-Direct-Supply.jpg
255576,https://linhcorner.com/shop/uncategorized/mermaid-hair-coloring-shampoo-mild-safe-hair-dyeing-shampoo-for-all-hairs-one-time-molding-paste-dye-cream-hair-2/,"Mermaid Hair Coloring Shampoo Mild Safe Hair Dyeing Shampoo for All Hairs One-time Molding Paste Dye Cream Hair",2020/09/Mermaid-Hair-Coloring-Shampoo-Mild-Safe-Hair-Dyeing-Shampoo-for-All-Hairs-One-time-Molding-Paste-6.jpg
255626,https://linhcorner.com/shop/uncategorized/100-pcs-lot-colorful-black-nylon-small-hair-gum-ties-child-ponytail-holder-rubber-bands-headband-elastic-hair-bands-for-kid-girl/,"100 pcs/lot Colorful Black Nylon Small hair Gum ties Child Ponytail Holder Rubber Bands Headband Elastic Hair Bands For Kid Girl",2020/09/100-pcs-lot-Colorful-Black-Nylon-Small-hair-Gum-ties-Child-Ponytail-Holder-Rubber-Bands-Headband.jpg
255632,https://linhcorner.com/shop/uncategorized/qic-diy-4pcs-set-hair-color-temporary-hair-dye-soft-salon-hair-color-party-out-chalk-women-powder-dye-color-hair/,"QIC DIY 4pcs/set Hair Color Temporary Hair Dye Soft Salon Hair Color Party Out Chalk Women Powder Dye Color Hair",2020/09/QIC-DIY-4pcs-set-Hair-Color-Temporary-Hair-Dye-Soft-Salon-Hair-Color-Party-Out-Chalk.jpg
255667,https://linhcorner.com/shop/uncategorized/1pc-92ml-hair-dye-tint-semi-permanent-hair-coloring-cream-hair-care-styling-tools-unisex-fashion-natural-easy-to-use-colour/,"1pc 92ml Hair Dye Tint Semi Permanent Hair Coloring Cream Hair Care Styling Tools Unisex Fashion Natural Easy To Use Colour",2020/09/1pc-92ml-Hair-Dye-Tint-Semi-Permanent-Hair-Coloring-Cream-Hair-Care-Styling-Tools-Unisex-Fashion.jpg
255679,https://linhcorner.com/shop/uncategorized/hot-6-colors-mini-hair-dye-comb-disposable-personal-salon-use-crayons-grey-purple-red-hair-color-chalk-hair-dyeing-tool-tslm2/,"HOT! 6 Colors Mini Hair Dye Comb Disposable Personal Salon Use Crayons Grey Purple Red Hair Color Chalk Hair Dyeing Tool TSLM2",2020/09/HOT-6-Colors-Mini-Hair-Dye-Comb-Disposable-Personal-Salon-Use-Crayons-Grey-Purple-Red-Hair.jpg
255682,https://linhcorner.com/shop/uncategorized/bioaqua-1pc-black-brown-temporary-hair-dye-cream-mild-fast-one-off-hair-color-pen-cover-hairline-diy-styling-makeup-stick-tslm1/,"BIOAQUA 1Pc Black Brown Temporary Hair Dye Cream Mild Fast One-off Hair Color Pen Cover Hairline DIY Styling Makeup Stick TSLM1",2020/09/BIOAQUA-1Pc-Black-Brown-Temporary-Hair-Dye-Cream-Mild-Fast-One-off-Hair-Color-Pen-Cover.jpg
255703,https://linhcorner.com/shop/uncategorized/fashion-easy-to-use-semi-permanent-hair-dye-tint-natural-hair-coloring-cream-100ml-6colors-hair-care-styling-tools-for-women-men/,"Fashion Easy To Use Semi Permanent Hair Dye Tint Natural Hair Coloring Cream 100ML 6Colors Hair Care Styling Tools For Women/Men",2020/09/Fashion-Easy-To-Use-Semi-Permanent-Hair-Dye-Tint-Natural-Hair-Coloring-Cream-100ML-6Colors-Hair.jpg
255758,https://linhcorner.com/shop/uncategorized/new-1pc-30ml-fashion-chestnut-brown-style-black-wine-red-color-nature-super-hair-dye-girls-beauty-hair/,"New 1Pc 30Ml Fashion Chestnut brown Style Black wine red Color Nature Super Hair Dye Girls Beauty Hair",2020/09/New-1Pc-30Ml-Fashion-Chestnut-brown-Style-Black-wine-red-Color-Nature-Super-Hair-Dye-Girls.jpg
255773,https://linhcorner.com/shop/uncategorized/straight-clip-in-human-hair-extensions-mongolian-remy-human-hair-extensions-clip-ins-1b30-color-8-pieces-set-full-head-sets-120g/,"Straight Clip In Human Hair Extensions Mongolian Remy Human Hair Extensions Clip Ins 1B30 Color 8 Pieces/Set Full Head Sets 120G",2020/09/Straight-Clip-In-Human-Hair-Extensions-Mongolian-Remy-Human-Hair-Extensions-Clip-Ins-1B30-Color-8.jpg
255795,https://linhcorner.com/shop/uncategorized/1pc-new-women-satin-hairbands-high-quality-headbands-fashion-hair-hoop-hair-accessories-hair-bands/,"1PC New Women Satin Hairbands High Quality Headbands Fashion Hair Hoop Hair Accessories Hair Bands",2020/09/1PC-New-Women-Satin-Hairbands-High-Quality-Headbands-Fashion-Hair-Hoop-Hair-Accessories-Hair-Bands.jpg
255803,https://linhcorner.com/shop/uncategorized/vsr-machine-remy-hair-pre-bonded-fusion-human-hair-extensions-hair-blonde-color-1g-s-micro-beads-nano-hair-extension/,"VSR Machine Remy Hair Pre Bonded Fusion Human Hair Extensions Hair Blonde Color 1g/s Micro Beads Nano Hair Extension",2020/09/VSR-Machine-Remy-Hair-Pre-Bonded-Fusion-Human-Hair-Extensions-Hair-Blonde-Color-1g-s-Micro.jpg
255805,https://linhcorner.com/shop/uncategorized/pro-6-colors-mini-disposable-hair-color-dye-comb-personal-salon-use-temporary-crayons-hair-dyeing-tool-color-chalk-tslm2/,"Pro 6 Colors Mini Disposable Hair Color  Dye Comb Personal Salon Use Temporary Crayons Hair Dyeing Tool Color Chalk TSLM2",2020/09/Pro-6-Colors-Mini-Disposable-Hair-Color-Dye-Comb-Personal-Salon-Use-Temporary-Crayons-Hair-Dyeing.jpg
255808,https://linhcorner.com/shop/uncategorized/6-colors-hair-dye-temporary-hair-chalk-powder-soft-salon-hair-color-diy-chalks-for-the-hair/,"6 Colors Hair Dye Temporary Hair Chalk Powder Soft Salon Hair Color DIY Chalks For The Hair",2020/09/6-Colors-Hair-Dye-Temporary-Hair-Chalk-Powder-Soft-Salon-Hair-Color-DIY-Chalks-For-The.jpg
255845,https://linhcorner.com/shop/uncategorized/hair-color-dye-bowl-comb-brushes-tool-kit-set-tint-coloring-dye-bowl-comb-brush-twin-high-quality-headed-brushes-set/,"Hair Color Dye Bowl Comb Brushes Tool Kit Set Tint Coloring Dye Bowl Comb Brush Twin High Quality Headed Brushes Set",2020/09/Hair-Color-Dye-Bowl-Comb-Brushes-Tool-Kit-Set-Tint-Coloring-Dye-Bowl-Comb-Brush-Twin.jpg
255865,https://linhcorner.com/shop/uncategorized/6-colors-temporary-hair-pro-mini-chalks-crayons-hair-multicolor-color-dye-hair-dye-comb-hair-care-styling-tools-woman-hair-care/,"6 Colors Temporary Hair Pro Mini Chalks Crayons Hair Multicolor Color Dye Hair Dye Comb Hair Care Styling Tools Woman Hair Care",2020/09/6-Colors-Temporary-Hair-Pro-Mini-Chalks-Crayons-Hair-Multicolor-Color-Dye-Hair-Dye-Comb-Hair.jpg
255906,https://linhcorner.com/shop/uncategorized/korea-authentic-fruit-hair-waxing-hair-cream-polishing-care-acid-nail-polish-hair-dye-hair-products/,"Korea authentic fruit hair waxing hair cream polishing care acid nail polish hair dye hair products",2020/09/Korea-authentic-fruit-hair-waxing-hair-cream-polishing-care-acid-nail-polish-hair-dye-hair-products.jpg
255909,https://linhcorner.com/shop/uncategorized/brownblack-claret-natural-plant-hair-powder-henna-temporary-hair-colors-dye-paint-colorful-dyes/,"Brown&amp;Black Claret Natural Plant Hair Powder Henna Temporary Hair Colors Dye Paint Colorful Dyes",2020/09/Brown-Black-Claret-Natural-Plant-Hair-Powder-Henna-Temporary-Hair-Colors-Dye-Paint-Colorful-Dyes.jpg
255911,https://linhcorner.com/shop/uncategorized/gray-hair-dye-cream-hair-color-wax-hair-gream-unisex-smoky-gray-punk-style-light-grey-silver-permanent-hair-dye-color-paint-wax/,"Gray Hair Dye Cream Hair Color Wax Hair Gream Unisex Smoky Gray Punk Style Light Grey Silver Permanent Hair Dye Color Paint Wax",2020/09/Gray-Hair-Dye-Cream-Hair-Color-Wax-Hair-Gream-Unisex-Smoky-Gray-Punk-Style-Light-Grey.jpg
255934,https://linhcorner.com/shop/uncategorized/7-colors-fashion-hair-coloring-cream-styling-one-time-diy-color-hair-wax-disposable-temporary-hair-dye-mud-grandma-gray-purple/,"7 Colors Fashion Hair Coloring Cream Styling One-Time DIY Color Hair Wax Disposable Temporary Hair Dye Mud Grandma Gray Purple",2020/09/7-Colors-Fashion-Hair-Coloring-Cream-Styling-One-Time-DIY-Color-Hair-Wax-Disposable-Temporary-Hair.jpg
255959,https://linhcorner.com/shop/uncategorized/x-tress-synthetic-brown-colored-wigs-28inch-long-straight-machine-made-lolita-wig-heat-resistant-hair-for-women-cosplay-wig/,"X-TRESS Synthetic Brown Colored Wigs 28inch Long Straight Machine Made Lolita Wig Heat Resistant Hair For Women Cosplay Wig",2020/09/X-TRESS-Synthetic-Brown-Colored-Wigs-28inch-Long-Straight-Machine-Made-Lolita-Wig-Heat-Resistant-Hair.jpg
255970,https://linhcorner.com/shop/uncategorized/bioaqua-1pc-black-brown-temporary-hair-dye-cream-mild-fast-one-off-hair-color-pen-cover-hairline-diy-styling-makeup-stick-tslm1-2/,"BIOAQUA 1Pc Black Brown Temporary Hair Dye Cream Mild Fast One-off Hair Color Pen Cover Hairline DIY Styling Makeup Stick TSLM1",2020/09/BIOAQUA-1Pc-Black-Brown-Temporary-Hair-Dye-Cream-Mild-Fast-One-off-Hair-Color-Pen-Cover-6.jpg
256021,https://linhcorner.com/shop/uncategorized/20-pieces-beige-wig-cap-polyester-hairnet-hair-mesh-wig-weaving-cap-stretchable-elastic-hair-net-2-pieces-pack-5-color/,"20 pieces Beige Wig Cap Polyester Hairnet Hair Mesh Wig Weaving Cap Stretchable Elastic Hair Net 2 Pieces/PACK 5 color",2020/09/20-pieces-Beige-Wig-Cap-Polyester-Hairnet-Hair-Mesh-Wig-Weaving-Cap-Stretchable-Elastic-Hair-Net.jpg
256033,https://linhcorner.com/shop/uncategorized/professional-permanent-super-hair-dye-wax-hair-color-cream-non-toxic-diy-hair-styling-coloring-molding-paste-hair-color-wax/,"Professional Permanent Super Hair Dye Wax Hair Color Cream Non-toxic DIY Hair Styling Coloring Molding Paste Hair Color Wax",2020/09/Professional-Permanent-Super-Hair-Dye-Wax-Hair-Color-Cream-Non-toxic-DIY-Hair-Styling-Coloring-Molding.jpg
256039,https://linhcorner.com/shop/uncategorized/4-color-natural-hair-line-shadow-powder-hair-fluffy-powder-hairline-shadow-powder-instantly-dyeing-root-cover-up-concealer-tslm1/,"4 Color Natural Hair Line Shadow Powder Hair Fluffy Powder Hairline Shadow Powder Instantly Dyeing Root Cover Up Concealer TSLM1",2020/09/4-Color-Natural-Hair-Line-Shadow-Powder-Hair-Fluffy-Powder-Hairline-Shadow-Powder-Instantly-Dyeing-Root.jpg
256040,https://linhcorner.com/shop/uncategorized/8-colors-hair-dye-color-chalks-powder-diy-temporary-pastels-salon-styling-tool-portable-paint-beauty-soft-pastels-salon-styling/,"8 Colors Hair Dye Color Chalks Powder DIY Temporary Pastels Salon Styling Tool Portable Paint Beauty Soft Pastels Salon Styling",2020/09/8-Colors-Hair-Dye-Color-Chalks-Powder-DIY-Temporary-Pastels-Salon-Styling-Tool-Portable-Paint-Beauty.jpg
256045,https://linhcorner.com/shop/uncategorized/new-multicolour-disposable-hair-dye-pen-temporary-hair-chalk-pen-crayon-salon-washable-long-lasting-lipstick-shape-natural-tslm2/,"NEW Multicolour Disposable Hair Dye Pen Temporary Hair Chalk Pen Crayon Salon Washable Long Lasting Lipstick Shape Natural TSLM2",2020/09/NEW-Multicolour-Disposable-Hair-Dye-Pen-Temporary-Hair-Chalk-Pen-Crayon-Salon-Washable-Long-Lasting-Lipstick.jpg
256046,https://linhcorner.com/shop/uncategorized/1pcs-disposable-hair-color-dye-comb-hair-multicolor-color-chalk-crayons-temporary-pro-salon-semi-permanent-hair-dyeing-tool/,"1Pcs Disposable Hair Color Dye Comb Hair Multicolor Color Chalk Crayons Temporary Pro Salon Semi Permanent  Hair Dyeing Tool",2020/09/1Pcs-Disposable-Hair-Color-Dye-Comb-Hair-Multicolor-Color-Chalk-Crayons-Temporary-Pro-Salon-Semi-Permanent.jpg
256108,https://linhcorner.com/shop/uncategorized/8-color-hair-wax-hair-dye-temporary-hair-colors-cream-unisex-strong-hold-grandma-grey-disposable-pastel-dynamic-hairstyles-tslm1/,"8 Color Hair Wax Hair Dye Temporary Hair Colors Cream Unisex Strong Hold Grandma Grey Disposable Pastel Dynamic Hairstyles TSLM1",2020/09/8-Color-Hair-Wax-Hair-Dye-Temporary-Hair-Colors-Cream-Unisex-Strong-Hold-Grandma-Grey-Disposable.jpg
256124,https://linhcorner.com/shop/uncategorized/herbal-500ml-natural-plant-conditioning-hair-dye-black-shampoo-fast-dye-white-grey-hair-removal-dye-coloring-black-hair/,"Herbal 500ml Natural Plant Conditioning Hair dye Black Shampoo Fast Dye White Grey Hair Removal Dye Coloring Black Hair",2020/09/Herbal-500ml-Natural-Plant-Conditioning-Hair-dye-Black-Shampoo-Fast-Dye-White-Grey-Hair-Removal-Dye.jpg
256132,https://linhcorner.com/shop/uncategorized/temporary-24-colors-hair-chalk-set-crayons-for-kids-and-pets-dog-washable-non-toxic-hair-dye-art-diy-styling-tools-for-party/,"Temporary 24 Colors Hair Chalk Set Crayons for Kids and Pets Dog Washable Non-toxic Hair Dye Art DIY styling tools for Party",2020/09/Temporary-24-Colors-Hair-Chalk-Set-Crayons-for-Kids-and-Pets-Dog-Washable-Non-toxic-Hair.jpg
256137,https://linhcorner.com/shop/uncategorized/hanne-hair-short-curly-bob-wig-1b-30-99j-color-brazilian-human-hair-l-part-human-hair-wigs-wave-remy-wig-for-black-white-women/,"HANNE Hair Short Curly Bob Wig 1b#/30#/99j Color Brazilian Human Hair L Part Human Hair Wigs Wave Remy Wig For Black/White Women",2020/09/HANNE-Hair-Short-Curly-Bob-Wig-1b-30-99j-Color-Brazilian-Human-Hair-L-Part-Human.jpg
256156,https://linhcorner.com/shop/uncategorized/hair-color-dye-bowl-comb-brushes-tool-kit-set-tint-coloring-dye-bowl-comb-brush-twin-high-quality-headed-brushes-set-2/,"Hair Color Dye Bowl Comb Brushes Tool Kit Set Tint Coloring Dye Bowl Comb Brush Twin High Quality Headed Brushes Set",2020/09/Hair-Color-Dye-Bowl-Comb-Brushes-Tool-Kit-Set-Tint-Coloring-Dye-Bowl-Comb-Brush-Twin-6.jpg
256210,https://linhcorner.com/shop/uncategorized/teayason-professional-hair-color-kits-long-lasting-hair-dye-one-time-hair-wax-blue-purple-pink-grey-hair-color-mascara-am024/,"TEAYASON professional hair color kits long lasting Hair Dye one time hair wax blue purple pink grey hair color mascara AM024",2020/09/TEAYASON-professional-hair-color-kits-long-lasting-Hair-Dye-one-time-hair-wax-blue-purple-pink.jpg
256252,https://linhcorner.com/shop/uncategorized/1-pcs-fashion-professional-use-hair-cream-non-toxic-hair-tint-colorant-semi-permanent-long-lasing-hair-cream-color-dye-paint/,"1 Pcs Fashion Professional use Hair Cream Non-toxic Hair Tint Colorant Semi Permanent Long Lasing Hair Cream Color Dye Paint",2020/09/1-Pcs-Fashion-Professional-use-Hair-Cream-Non-toxic-Hair-Tint-Colorant-Semi-Permanent-Long-Lasing.jpg
256262,https://linhcorner.com/shop/uncategorized/fashion-gray-hair-color-wax-hair-gream-unisex-smoky-gray-punk-style-light-grey-silver-permanent-hair-dye-color-paint-wax/,"Fashion Gray Hair Color Wax Hair Gream Unisex Smoky Gray Punk Style Light Grey Silver Permanent Hair Dye Color Paint Wax",2020/09/Fashion-Gray-Hair-Color-Wax-Hair-Gream-Unisex-Smoky-Gray-Punk-Style-Light-Grey-Silver-Permanent.jpg
256266,https://linhcorner.com/shop/uncategorized/fashion-hair-accessories-wrinkled-headband-women-candy-solid-color-wide-brim-knotted-face-wash-hairband-headbands-girl-hair-band/,"Fashion hair accessories wrinkled headband women candy solid color wide-brim knotted face wash hairband headbands girl hair band",2020/09/Fashion-hair-accessories-wrinkled-headband-women-candy-solid-color-wide-brim-knotted-face-wash-hairband-headbands.jpg
256315,https://linhcorner.com/shop/uncategorized/fashion-hair-cream-unisex-smoky-gray-punk-style-light-grey-silver-permanent-hair-dye-color-cream-girls-beauty-hair-colors-mdf11/,"Fashion Hair Cream Unisex Smoky Gray Punk Style Light Grey Silver Permanent Hair Dye Color Cream Girls Beauty Hair Colors MDF11",2020/09/Fashion-Hair-Cream-Unisex-Smoky-Gray-Punk-Style-Light-Grey-Silver-Permanent-Hair-Dye-Color-Cream.jpg
256339,https://linhcorner.com/shop/uncategorized/beard-dyeing-cream-no-stimulation-beard-color-cream-gel-long-lasting-colorfast-non-toxic/,"Beard Dyeing Cream No Stimulation Beard Color Cream Gel Long-Lasting Colorfast Non-Toxic",2020/09/Beard-Dyeing-Cream-No-Stimulation-Beard-Color-Cream-Gel-Long-Lasting-Colorfast-Non-Toxic.jpg
256355,https://linhcorner.com/shop/uncategorized/6-colors-set-mini-disposable-personal-use-hair-chalk-color-comb-dye-kits-temporary-party-cosplay-salon-hairs-dyeing-tool-tslm2/,"6 Colors/Set  Mini Disposable Personal Use Hair Chalk Color Comb Dye Kits Temporary party Cosplay Salon Hairs Dyeing Tool TSLM2",2020/09/6-Colors-Set-Mini-Disposable-Personal-Use-Hair-Chalk-Color-Comb-Dye-Kits-Temporary-party-Cosplay.jpg
256362,https://linhcorner.com/shop/uncategorized/2018-disposable-hair-spray-hair-color-easy-to-carry-hair-dye-diy-hairstyle-can-dropshipping/,"2018 Disposable Hair Spray Hair Color Easy To Carry Hair Dye  DIY Hairstyle Can Dropshipping",2020/09/2018-Disposable-Hair-Spray-Hair-Color-Easy-To-Carry-Hair-Dye-DIY-Hairstyle-Can-Dropshipping.jpg
256378,https://linhcorner.com/shop/uncategorized/s-noilite-8pcs-set-long-straight-clip-in-on-hair-extensions-real-synthetic-black-brown-red-pink-purple/,"S-noilite 8Pcs/set Long Straight Clip in on Hair Extensions real Synthetic Black Brown Red Pink Purple",2020/09/S-noilite-8Pcs-set-Long-Straight-Clip-in-on-Hair-Extensions-real-Synthetic-Black-Brown-Red.jpg
256385,https://linhcorner.com/shop/uncategorized/1-pcs-hair-tint-colorant-semi-permanent-long-lasing-hair-cream-color-dye-paint-mh88/,"1 Pcs Hair Tint Colorant Semi Permanent Long Lasing Hair Cream Color Dye Paint MH88",2020/09/1-Pcs-Hair-Tint-Colorant-Semi-Permanent-Long-Lasing-Hair-Cream-Color-Dye-Paint-MH88.jpg
256403,https://linhcorner.com/shop/uncategorized/7-colors-diy-hair-coloring-mud-dye-cream-temporary-modeling-sun-protection-not-greasy-easy-to-wash-out-salon-supplies-tslm1/,"7 Colors DIY Hair Coloring Mud Dye Cream Temporary Modeling Sun Protection Not Greasy Easy To Wash Out Salon Supplies TSLM1",2020/09/7-Colors-DIY-Hair-Coloring-Mud-Dye-Cream-Temporary-Modeling-Sun-Protection-Not-Greasy-Easy-To.jpg
256426,https://linhcorner.com/shop/uncategorized/1pc-hair-dye-cream-holiday-party-instant-black-blue-red-hair-dye-barber-shop-use-gentle-safe-hair-color-hair-dye/,"1pc Hair Dye Cream Holiday Party Instant Black Blue Red Hair Dye Barber shop use Gentle safe Hair Color Hair Dye",2020/09/1pc-Hair-Dye-Cream-Holiday-Party-Instant-Black-Blue-Red-Hair-Dye-Barber-shop-use-Gentle.jpg
256498,https://linhcorner.com/shop/uncategorized/100g-temporary-hair-color-wax-men-diy-hairstyle-mud-molding-paste-dye-cream-gel/,"100g Temporary Hair Color Wax Men DIY Hairstyle Mud Molding Paste Dye Cream Gel",2020/09/100g-Temporary-Hair-Color-Wax-Men-DIY-Hairstyle-Mud-Molding-Paste-Dye-Cream-Gel.jpg
256499,https://linhcorner.com/shop/uncategorized/new-synthetic-long-wig-pelucas-de-mujer-platinum-blonde-multi-colored-toupee-hair-for-women-good-quality-brown-natural-wave/,"New Synthetic Long Wig Pelucas De Mujer Platinum Blonde Multi Colored Toupee Hair for Women Good Quality Brown Natural Wave",2020/09/New-Synthetic-Long-Wig-Pelucas-De-Mujer-Platinum-Blonde-Multi-Colored-Toupee-Hair-for-Women-Good.jpg
256502,https://linhcorner.com/shop/uncategorized/new-waterproofing-agent-plumbing-sealing-spray-invisible-waterproof-agent-ceramic-tile-floor-wall-drop-shipping/,"New Waterproofing Agent Plumbing Sealing Spray Invisible Waterproof Agent Ceramic Tile Floor Wall Drop Shipping",2020/09/New-Waterproofing-Agent-Plumbing-Sealing-Spray-Invisible-Waterproof-Agent-Ceramic-Tile-Floor-Wall-Drop-Shipping.jpg
256528,https://linhcorner.com/shop/uncategorized/1pcs-lipstick-pen-mild-makeup-diy-styling-hair-dye-cream-black-brown-cover-white-hair-one-off-hair-color-pen-temporary-tslm1/,"1pcs Lipstick Pen Mild Makeup DIY Styling Hair Dye Cream Black Brown Cover White Hair One-off Hair Color Pen Temporary TSLM1",2020/09/1pcs-Lipstick-Pen-Mild-Makeup-DIY-Styling-Hair-Dye-Cream-Black-Brown-Cover-White-Hair-One.jpg
256588,https://linhcorner.com/shop/uncategorized/cream-stick-dye-hair-dye-temporary-cover-up-root-one-time-instant-gray-coverage-white-makeup-stick-diy-hair-styling-tslm2-black/,"Cream Stick Dye Hair Dye Temporary Cover Up Root One-Time Instant Gray Coverage White Makeup Stick DIY Hair Styling TSLM2 Black",2020/09/Cream-Stick-Dye-Hair-Dye-Temporary-Cover-Up-Root-One-Time-Instant-Gray-Coverage-White-Makeup.jpg
256593,https://linhcorner.com/shop/uncategorized/style-styling-products-hair-color-wax-dye-one-time-molding-paste-dye-cream-hair-gel-for-hair-coloring-styling-silver-grey/,"Style Styling Products Hair Color Wax Dye One-time Molding Paste Dye cream hair gel for hair coloring styling silver grey",2020/09/Style-Styling-Products-Hair-Color-Wax-Dye-One-time-Molding-Paste-Dye-cream-hair-gel-for.jpg
256595,https://linhcorner.com/shop/uncategorized/styleicon-hair-brazilian-straight-human-hair-bulk-1-3-4-bundles-deals-remy-bulk-human-hair-for-braiding-no-wefts-natural-color/,"Styleicon Hair Brazilian Straight Human Hair Bulk 1 3 4 Bundles Deals Remy Bulk Human Hair For Braiding No Wefts Natural Color",2020/09/Styleicon-Hair-Brazilian-Straight-Human-Hair-Bulk-1-3-4-Bundles-Deals-Remy-Bulk-Human-Hair.jpg
256596,https://linhcorner.com/shop/uncategorized/gray-hair-dye-cream-punk-style-nature-permanent-light-grey-silver-unisex-hair-dye-color-cream-cosmetic-beauty-hair-care/,"Gray Hair Dye Cream Punk Style Nature Permanent Light Grey Silver Unisex Hair Dye Color Cream Cosmetic Beauty Hair Care",2020/09/Gray-Hair-Dye-Cream-Punk-Style-Nature-Permanent-Light-Grey-Silver-Unisex-Hair-Dye-Color-Cream.jpg
256663,https://linhcorner.com/shop/uncategorized/80g-pet-dyeing-hair-color-agent-pet-dog-cat-animals-hair-coloring-shiny-supple-dyestuffs-dyeing-pigment-agent-supplies-harmless/,"80g Pet Dyeing Hair Color Agent Pet Dog Cat Animals Hair Coloring  Shiny Supple Dyestuffs Dyeing Pigment Agent Supplies Harmless",2020/09/80g-Pet-Dyeing-Hair-Color-Agent-Pet-Dog-Cat-Animals-Hair-Coloring-Shiny-Supple-Dyestuffs-Dyeing.jpg
256670,https://linhcorner.com/shop/uncategorized/disposable-hair-color-wax-dye-one-time-molding-paste-hair-styling-products-maquillaje-eight-colors-hair-wax-make-up-tools-tslm1/,"Disposable Hair Color Wax Dye One-time Molding Paste Hair Styling Products Maquillaje Eight Colors Hair Wax Make Up Tools TSLM1",2020/09/Disposable-Hair-Color-Wax-Dye-One-time-Molding-Paste-Hair-Styling-Products-Maquillaje-Eight-Colors-Hair.jpg
256690,https://linhcorner.com/shop/uncategorized/100ml-permanent-hair-dye-fashion-blue-color-hair-coloring-cream-non-irritation-long-lasting-hair-dye-cream-salon-care-styling/,"100ml Permanent Hair Dye Fashion Blue Color Hair Coloring Cream Non-irritation Long Lasting Hair Dye Cream Salon Care Styling",2020/09/100ml-Permanent-Hair-Dye-Fashion-Blue-Color-Hair-Coloring-Cream-Non-irritation-Long-Lasting-Hair-Dye.jpg
256703,https://linhcorner.com/shop/uncategorized/usexy-brazilian-natural-straight-human-hair-invisible-block-99j-color-100-remy-human-hair-extension-for-less-hair-women/,"USEXY Brazilian Natural Straight Human Hair Invisible Block 99J Color 100% Remy Human Hair Extension For Less Hair Women",2020/09/USEXY-Brazilian-Natural-Straight-Human-Hair-Invisible-Block-99J-Color-100-Remy-Human-Hair-Extension-For.jpg
256720,https://linhcorner.com/shop/uncategorized/1pc-temporary-hair-dye-washable-pro-salon-one-time-hair-dye-color-paint-disposable-hair-rainbow-hair-chalk/,"1pc Temporary Hair Dye Washable Pro Salon One-time Hair Dye Color Paint Disposable Hair Rainbow Hair Chalk",2020/09/1pc-Temporary-Hair-Dye-Washable-Pro-Salon-One-time-Hair-Dye-Color-Paint-Disposable-Hair-Rainbow.jpg
256774,https://linhcorner.com/shop/uncategorized/hot-one-time-hair-dye-instant-gray-root-coverage-hair-color-modify-cream-stick-temporary-cover-up-white-hair-colour-dye-3-8g/,"HOT One-Time Hair dye Instant Gray Root Coverage Hair Color Modify Cream Stick Temporary Cover Up White Hair Colour Dye 3.8g",2020/09/HOT-One-Time-Hair-dye-Instant-Gray-Root-Coverage-Hair-Color-Modify-Cream-Stick-Temporary-Cover.jpg
256782,https://linhcorner.com/shop/uncategorized/100g-unisex-professional-hair-dye-color-cream-hair-peroxide-cream-dioxygen-milk-for-hair-dyeing-tool-coloring-salon-new/,"100g Unisex Professional Hair Dye Color Cream Hair Peroxide Cream Dioxygen Milk for Hair Dyeing Tool Coloring Salon New",2020/09/100g-Unisex-Professional-Hair-Dye-Color-Cream-Hair-Peroxide-Cream-Dioxygen-Milk-for-Hair-Dyeing-Tool.jpg
256803,https://linhcorner.com/shop/uncategorized/30-50-100pcs-set-colorful-small-hair-bands-girls-cute-high-elastic-hair-ties-children-hair-accessories-ponytail-holder-headband/,"30/50/100pcs/Set Colorful Small Hair Bands Girls Cute High Elastic Hair Ties Children Hair Accessories Ponytail Holder Headband",2020/09/30-50-100pcs-Set-Colorful-Small-Hair-Bands-Girls-Cute-High-Elastic-Hair-Ties-Children-Hair.jpg
256809,https://linhcorner.com/shop/uncategorized/6-colors-non-toxic-temporary-diy-hair-chalk-color-dye-pastels-salon-kit/,"6 Colors Non-toxic Temporary DIY Hair Chalk Color Dye Pastels Salon Kit",2020/09/6-Colors-Non-toxic-Temporary-DIY-Hair-Chalk-Color-Dye-Pastels-Salon-Kit.jpg
256827,https://linhcorner.com/shop/uncategorized/diy-hair-color-13-colors-hair-dye-temporary-one-time-hair-color-waterproof-colorful-mascara-non-toxic-color-hair-wax-am024/,"DIY hair color 13 colors Hair Dye Temporary one time hair color waterproof colorful mascara Non-toxic color hair wax AM024",2020/09/DIY-hair-color-13-colors-Hair-Dye-Temporary-one-time-hair-color-waterproof-colorful-mascara-Non.jpg
256856,https://linhcorner.com/shop/uncategorized/4colors-temporary-hair-dye-pigment-hair-chalk-powder-soft-salon-hair-color-diy-chalks-for-the-hair-styling-party-christmas/,"4Colors Temporary Hair Dye Pigment Hair Chalk Powder Soft Salon Hair Color DIY Chalks for The Hair Styling Party Christmas",2020/09/4Colors-Temporary-Hair-Dye-Pigment-Hair-Chalk-Powder-Soft-Salon-Hair-Color-DIY-Chalks-for-The.jpg
256871,https://linhcorner.com/shop/uncategorized/easy-to-use-mini-hair-dye-comb-disposable-personal-salon-use-pro-crayons-for-pink-grey-hair-color-chalk-hair-dyeing-btz1-tslm2/,"Easy To Use ! Mini Hair Dye Comb Disposable Personal Salon Use Pro Crayons for Pink Grey Hair Color Chalk Hair Dyeing BTZ1 TSLM2",2020/09/Easy-To-Use-Mini-Hair-Dye-Comb-Disposable-Personal-Salon-Use-Pro-Crayons-for-Pink-Grey.jpg
256874,https://linhcorner.com/shop/uncategorized/100ml-pure-hair-cream-semi-permanent-hair-colored-hair-dye-colorful-hair-dye-highlighting-hair-cream/,"100ml Pure Hair Cream Semi Permanent Hair Colored Hair Dye Colorful Hair Dye Highlighting Hair Cream",2020/09/100ml-Pure-Hair-Cream-Semi-Permanent-Hair-Colored-Hair-Dye-Colorful-Hair-Dye-Highlighting-Hair-Cream.jpg
256954,https://linhcorner.com/shop/uncategorized/5-color-party-disposable-instant-hair-dye-halloween-christmas-quick-temporary-styling-spray-color-hair-dye/,"5 Color Party Disposable Instant Hair Dye Halloween Christmas Quick Temporary Styling Spray Color Hair Dye",2020/09/5-Color-Party-Disposable-Instant-Hair-Dye-Halloween-Christmas-Quick-Temporary-Styling-Spray-Color-Hair-Dye.jpg
256957,https://linhcorner.com/shop/uncategorized/10-pcs-mix-color-velvet-hair-scrunchies-ring-girls-solid-velvet-ponytail-holder-hair-ties-elastic-hair-bands-for-women/,"10 pcs Mix Color Velvet Hair Scrunchies Ring Girls Solid Velvet Ponytail Holder hair Ties Elastic Hair Bands For Women",2020/09/10-pcs-Mix-Color-Velvet-Hair-Scrunchies-Ring-Girls-Solid-Velvet-Ponytail-Holder-hair-Ties-Elastic.jpg
257002,https://linhcorner.com/shop/uncategorized/fashion-hair-color-chalks-temporary-colors-hair-dye-pastels-kit-beauty-care-hair-styling-tools-crayons-for-hair-tool/,"Fashion Hair Color Chalks Temporary Colors Hair Dye Pastels Kit Beauty Care Hair Styling Tools Crayons for Hair Tool",2020/09/Fashion-Hair-Color-Chalks-Temporary-Colors-Hair-Dye-Pastels-Kit-Beauty-Care-Hair-Styling-Tools-Crayons.jpg
257011,https://linhcorner.com/shop/uncategorized/noni-herbal-black-hair-magic-fast-dye-shampoo-for-the-back-magic-comb-color-hair-500ml/,"Noni Herbal Black Hair Magic Fast Dye Shampoo For The Back Magic Comb Color Hair 500ml",2020/09/Noni-Herbal-Black-Hair-Magic-Fast-Dye-Shampoo-For-The-Back-Magic-Comb-Color-Hair-500ml.jpg
257014,https://linhcorner.com/shop/uncategorized/dexe-black-hair-shampoo-temporary-hair-dye-black-hair-color-product-chinese-herbal-removal-gray/,"Dexe Black Hair Shampoo temporary hair dye Black Hair Color Product Chinese Herbal Removal Gray",2020/09/Dexe-Black-Hair-Shampoo-temporary-hair-dye-Black-Hair-Color-Product-Chinese-Herbal-Removal-Gray.jpg
257026,https://linhcorner.com/shop/uncategorized/reusable-salon-hair-color-coloring-highlighting-dye-cap-for-hair-extension-styling-tools-hot-sale/,"Reusable  Salon Hair Color Coloring Highlighting Dye Cap for Hair Extension Styling Tools Hot Sale",2020/09/Reusable-Salon-Hair-Color-Coloring-Highlighting-Dye-Cap-for-Hair-Extension-Styling-Tools-Hot-Sale.jpg
257031,https://linhcorner.com/shop/uncategorized/neitsi-virgin-remy-human-hair-weft-100-human-hair-weaves-extensions-for-salon-20-100g-pc-balayage-colored/,"Neitsi Virgin Remy Human Hair Weft 100% Human Hair Weaves Extensions For Salon 20"" 100g/pc Balayage Colored",2020/09/Neitsi-Virgin-Remy-Human-Hair-Weft-100-Human-Hair-Weaves-Extensions-For-Salon-20-100g-pc.jpg
257044,https://linhcorner.com/shop/uncategorized/sevich-250ml-salon-fast-dye-herbal-plant-black-hair-shampoo-only-15mins-dye-colors-natural-dark-brown-hair-dye-shampoo-for-women/,"Sevich 250ml Salon Fast Dye Herbal plant black hair shampoo Only 15mins Dye Colors Natural Dark Brown Hair Dye Shampoo For Women",2020/09/Sevich-250ml-Salon-Fast-Dye-Herbal-plant-black-hair-shampoo-Only-15mins-Dye-Colors-Natural-Dark.jpg
257060,https://linhcorner.com/shop/uncategorized/dropship-hot-1pc-7-colors-cream-dye-color-hair-100ml-hair-diy-permanent-long-lasting-bright-professional-salon-hair-color-cream/,"Dropship Hot 1Pc 7 Colors Cream Dye Color Hair 100ml Hair DIY Permanent Long Lasting Bright Professional Salon Hair Color Cream",2020/09/Dropship-Hot-1Pc-7-Colors-Cream-Dye-Color-Hair-100ml-Hair-DIY-Permanent-Long-Lasting-Bright.jpg
257063,https://linhcorner.com/shop/uncategorized/diy-dye-hair-hot-4-colors-hair-color-hair-chalk-powder-european-temporary-pastel-hair-dye-color-paint-beauty-soft-pastels-salon/,"DIY Dye Hair Hot 4 colors Hair Color Hair Chalk Powder European Temporary Pastel Hair Dye Color Paint Beauty Soft Pastels Salon",2020/09/DIY-Dye-Hair-Hot-4-colors-Hair-Color-Hair-Chalk-Powder-European-Temporary-Pastel-Hair-Dye.jpg
257091,https://linhcorner.com/shop/uncategorized/sevich-10-pcs-lot-instant-black-hair-shampoo-make-grey-and-white-hair-darkening-shinny-in-5-minutes-make-up-hair-color-shampoo/,"Sevich 10 pcs/lot Instant Black Hair Shampoo Make Grey and White Hair Darkening Shinny in 5 Minutes Make Up Hair Color Shampoo",2020/09/Sevich-10-pcs-lot-Instant-Black-Hair-Shampoo-Make-Grey-and-White-Hair-Darkening-Shinny-in.jpg
257107,https://linhcorner.com/shop/uncategorized/13-colors-one-time-hair-color-party-hair-dye-temporary-non-toxic-diy-hair-color-mascara-dye-cream-pen-grandma-grey-blue-purple/,"13 Colors One-time Hair Color Party Hair Dye Temporary Non-toxic DIY Hair Color Mascara Dye Cream Pen Grandma Grey Blue Purple",2020/09/13-Colors-One-time-Hair-Color-Party-Hair-Dye-Temporary-Non-toxic-DIY-Hair-Color-Mascara.jpg
257130,https://linhcorner.com/shop/uncategorized/35strands-pack-soku-pure-ombre-brown-black-color-fashion-braiding-hair-crochet-hair-20-inch-senegalese-twist-synthetic-for-women/,"35strands/Pack SOKU Pure/Ombre Brown Black Color Fashion Braiding Hair Crochet Hair 20 Inch Senegalese Twist Synthetic For Women",2020/09/35strands-Pack-SOKU-Pure-Ombre-Brown-Black-Color-Fashion-Braiding-Hair-Crochet-Hair-20-Inch-Senegalese.jpg
257135,https://linhcorner.com/shop/uncategorized/salon-hair-bleach-powder-hair-dye-hair-color-cream-hair-whitening-cream-lightening-hair-bleaching-powder-hair-styling-powder/,"Salon Hair Bleach Powder Hair Dye Hair Color Cream Hair Whitening Cream Lightening Hair Bleaching Powder Hair Styling Powder",2020/09/Salon-Hair-Bleach-Powder-Hair-Dye-Hair-Color-Cream-Hair-Whitening-Cream-Lightening-Hair-Bleaching-Powder.jpg
257143,https://linhcorner.com/shop/uncategorized/h2o2-oxidant-20vol-30vol-40-vol-aromatic-thick-dioxygen-milk-hair-color-cream-bleaching-powder-creme-developer-odorless-100ml/,"h2o2 Oxidant 20vol 30vol 40 vol Aromatic Thick Dioxygen Milk Hair Color Cream Bleaching Powder Creme Developer Odorless 100ml",2020/09/h2o2-Oxidant-20vol-30vol-40-vol-Aromatic-Thick-Dioxygen-Milk-Hair-Color-Cream-Bleaching-Powder-Creme.jpg
257219,https://linhcorner.com/shop/uncategorized/hanne-short-curly-bob-remy-wig-brazilian-human-hair-l-part-human-hair-wigs-perruque-cheveux-humain-wave-wigs-1b-30-99j-color/,"HANNE Short Curly Bob Remy Wig Brazilian Human Hair L Part Human Hair Wigs perruque cheveux humain Wave Wigs 1B#/30#/99J Color",2020/09/HANNE-Short-Curly-Bob-Remy-Wig-Brazilian-Human-Hair-L-Part-Human-Hair-Wigs-perruque-cheveux.jpg
