245677,https://linhcorner.com/shop/uncategorized/110v-or-220v-with-eu-us-plug-1800w-hot-and-cold-wind-hair-dryer-blow-dryer-hairdryer-styling-tools-for-salons-and-household-use/,"110v or 220v With EU US Plug 1800W Hot And Cold Wind Hair Dryer Blow dryer Hairdryer Styling Tools For Salons and household use",2020/09/110v-or-220v-With-EU-US-Plug-1800W-Hot-And-Cold-Wind-Hair-Dryer-Blow-dryer.jpg
245678,https://linhcorner.com/shop/uncategorized/1000w-hair-dryer-hot-air-brush-styler-and-volumizer-hair-straightener-curler-comb-roller-one-step-electric-ion-blow-dryer-brush/,"1000W Hair Dryer Hot Air Brush Styler and Volumizer Hair Straightener Curler Comb Roller One Step Electric Ion Blow Dryer Brush",2020/09/1000W-Hair-Dryer-Hot-Air-Brush-Styler-and-Volumizer-Hair-Straightener-Curler-Comb-Roller-One-Step.jpg
245681,https://linhcorner.com/shop/uncategorized/hair-dryer-strong-wind-professional-hair-dryer-salon-dryer-hot-cold-wind-negative-ionic-hammer-blower-dry-electric-hair-dryer/,"Hair Dryer Strong Wind Professional Hair dryer Salon Dryer Hot &amp;Cold Wind Negative Ionic Hammer Blower Dry Electric Hair dryer",2020/09/Hair-Dryer-Strong-Wind-Professional-Hair-dryer-Salon-Dryer-Hot-Cold-Wind-Negative-Ionic-Hammer-Blower.jpg
245682,https://linhcorner.com/shop/uncategorized/hair-dryer-hot-air-brush-automatic-rotating-round-volumizer-hot-cold-wind-electric-hair-curler-straightener-fan-replaceable-comb/,"Hair Dryer Hot Air Brush Automatic Rotating Round Volumizer Hot Cold Wind Electric Hair Curler Straightener Fan Replaceable Comb",2020/09/Hair-Dryer-Hot-Air-Brush-Automatic-Rotating-Round-Volumizer-Hot-Cold-Wind-Electric-Hair-Curler-Straightener.jpg
245683,https://linhcorner.com/shop/uncategorized/lisapro-avocado-golden-one-step-hair-dryer-and-volumizer-professional-dropshipping-hot-air-brush-household-hairstyling-tool/,"LISAPRO Avocado Golden One Step Hair Dryer And Volumizer Professional  Dropshipping Hot Air Brush Household Hairstyling Tool",2020/09/LISAPRO-Avocado-Golden-One-Step-Hair-Dryer-And-Volumizer-Professional-Dropshipping-Hot-Air-Brush-Household-Hairstyling.jpg
245685,https://linhcorner.com/shop/uncategorized/3-in-1-professional-electric-hair-curler-roller-curling-iron-brush-concentrater-hair-dryer-comb-multifunctional-hot-arm-brush/,"3 in 1 Professional Electric Hair Curler Roller Curling Iron Brush Concentrater Hair Dryer Comb Multifunctional Hot Arm Brush",2020/09/3-in-1-Professional-Electric-Hair-Curler-Roller-Curling-Iron-Brush-Concentrater-Hair-Dryer-Comb-Multifunctional.jpg
245751,https://linhcorner.com/shop/uncategorized/xiaomi-mijia-showsee-a1-w-anion-hair-dryer-negative-ion-hair-care-professinal-quick-dry-home-1800w-portable-hairdryer-diffuser/,"XIAOMI MIJIA SHOWSEE A1-W Anion Hair Dryer Negative Ion hair care Professinal Quick Dry Home 1800W Portable Hairdryer Diffuser",2020/09/XIAOMI-MIJIA-SHOWSEE-A1-W-Anion-Hair-Dryer-Negative-Ion-hair-care-Professinal-Quick-Dry-Home.jpg
245754,https://linhcorner.com/shop/uncategorized/xiaomi-mijia-showsee-a5-r-g-anion-hair-dryer-negative-ion-hair-care-professinal-quick-dry-home-1800w-portable-hairdryer-diffuser/,"XIAOMI MIJIA SHOWSEE A5-R G Anion Hair Dryer Negative Ion hair care Professinal Quick Dry Home 1800W Portable Hairdryer Diffuser",2020/09/XIAOMI-MIJIA-SHOWSEE-A5-R-G-Anion-Hair-Dryer-Negative-Ion-hair-care-Professinal-Quick-Dry.jpg
245763,https://linhcorner.com/shop/uncategorized/original-xiaomi-mijia-portable-anion-hair-dryer-nanoe-water-ion-hair-care-professinal-quick-dry-1600w-travel-foldable-hairdryer/,"Original XIAOMI MIJIA Portable Anion Hair Dryer Nanoe Water ion hair care Professinal Quick Dry 1600W Travel Foldable Hairdryer",2020/09/Original-XIAOMI-MIJIA-Portable-Anion-Hair-Dryer-Nanoe-Water-ion-hair-care-Professinal-Quick-Dry-1600W.jpg
245789,https://linhcorner.com/shop/uncategorized/red-black-eu-plug-7-in-1-multifunction-professional-negative-ion-hair-dryer-with-comb-hair-dryer-set-curling-wand-straight-hair/,"Red Black EU Plug 7 in 1 Multifunction Professional Negative Ion Hair Dryer with Comb Hair Dryer Set Curling Wand Straight Hair",2020/09/Red-Black-EU-Plug-7-in-1-Multifunction-Professional-Negative-Ion-Hair-Dryer-with-Comb-Hair.jpg
245860,https://linhcorner.com/shop/uncategorized/professional-home-portable-hair-dryer-diffuser-bonnet-attachment-salon-hairdryer-hair-diffuser-hair-dryer-bonnet-electric-cap/,"Professional Home Portable Hair Dryer Diffuser Bonnet Attachment Salon Hairdryer Hair Diffuser Hair Dryer Bonnet electric cap",2020/09/Professional-Home-Portable-Hair-Dryer-Diffuser-Bonnet-Attachment-Salon-Hairdryer-Hair-Diffuser-Hair-Dryer-Bonnet-electric.jpg
245872,https://linhcorner.com/shop/uncategorized/professional-strong-power-dc-or-ac-motor-hair-dryer-for-hairdressing-barber-salon-tools-blow-dryer-low-hairdryer-hair-dryer-110v/,"Professional Strong Power DC or AC motor hair dryer for hairdressing barber salon tools blow dryer low hairdryer hair dryer 110V",2020/09/Professional-Strong-Power-DC-or-AC-motor-hair-dryer-for-hairdressing-barber-salon-tools-blow-dryer.jpg
245892,https://linhcorner.com/shop/uncategorized/soocas-h5-upgraded-anion-hair-dryer-for-xiaomi-1800w-professional-blow-dryer-aluminum-alloy-powerful-quickly-dry-electric-dryer/,"SOOCAS H5 Upgraded Anion Hair Dryer For Xiaomi 1800W Professional Blow Dryer Aluminum Alloy Powerful Quickly Dry Electric Dryer",2020/09/SOOCAS-H5-Upgraded-Anion-Hair-Dryer-For-Xiaomi-1800W-Professional-Blow-Dryer-Aluminum-Alloy-Powerful-Quickly.jpg
245928,https://linhcorner.com/shop/uncategorized/secador-de-pelo-profesional-secador-de-salon-de-viento-fuerte-secador-de-viento-frio-y-caliente-secador-de-pelo-electrico/,"Secador de pelo profesional Secador de salon de viento fuerte Secador de viento frio y caliente Secador de pelo electrico",2020/09/Secador-de-pelo-profesional-Secador-de-salon-de-viento-fuerte-Secador-de-viento-frio-y-caliente.jpg
245933,https://linhcorner.com/shop/uncategorized/travel-portable-carry-case-cover-storage-bag-pouch-sleeve-gift-box-for-dyson-supersonic-hair-dryer/,"Travel Portable Carry Case Cover Storage Bag Pouch Sleeve Gift Box For Dyson Supersonic Hair Dryer",2020/09/Travel-Portable-Carry-Case-Cover-Storage-Bag-Pouch-Sleeve-Gift-Box-For-Dyson-Supersonic-Hair-Dryer.jpg
245943,https://linhcorner.com/shop/uncategorized/professional-8in1-hot-air-styler-comb-curling-iron-roll-styling-brush-straightening-hair-dryer-blow-with-nozzles-1000w220-240v/,"Professional 8in1 hot air styler comb curling iron roll styling brush straightening hair dryer blow with nozzles 1000W,220-240V",2020/09/Professional-8in1-hot-air-styler-comb-curling-iron-roll-styling-brush-straightening-hair-dryer-blow-with.jpg
245983,https://linhcorner.com/shop/uncategorized/for-hairdresser-and-hair-salon-3-meter-long-wire-eu-plug-real-2300w-power-professional-blower-dryer-salon-hair-dryer-hairdryer/,"For hairdresser and hair salon 3 meter long wire EU Plug Real 2300w power professional blower dryer salon Hair Dryer hairdryer",2020/09/For-hairdresser-and-hair-salon-3-meter-long-wire-EU-Plug-Real-2300w-power-professional-blower.jpg
246008,https://linhcorner.com/shop/uncategorized/cute-cartoon-mini-hair-dryer-beauty-dormitory-travel-hair-dryer-foldable-home-portable-hot-and-cold-air-blower-hair-style-220v/,"Cute cartoon mini hair dryer beauty dormitory travel hair dryer foldable home portable hot and cold air blower hair style 220V",2020/09/Cute-cartoon-mini-hair-dryer-beauty-dormitory-travel-hair-dryer-foldable-home-portable-hot-and-cold.jpg
246108,https://linhcorner.com/shop/uncategorized/4-in-1-hot-air-comb-multifunctional-negative-ion-wet-dry-dual-use-electric-hair-dryer-comb-hair-straightener-curling-rod-comb/,"4-In-1 Hot Air Comb Multifunctional Negative Ion Wet &amp; Dry Dual-Use Electric Hair Dryer Comb Hair Straightener Curling Rod Comb",2020/09/4-In-1-Hot-Air-Comb-Multifunctional-Negative-Ion-Wet-Dry-Dual-Use-Electric-Hair-Dryer.jpg
246149,https://linhcorner.com/shop/uncategorized/wall-mounted-hair-dryer-holder-rack-self-adhesive-space-aluminum-bathroom-shelf-storage-stand-nail-free-no-drilling/,"Wall Mounted Hair Dryer Holder Rack Self Adhesive Space Aluminum Bathroom Shelf Storage Stand Nail Free No Drilling",2020/09/Wall-Mounted-Hair-Dryer-Holder-Rack-Self-Adhesive-Space-Aluminum-Bathroom-Shelf-Storage-Stand-Nail-Free.jpg
246171,https://linhcorner.com/shop/uncategorized/professional-hair-blow-dryer-1800w-heat-blower-dryer-hot-cold-wind-salon-eu-plug/,"Professional Hair Blow Dryer 1800W Heat Blower Dryer Hot Cold Wind Salon EU Plug",2020/09/Professional-Hair-Blow-Dryer-1800W-Heat-Blower-Dryer-Hot-Cold-Wind-Salon-EU-Plug.jpg
246195,https://linhcorner.com/shop/uncategorized/drop-ship-portable-12v-car-styling-hair-dryer-hot-cold-folding-blower-window-defroster/,"Drop ShiP Portable 12V Car-styling Hair Dryer Hot &amp; Cold Folding Blower Window Defroster",2020/09/Drop-ShiP-Portable-12V-Car-styling-Hair-Dryer-Hot-Cold-Folding-Blower-Window-Defroster.jpg
246196,https://linhcorner.com/shop/uncategorized/nylon-hair-dryer-nursing-caps-easy-use-hair-perm-hair-dryer-hair-modelling-warm-air-drying-treatment-safe-cap-home-salon-use-1pc/,"Nylon Hair Dryer Nursing Caps Easy Use Hair Perm Hair Dryer Hair Modelling Warm Air Drying Treatment Safe Cap Home Salon Use 1Pc",2020/09/Nylon-Hair-Dryer-Nursing-Caps-Easy-Use-Hair-Perm-Hair-Dryer-Hair-Modelling-Warm-Air-Drying.jpg
246209,https://linhcorner.com/shop/uncategorized/2in1-rotating-hair-dryer-brush-hot-air-styler-rotaty-airbrush-dryer-spinning-for-volume-and-soft-curls-waves-38-50mm-barrel-tool/,"2in1 rotating hair dryer brush hot air styler rotaty airbrush dryer Spinning for Volume and Soft Curls waves 38/50mm barrel tool",2020/09/2in1-rotating-hair-dryer-brush-hot-air-styler-rotaty-airbrush-dryer-Spinning-for-Volume-and-Soft.jpg
246224,https://linhcorner.com/shop/uncategorized/2020-new-xiaomi-mijia-showsee-anion-hair-dryer-negative-ion-1800w-hair-care-professinal-quick-dry-portable-hairdryer-diffuser/,"2020 New XIAOMI MIJIA SHOWSEE Anion Hair Dryer Negative Ion 1800W hair care Professinal Quick Dry Portable Hairdryer Diffuser",2020/09/2020-New-XIAOMI-MIJIA-SHOWSEE-Anion-Hair-Dryer-Negative-Ion-1800W-hair-care-Professinal-Quick-Dry.jpg
246257,https://linhcorner.com/shop/uncategorized/professional-hair-blow-dryer-1800w-heat-blower-dryer-hot-cold-wind-salon-eu-plug-220v/,"Professional Hair Blow Dryer 1800W Heat Blower Dryer Hot Cold Wind Salon EU Plug 220v",2020/09/Professional-Hair-Blow-Dryer-1800W-Heat-Blower-Dryer-Hot-Cold-Wind-Salon-EU-Plug-220v.jpg
246266,https://linhcorner.com/shop/uncategorized/rotaty-3in1-hot-air-styler-ceramic-rotating-hair-dryer-brush-spinning-for-volume-and-soft-curls-waves-airbrush-220-240v/,"Rotaty 3in1 Hot Air Styler ceramic Rotating hair dryer brush  Spinning for Volume and Soft Curls waves airbrush 220-240v",2020/09/Rotaty-3in1-Hot-Air-Styler-ceramic-Rotating-hair-dryer-brush-Spinning-for-Volume-and-Soft-Curls.jpg
246270,https://linhcorner.com/shop/uncategorized/hairdryer-holder-wall-mounted-storgae-rack-bathroom-shelf-for-dyson-supersonic-hair-dryer/,"Hairdryer Holder Wall Mounted Storgae Rack Bathroom Shelf For Dyson Supersonic Hair Dryer",2020/09/Hairdryer-Holder-Wall-Mounted-Storgae-Rack-Bathroom-Shelf-For-Dyson-Supersonic-Hair-Dryer.jpg
246304,https://linhcorner.com/shop/uncategorized/3-in-1-one-step-hair-dryer-hot-air-brush-hair-straightener-comb-curling-brush-hair-styling-tools-curler-hair-styler-comb/,"3 IN 1 One Step Hair Dryer Hot Air Brush Hair Straightener Comb Curling brush hair styling tools Curler Hair Styler Comb",2020/09/3-IN-1-One-Step-Hair-Dryer-Hot-Air-Brush-Hair-Straightener-Comb-Curling-brush-hair.jpg
246315,https://linhcorner.com/shop/uncategorized/gw555-foldable-hair-blow-dryer-low-noise-traveller-household-blower-220v-eu-plug/,"GW555 Foldable Hair Blow Dryer Low Noise Traveller Household Blower 220V EU Plug",2020/09/GW555-Foldable-Hair-Blow-Dryer-Low-Noise-Traveller-Household-Blower-220V-EU-Plug.jpg
246325,https://linhcorner.com/shop/uncategorized/ac-220v-hair-blow-dryer-850w-travel-hair-dryer-compact-blower-foldable-portable/,"AC 220V Hair Blow Dryer 850W Travel Hair Dryer Compact Blower Foldable Portable",2020/09/AC-220V-Hair-Blow-Dryer-850W-Travel-Hair-Dryer-Compact-Blower-Foldable-Portable.jpg
246337,https://linhcorner.com/shop/uncategorized/drop-ship-portable-12v-car-styling-hair-dryer-hot-cold-folding-blower-window-defroster-10166/,"Drop ShiP Portable 12V Car-styling Hair Dryer Hot &amp; Cold Folding Blower Window Defroster 10166",2020/09/Drop-ShiP-Portable-12V-Car-styling-Hair-Dryer-Hot-Cold-Folding-Blower-Window-Defroster-10166.jpg
246341,https://linhcorner.com/shop/uncategorized/portable-folding-hair-dryer-foldable-handle-compact-1500w-blow-dryer-low-noise-traveler-household-blower-220v-eu-plug/,"Portable Folding Hair Dryer Foldable Handle Compact 1500W Blow Dryer Low Noise Traveler Household Blower + 220V EU Plug",2020/09/Portable-Folding-Hair-Dryer-Foldable-Handle-Compact-1500W-Blow-Dryer-Low-Noise-Traveler-Household-Blower-220V.jpg
246348,https://linhcorner.com/shop/uncategorized/2000w-professional-hair-dryer-negative-ionic-blow-dryer-hot-cold-wind-air-brush-hairdryer-strong-power-dryer-salon-style-tool/,"2000W Professional Hair Dryer Negative Ionic Blow Dryer Hot Cold Wind Air Brush Hairdryer Strong Power Dryer Salon Style Tool",2020/09/2000W-Professional-Hair-Dryer-Negative-Ionic-Blow-Dryer-Hot-Cold-Wind-Air-Brush-Hairdryer-Strong-Power.jpg
246363,https://linhcorner.com/shop/uncategorized/new-fashion-cartoon-hair-dryer-foldable-mini-home-travel-hair-dryer-portable-creative-animal-printed-hair-styling-appliance-220v/,"New Fashion Cartoon Hair Dryer Foldable Mini Home Travel Hair Dryer Portable Creative Animal Printed Hair Styling Appliance 220V",2020/09/New-Fashion-Cartoon-Hair-Dryer-Foldable-Mini-Home-Travel-Hair-Dryer-Portable-Creative-Animal-Printed-Hair.jpg
246379,https://linhcorner.com/shop/uncategorized/hair-dryer-case-cover-for-dyson-soft-silicone-gel-portable-dust-proof-blower-protective-skin-cover-for-supersonic-hair-dryer-bla/,"Hair Dryer Case Cover for Dyson Soft Silicone Gel Portable Dust Proof Blower Protective Skin Cover for Supersonic Hair Dryer Bla",2020/09/Hair-Dryer-Case-Cover-for-Dyson-Soft-Silicone-Gel-Portable-Dust-Proof-Blower-Protective-Skin-Cover.jpg
246385,https://linhcorner.com/shop/uncategorized/hair-dryer-diffuser-professional-folding-universal-for-most-hairdryers/,"Hair Dryer Diffuser   Professional Folding  Universal for most hairdryers",2020/09/Hair-Dryer-Diffuser-Professional-Folding-Universal-for-most-hairdryers.jpg
246389,https://linhcorner.com/shop/uncategorized/6-piece-hair-dryer-2200w-household-hair-dryer-diffuser-comb-salon-us-plug/,"6-piece Hair Dryer 2200W Household Hair Dryer Diffuser/Comb Salon US Plug",2020/09/6-piece-Hair-Dryer-2200W-Household-Hair-Dryer-Diffuser-Comb-Salon-US-Plug.jpg
246397,https://linhcorner.com/shop/uncategorized/adjustable-hair-dryer-diffuser-for-curly-or-wavy-hair-styling-attachment-hair-dryers-accessories-for-most-%d1%84%d0%b5%d0%bd-%d0%b4%d0%bb%d1%8f-%d0%b2%d0%be%d0%bb%d0%be%d1%81-%d1%84%d0%b5%d0%bd/,"Adjustable Hair Dryer Diffuser for Curly or Wavy Hair Styling Attachment Hair Dryers Accessories for Most фен для волос фен",2020/09/Adjustable-Hair-Dryer-Diffuser-for-Curly-or-Wavy-Hair-Styling-Attachment-Hair-Dryers-Accessories-for-Most.jpg
246403,https://linhcorner.com/shop/uncategorized/foldable-portable-mini-hair-blow-dryer-850w-traveller-hair-dryer-compact-blower-power-adapter-converter-voltage-transformer/,"Foldable Portable Mini Hair Blow Dryer 850W Traveller Hair Dryer Compact Blower Power Adapter Converter Voltage Transformer",2020/09/Foldable-Portable-Mini-Hair-Blow-Dryer-850W-Traveller-Hair-Dryer-Compact-Blower-Power-Adapter-Converter-Voltage.jpg
246409,https://linhcorner.com/shop/uncategorized/hair-dryer-diffuser-adjustable-blow-dryers-diffuser-for-curly-or-wavy-hair-styling-accessories-hairdressing-dryer-accessory/,"Hair Dryer Diffuser Adjustable Blow Dryers Diffuser for Curly or Wavy Hair Styling Accessories Hairdressing Dryer Accessory",2020/09/Hair-Dryer-Diffuser-Adjustable-Blow-Dryers-Diffuser-for-Curly-or-Wavy-Hair-Styling-Accessories-Hairdressing-Dryer.jpg
246432,https://linhcorner.com/shop/uncategorized/hair-dryer-hot-and-cold-wind-with-diffuser-conditioning-powerful-hairdryer-motor-heat-constant-temperature-hair-care-blowdryer/,"Hair Dryer Hot and Cold Wind with Diffuser Conditioning Powerful Hairdryer Motor Heat Constant Temperature Hair Care Blowdryer",2020/09/Hair-Dryer-Hot-and-Cold-Wind-with-Diffuser-Conditioning-Powerful-Hairdryer-Motor-Heat-Constant-Temperature-Hair.jpg
246436,https://linhcorner.com/shop/uncategorized/hair-dryer-rack-wall-mounted-bathroom-hotel-stand-holder-hairdryer-shelves-shelf-storage-hanger-no-drilling-whosaledropship/,"Hair Dryer Rack Wall Mounted Bathroom Hotel Stand Holder Hairdryer Shelves Shelf Storage Hanger No Drilling Whosale&amp;Dropship",2020/09/Hair-Dryer-Rack-Wall-Mounted-Bathroom-Hotel-Stand-Holder-Hairdryer-Shelves-Shelf-Storage-Hanger-No-Drilling.jpg
246447,https://linhcorner.com/shop/uncategorized/new-styling-tools-powerful-4-in-1-multifunctional-hair-dryer-rotating-brush-roller-styler-hair-curler-with-eu-plug/,"New Styling Tools Powerful 4 in 1 Multifunctional Hair Dryer Rotating Brush Roller Styler hair curler with EU Plug",2020/09/New-Styling-Tools-Powerful-4-in-1-Multifunctional-Hair-Dryer-Rotating-Brush-Roller-Styler-hair-curler.jpg
246448,https://linhcorner.com/shop/uncategorized/hair-dryer-case-cover-for-dyson-soft-silicone-gel-portable-dust-proof-blower-protective-skin-cover-for-supersonic-hair-dryer/,"Hair Dryer Case Cover for Dyson Soft Silicone Gel Portable Dust Proof Blower Protective Skin Cover for Supersonic Hair Dryer",2020/09/Hair-Dryer-Case-Cover-for-Dyson-Soft-Silicone-Gel-Portable-Dust-Proof-Blower-Protective-Skin-Cover-6.jpg
246458,https://linhcorner.com/shop/uncategorized/travel-portable-carry-case-cover-storage-bag-pouch-sleeve-gift-box-container-for-dyson-supersonic-hair-dryer-dropship/,"Travel Portable Carry Case Cover Storage Bag Pouch Sleeve Gift Box Container For Dyson Supersonic Hair Dryer Dropship",2020/09/Travel-Portable-Carry-Case-Cover-Storage-Bag-Pouch-Sleeve-Gift-Box-Container-For-Dyson-Supersonic-Hair.jpg
246469,https://linhcorner.com/shop/uncategorized/hot-mini-portable-super-traveller-hair-dryer-folding-foldable-compact-blower-whosaledropship/,"Hot Mini Portable Super Traveller Hair Dryer Folding Foldable Compact Blower Whosale&amp;Dropship",2020/09/Hot-Mini-Portable-Super-Traveller-Hair-Dryer-Folding-Foldable-Compact-Blower-Whosale-Dropship.jpg
246503,https://linhcorner.com/shop/uncategorized/2-in-1-hot-air-brush-electric-hair-dryer-hair-curlingstraightener-comb-wet-and-dry-use-travel-blow-iron-rotating-hairdryer/,"2 In 1 Hot-air Brush Electric Hair Dryer Hair Curling&amp;Straightener Comb Wet and Dry Use Travel Blow Iron Rotating Hairdryer",2020/09/2-In-1-Hot-air-Brush-Electric-Hair-Dryer-Hair-Curling-Straightener-Comb-Wet-and-Dry.jpg
246509,https://linhcorner.com/shop/uncategorized/hair-dryer-case-cover-for-dyson-soft-silicone-gel-portable-dust-proof-blower-protective-skin-cover-for-supersonic-hair-dryer-blu/,"Hair Dryer Case Cover for Dyson Soft Silicone Gel Portable Dust Proof Blower Protective Skin Cover for Supersonic Hair Dryer Blu",2020/09/Hair-Dryer-Case-Cover-for-Dyson-Soft-Silicone-Gel-Portable-Dust-Proof-Blower-Protective-Skin-Cover-12.jpg
246515,https://linhcorner.com/shop/uncategorized/4-in-1-styling-tool-hair-dryer-hair-curler-comb-salon-professional-electric-hair-dryer-blower-multifunctional-styling-set/,"4 in 1 Styling Tool Hair Dryer Hair Curler Comb Salon Professional Electric Hair Dryer Blower Multifunctional Styling Set",2020/09/4-in-1-Styling-Tool-Hair-Dryer-Hair-Curler-Comb-Salon-Professional-Electric-Hair-Dryer-Blower.jpg
246517,https://linhcorner.com/shop/uncategorized/portable-hair-dryer-holder-stand-bracket-with-super-magnetic-for-dyson-hair-drye/,"Portable Hair Dryer Holder Stand Bracket With Super Magnetic For Dyson Hair Drye",2020/09/Portable-Hair-Dryer-Holder-Stand-Bracket-With-Super-Magnetic-For-Dyson-Hair-Drye.jpg
246536,https://linhcorner.com/shop/uncategorized/professional-hair-blow-dryer-1800w-heat-blower-dryer-hot-cold-wind-salon-eu-plug-whosaledropship/,"Professional Hair Blow Dryer 1800W Heat Blower Dryer Hot Cold Wind Salon EU Plug Whosale&amp;Dropship",2020/09/Professional-Hair-Blow-Dryer-1800W-Heat-Blower-Dryer-Hot-Cold-Wind-Salon-EU-Plug-Whosale-Dropship.jpg
246537,https://linhcorner.com/shop/uncategorized/wall-mounted-hair-dryer-holder-rack-self-adhesive-space-aluminum-bathroom-shelf-storage-stand-nail-free-no-drilling-10166/,"Wall Mounted Hair Dryer Holder Rack Self Adhesive Space Aluminum Bathroom Shelf Storage Stand Nail Free No Drilling 10166",2020/09/Wall-Mounted-Hair-Dryer-Holder-Rack-Self-Adhesive-Space-Aluminum-Bathroom-Shelf-Storage-Stand-Nail-Free-6.jpg
246542,https://linhcorner.com/shop/uncategorized/eu-plug-2100w-professional-hair-dryer-blow-dryer-for-salon-home-use-hairdryer-with-nozzles-travel-hot-cold-air-adjustment/,"EU Plug 2100w Professional hair dryer blow dryer for salon home use hairdryer with nozzles travel Hot cold air adjustment",2020/09/EU-Plug-2100w-Professional-hair-dryer-blow-dryer-for-salon-home-use-hairdryer-with-nozzles-travel.jpg
246557,https://linhcorner.com/shop/uncategorized/one-step-hair-dryers-and-volumizer-blower-professional-2-in-1-hair-dryers-hot-brush-blow-drier-hairbrush-styling-tools-styler/,"One Step Hair Dryers And Volumizer Blower Professional 2-in-1 Hair Dryers Hot Brush Blow Drier Hairbrush Styling Tools Styler",2020/09/One-Step-Hair-Dryers-And-Volumizer-Blower-Professional-2-in-1-Hair-Dryers-Hot-Brush-Blow.jpg
246560,https://linhcorner.com/shop/uncategorized/electric-hair-dryer-blow-dryer-hair-curling-iron-rotating-brush-hairdryer-hairstyling-tools-professional-2-in-1-hot-air-brush/,"Electric Hair Dryer Blow Dryer Hair Curling Iron Rotating Brush Hairdryer Hairstyling Tools Professional 2 In 1 hot-air brush",2020/09/Electric-Hair-Dryer-Blow-Dryer-Hair-Curling-Iron-Rotating-Brush-Hairdryer-Hairstyling-Tools-Professional-2-In.jpg
246568,https://linhcorner.com/shop/uncategorized/2018-new-foldable-portable-mini-hair-dryer-beauty-home-travel-hair-dryer-small-power-hair-dressing-styling-appliance-220v-450w/,"2018 New Foldable Portable Mini Hair Dryer Beauty Home Travel Hair Dryer Small Power Hair Dressing Styling Appliance 220V 450W",2020/09/2018-New-Foldable-Portable-Mini-Hair-Dryer-Beauty-Home-Travel-Hair-Dryer-Small-Power-Hair-Dressing.jpg
246584,https://linhcorner.com/shop/uncategorized/hot-mini-portable-super-traveller-hair-dryer-folding-foldable-compact-blower/,"Hot Mini Portable Super Traveller Hair Dryer Folding Foldable Compact Blower",2020/09/Hot-Mini-Portable-Super-Traveller-Hair-Dryer-Folding-Foldable-Compact-Blower.jpg
246616,https://linhcorner.com/shop/uncategorized/soocas-h5-anion-hair-dryer-1800w-professional-blow-dryer-aluminum-alloy-powerful-electric-dryer-cn-plug-vangogh/,"SOOCAS H5 Anion Hair Dryer 1800W Professional Blow Dryer Aluminum Alloy Powerful Electric Dryer CN Plug Vangogh",2020/09/SOOCAS-H5-Anion-Hair-Dryer-1800W-Professional-Blow-Dryer-Aluminum-Alloy-Powerful-Electric-Dryer-CN-Plug.jpg
246620,https://linhcorner.com/shop/uncategorized/drop-ship-portable-12v-car-styling-hair-dryer-hot-cold-folding-blower-window-defroster-drop-ship/,"Drop ShiP Portable 12V Car-styling Hair Dryer Hot &amp; Cold Folding Blower Window Defroster Drop ship",2020/09/Drop-ShiP-Portable-12V-Car-styling-Hair-Dryer-Hot-Cold-Folding-Blower-Window-Defroster-Drop-ship.jpg
246660,https://linhcorner.com/shop/uncategorized/hot-and-cold-wind-compact-household-electric-hair-dryer-hair-blower-travel-compact-home-personal-care-appliances/,"Hot and Cold Wind Compact household Electric Hair Dryer Hair Blower Travel Compact Home Personal Care Appliances",2020/09/Hot-and-Cold-Wind-Compact-household-Electric-Hair-Dryer-Hair-Blower-Travel-Compact-Home-Personal-Care.jpg
246667,https://linhcorner.com/shop/uncategorized/hairdryer-holder-wall-mounted-storgae-rack-bathroom-shelf-for-hair-dryer-whosaledropship/,"Hairdryer Holder Wall Mounted Storgae Rack Bathroom Shelf For Hair Dryer Whosale&amp;Dropship",2020/09/Hairdryer-Holder-Wall-Mounted-Storgae-Rack-Bathroom-Shelf-For-Hair-Dryer-Whosale-Dropship.jpg
246676,https://linhcorner.com/shop/uncategorized/professional-hair-blow-dryer-heat-blower-dryer-hot-cold-wind-salon-eu-plug-whosaledropship/,"Professional Hair Blow Dryer Heat Blower Dryer Hot Cold Wind Salon EU Plug  Whosale&amp;Dropship",2020/09/Professional-Hair-Blow-Dryer-Heat-Blower-Dryer-Hot-Cold-Wind-Salon-EU-Plug-Whosale-Dropship.jpg
246683,https://linhcorner.com/shop/uncategorized/professional-hair-dryer-styling-tools-styling-brush-comb-nozzle-curler-salon-with-7-in-1-styling-brush-comb-nozzle-curler/,"Professional Hair Dryer Styling Tools Styling Brush Comb Nozzle Curler Salon with 7 in 1 Styling Brush Comb Nozzle Curler",2020/09/Professional-Hair-Dryer-Styling-Tools-Styling-Brush-Comb-Nozzle-Curler-Salon-with-7-in-1-Styling.jpg
246685,https://linhcorner.com/shop/uncategorized/2020-new-xiaomi-mijia-portable-anion-hair-dryer-h100-professinal-quick-1600w-travel-foldable-hairdryer-nanoe-water-ion-hair-care/,"2020 New XIAOMI MIJIA Portable Anion Hair Dryer H100 Professinal Quick 1600W Travel Foldable Hairdryer Nanoe Water ion Hair Care",2020/09/2020-New-XIAOMI-MIJIA-Portable-Anion-Hair-Dryer-H100-Professinal-Quick-1600W-Travel-Foldable-Hairdryer-Nanoe.jpg
246694,https://linhcorner.com/shop/uncategorized/hot-air-brubsh-cool-air-2019-newest-comb-hair-dryer-blow-dryer-hair-curling-iron-rotating-brush-hair-dryer-pro-2-in-1/,"hot-air brubsh cool air 2019 newest comb Hair Dryer Blow Dryer Hair Curling Iron Rotating Brush Hair dryer Pro 2 In 1",2020/09/hot-air-brubsh-cool-air-2019-newest-comb-Hair-Dryer-Blow-Dryer-Hair-Curling-Iron-Rotating.jpg
246732,https://linhcorner.com/shop/uncategorized/550w220-240v-professional-6in1-hot-air-styler-hair-dryer-blow-with-nozzles-comb-concentrator-curling-iron-styling-brush/,"550W,220-240V professional 6in1 hot air styler hair dryer blow with nozzles comb concentrator curling iron styling brush",2020/09/550W-220-240V-professional-6in1-hot-air-styler-hair-dryer-blow-with-nozzles-comb-concentrator-curling.jpg
246738,https://linhcorner.com/shop/uncategorized/aikin-paicheng-mini-hair-dryer-for-family-1800w-blow-dryer-white-red-green-color-220v-50hz/,"AIKIN Paicheng Mini Hair Dryer For Family 1800W Blow Dryer White/Red/Green Color 220V 50Hz",2020/09/AIKIN-Paicheng-Mini-Hair-Dryer-For-Family-1800W-Blow-Dryer-White-Red-Green-Color-220V-50Hz.jpg
246749,https://linhcorner.com/shop/uncategorized/professional-strong-power-2100w-ac-motor-hair-dryer-for-hairdressing-barber-salon-tools-blow-dryer-low-hairdryer-hair-dryer/,"Professional Strong Power 2100W AC motor hair dryer for hairdressing barber salon tools blow dryer low hairdryer hair dryer",2020/09/Professional-Strong-Power-2100W-AC-motor-hair-dryer-for-hairdressing-barber-salon-tools-blow-dryer-low.jpg
246790,https://linhcorner.com/shop/uncategorized/professional-hair-dryer-2000w-high-power-styling-tools-solon-blow-dryer-hot-and-cold-wind-greenhair-dryer-volumizer-hammer-dryer/,"Professional Hair Dryer 2000W High Power Styling Tools Solon Blow Dryer Hot and Cold Wind Greenhair dryer Volumizer hammer dryer",2020/09/Professional-Hair-Dryer-2000W-High-Power-Styling-Tools-Solon-Blow-Dryer-Hot-and-Cold-Wind-Greenhair.jpg
246813,https://linhcorner.com/shop/uncategorized/anion-hair-dryer-hot-and-cold-air-blow-dryer-1600w-household-travel-low-noise-foldable-handle-dc-motor-euro-plug-ul-hairdryer/,"Anion Hair Dryer Hot and Cold Air Blow Dryer 1600W Household Travel Low Noise Foldable Handle DC Motor Euro Plug UL Hairdryer",2020/09/Anion-Hair-Dryer-Hot-and-Cold-Air-Blow-Dryer-1600W-Household-Travel-Low-Noise-Foldable-Handle.jpg
246835,https://linhcorner.com/shop/uncategorized/hair-dryer-blue-2000w-professional-high-power-styling-tools-solon-blow-dryer-hot-and-cold-wind-hair-dryer-volumizer-hammer-dryer/,"Hair Dryer Blue 2000W Professional High Power Styling Tools Solon Blow Dryer Hot and Cold Wind hair dryer volumizer hammer dryer",2020/09/Hair-Dryer-Blue-2000W-Professional-High-Power-Styling-Tools-Solon-Blow-Dryer-Hot-and-Cold-Wind.jpg
246880,https://linhcorner.com/shop/uncategorized/220v-mini-hair-blow-dryer-850w-traveller-hair-dryer-compact-blower-foldable-portable-new-whosaledropship/,"220V Mini Hair Blow Dryer 850W Traveller Hair Dryer Compact Blower Foldable Portable New Whosale&amp;Dropship",2020/09/220V-Mini-Hair-Blow-Dryer-850W-Traveller-Hair-Dryer-Compact-Blower-Foldable-Portable-New-Whosale-Dropship.jpg
246890,https://linhcorner.com/shop/uncategorized/easy-use-hair-perm-hair-dryer-nursing-dye-hair-modelling-warm-air-drying-treatment-cap-home-safer-than-electric-cap/,"Easy use Hair perm hair dryer nursing dye hair modelling warm air drying treatment cap home safer than electric cap",2020/09/Easy-use-Hair-perm-hair-dryer-nursing-dye-hair-modelling-warm-air-drying-treatment-cap-home.jpg
246896,https://linhcorner.com/shop/uncategorized/ionic-blow-dryer-professional-hairdryer-with-diffuser-powerful-ac-motor-3-temperature-2-speed-1-cool-setting-quick-drying/,"Ionic Blow Dryer Professional Hairdryer with Diffuser Powerful AC Motor 3 Temperature 2 Speed &amp; 1 Cool Setting, Quick Drying",2020/09/Ionic-Blow-Dryer-Professional-Hairdryer-with-Diffuser-Powerful-AC-Motor-3-Temperature-2-Speed-1-Cool.jpg
246915,https://linhcorner.com/shop/uncategorized/automatic-hair-dryer-360-rotation-electric-hot-air-hair-dryer-brush-hair-curler-blow-dryer-comb-curling-irons-styling-tools-45/,"Automatic Hair Dryer 360 Rotation Electric Hot Air Hair Dryer Brush Hair Curler Blow Dryer Comb Curling Irons Styling Tools 45",2020/09/Automatic-Hair-Dryer-360-Rotation-Electric-Hot-Air-Hair-Dryer-Brush-Hair-Curler-Blow-Dryer-Comb.jpg
246958,https://linhcorner.com/shop/uncategorized/wall-mount-holder-hairdryer-storgae-rack-bathroom-shelf-for-dyson-supersonic-hair-dryer-10166/,"Wall Mount Holder Hairdryer Storgae Rack Bathroom Shelf For Dyson Supersonic Hair Dryer 10166",2020/09/Wall-Mount-Holder-Hairdryer-Storgae-Rack-Bathroom-Shelf-For-Dyson-Supersonic-Hair-Dryer-10166.jpg
246968,https://linhcorner.com/shop/uncategorized/2020-new-xiaomi-mijia-nanoe-water-ion-hair-dryer-anion-professinal-quick-dry-1800w-home-hairdryer-diffuser-negative-hair-care/,"2020 New XIAOMI MIJIA Nanoe Water ion Hair Dryer Anion Professinal Quick Dry 1800W Home Hairdryer diffuser Negative Hair Care",2020/09/2020-New-XIAOMI-MIJIA-Nanoe-Water-ion-Hair-Dryer-Anion-Professinal-Quick-Dry-1800W-Home-Hairdryer.jpg
246974,https://linhcorner.com/shop/uncategorized/5000w-powerful-professional-hair-dryer-salon-blow-dryer-blue-light-hydra-negative-ions-hairdryer-barber-styling-tool-hair-care45/,"5000W Powerful Professional Hair Dryer Salon Blow Dryer Blue Light Hydra Negative Ions Hairdryer Barber Styling Tool Hair Care45",2020/09/5000W-Powerful-Professional-Hair-Dryer-Salon-Blow-Dryer-Blue-Light-Hydra-Negative-Ions-Hairdryer-Barber-Styling.jpg
247017,https://linhcorner.com/shop/uncategorized/10in1-pro-hot-air-styler-hair-dryer-blow-straightening-hair-dryer-brush-curling-iron-with-nozzles-comb-roll-styling-220-240v/,"10in1 Pro hot air styler hair dryer blow straightening hair dryer brush curling iron with nozzles comb roll styling 220-240V",2020/09/10in1-Pro-hot-air-styler-hair-dryer-blow-straightening-hair-dryer-brush-curling-iron-with-nozzles.jpg
247023,https://linhcorner.com/shop/uncategorized/soocas-h5-negative-ion-hair-dryer-1800w-professional-blow-dryer-aluminum-alloy-powerful-electric-dryer-eu-plug/,"SOOCAS H5 Negative Ion Hair Dryer 1800W Professional Blow Dryer Aluminum Alloy Powerful Electric Dryer EU Plug",2020/09/SOOCAS-H5-Negative-Ion-Hair-Dryer-1800W-Professional-Blow-Dryer-Aluminum-Alloy-Powerful-Electric-Dryer-EU.jpg
247044,https://linhcorner.com/shop/uncategorized/professional-hair-dryer-diffuser-hairdressing-hairdryer-diffuser-hair-drying-blower-hair-styling-tool-hair-salon-dryer-accessory/,"Professional Hair Dryer Diffuser Hairdressing Hairdryer Diffuser Hair Drying Blower Hair Styling Tool Hair Salon Dryer Accessory",2020/09/Professional-Hair-Dryer-Diffuser-Hairdressing-Hairdryer-Diffuser-Hair-Drying-Blower-Hair-Styling-Tool-Hair-Salon-Dryer.jpg
247063,https://linhcorner.com/shop/uncategorized/1000w-professional-2-in-1-hair-dryer-brush-curling-iron-ion-one-step-hair-dryer-electric-blow-dry-brush-hairdryer-roller-styler/,"1000W Professional 2 in 1 Hair Dryer Brush Curling Iron Ion One Step Hair Dryer Electric Blow Dry Brush Hairdryer Roller Styler",2020/09/1000W-Professional-2-in-1-Hair-Dryer-Brush-Curling-Iron-Ion-One-Step-Hair-Dryer-Electric.jpg
247070,https://linhcorner.com/shop/uncategorized/2400w-professional-electric-hair-dryer-salon-3-speed-2-heat-hairdressing-blow/,"2400W Professional Electric Hair Dryer Salon 3 Speed 2 Heat Hairdressing Blow",2020/09/2400W-Professional-Electric-Hair-Dryer-Salon-3-Speed-2-Heat-Hairdressing-Blow.jpg
247105,https://linhcorner.com/shop/uncategorized/smate-anion-hair-dryer-mini-negative-ion-hair-care-quick-dry-portable-foldable-hairdryer-17500rpm-sh-a12-220v/,"SMATE Anion Hair Dryer Mini Negative Ion Hair Care Quick Dry Portable Foldable Hairdryer 17500rpm SH-A12 220V",2020/09/SMATE-Anion-Hair-Dryer-Mini-Negative-Ion-Hair-Care-Quick-Dry-Portable-Foldable-Hairdryer-17500rpm-SH.jpg
247110,https://linhcorner.com/shop/uncategorized/professional-hair-dryer-power-electric-blow-dryer-hot-cold-air-hairdryer-powerful-4000-wind-barber-salon-tools-210-240v-40d/,"Professional Hair Dryer Power Electric Blow Dryer Hot/cold Air Hairdryer Powerful 4000 Wind Barber Salon Tools 210-240V 40D",2020/09/Professional-Hair-Dryer-Power-Electric-Blow-Dryer-Hot-cold-Air-Hairdryer-Powerful-4000-Wind-Barber-Salon.jpg
247154,https://linhcorner.com/shop/uncategorized/gw-hair-dryer-hot-mini-hotel-dedicated-hotel-hair-dryer-wall-mounted-hair-dryer-eu-plug/,"GW Hair Dryer Hot Mini Hotel Dedicated Hotel Hair Dryer Wall-Mounted Hair Dryer Eu Plug",2020/09/GW-Hair-Dryer-Hot-Mini-Hotel-Dedicated-Hotel-Hair-Dryer-Wall-Mounted-Hair-Dryer-Eu-Plug.jpg
247155,https://linhcorner.com/shop/uncategorized/for-hairdresser-and-hair-salon-3-meter-long-wire-eu-plug-real-2200w-power-professional-blower-dryer-salon-hair-dryer-hairdryer/,"For hairdresser and hair salon 3 meter long wire EU Plug Real 2200w power professional blower dryer salon Hair Dryer hairdryer",2020/09/For-hairdresser-and-hair-salon-3-meter-long-wire-EU-Plug-Real-2200w-power-professional-blower.jpg
247166,https://linhcorner.com/shop/uncategorized/professional-electric-hair-coloring-bowl-automatic-mixer-for-hairs-color-mixing-y05-c05/,"Professional Electric Hair Coloring Bowl Automatic Mixer For Hairs Color Mixing #Y05# #C05#",2020/09/Professional-Electric-Hair-Coloring-Bowl-Automatic-Mixer-For-Hairs-Color-Mixing-Y05-C05.jpg
247180,https://linhcorner.com/shop/uncategorized/pinjing%ef%bc%88soocas-electric-hair-dryer-fast-hair-drying-blower-1800w-quick-drying-6-speeds-foldable-temperature-protection-220v/,"Pinjing（soocas)  Electric Hair Dryer Fast Hair Drying Blower 1800W Quick Drying 6 Speeds Foldable Temperature Protection 220V",2020/09/Pinjing-soocas-Electric-Hair-Dryer-Fast-Hair-Drying-Blower-1800W-Quick-Drying-6-Speeds-Foldable-Temperature.jpg
247202,https://linhcorner.com/shop/uncategorized/vintage-design-high-stainless-steel-body-professional-hair-dryer-blow-dryer-hairdryer-styling-tools-for-salons-and-household-use/,"Vintage Design High stainless steel body Professional Hair Dryer Blow dryer Hairdryer Styling Tools For Salons and household use",2020/09/Vintage-Design-High-stainless-steel-body-Professional-Hair-Dryer-Blow-dryer-Hairdryer-Styling-Tools-For-Salons.jpg
247214,https://linhcorner.com/shop/uncategorized/wireless-hair-dryer-hot-and-cold-portable-charging-blow-dryer-eletric-blowdryer-dryer-hair-automatic-hair-care-hairdryer-nozzle/,"Wireless Hair Dryer Hot and Cold Portable Charging Blow Dryer Eletric Blowdryer Dryer Hair  Automatic Hair Care Hairdryer Nozzle",2020/09/Wireless-Hair-Dryer-Hot-and-Cold-Portable-Charging-Blow-Dryer-Eletric-Blowdryer-Dryer-Hair-Automatic-Hair.jpg
247221,https://linhcorner.com/shop/uncategorized/blow-dryer-brush-one-step-hair-dryer-and-volumizer-straightener-curler-comb-in-one-styling-tool-cepillo-electrico-para-cabello/,"Blow Dryer Brush One Step Hair Dryer and Volumizer Straightener Curler Comb in One Styling Tool cepillo electrico para cabello",2020/09/Blow-Dryer-Brush-One-Step-Hair-Dryer-and-Volumizer-Straightener-Curler-Comb-in-One-Styling-Tool.jpg
247230,https://linhcorner.com/shop/uncategorized/surker-2200w-hair-dryer-negative-lons-hair-blow-dryer-with-2-speed-and-3-heat-setting-ceramic-hair-dryer-eu-plug/,"SURKER 2200W Hair Dryer Negative Lons Hair Blow Dryer with 2 Speed and 3 Heat Setting Ceramic Hair Dryer EU Plug",2020/09/SURKER-2200W-Hair-Dryer-Negative-Lons-Hair-Blow-Dryer-with-2-Speed-and-3-Heat-Setting.jpg
247283,https://linhcorner.com/shop/uncategorized/flyco-fh6273-secador-de-cabello-diffuser-blower-3-nozzle-wind-professional-hairdressing-salon-set-anion-hair-dryer-with-comb/,"Flyco FH6273 Secador De Cabello Diffuser Blower 3 Nozzle Wind Professional Hairdressing Salon Set Anion Hair Dryer With comb",2020/09/Flyco-FH6273-Secador-De-Cabello-Diffuser-Blower-3-Nozzle-Wind-Professional-Hairdressing-Salon-Set-Anion-Hair.jpg
247301,https://linhcorner.com/shop/uncategorized/rucha-professional-salon-hair-dryer-with-touch-sensor-ionic-hair-blow-dryer-1600w-6-speed-and-heat-settings-dc-motor-hair-dryer/,"RUCHA Professional Salon Hair Dryer With Touch Sensor Ionic Hair Blow Dryer 1600w 6 Speed And Heat Settings DC Motor Hair Dryer",2020/09/RUCHA-Professional-Salon-Hair-Dryer-With-Touch-Sensor-Ionic-Hair-Blow-Dryer-1600w-6-Speed-And.jpg
247306,https://linhcorner.com/shop/uncategorized/showsee-anion-constant-temperature-hair-dryer-nanoe-water-ion-hair-care-professinal-quick-dry-1800w-portable-hairdryer-diffuser/,"ShowSee Anion Constant temperature Hair Dryer Nanoe Water ion hair care Professinal Quick Dry 1800W Portable Hairdryer Diffuser",2020/09/ShowSee-Anion-Constant-temperature-Hair-Dryer-Nanoe-Water-ion-hair-care-Professinal-Quick-Dry-1800W-Portable.jpg
247334,https://linhcorner.com/shop/uncategorized/hair-dryer-heating-bonnet-cap-soft-hair-styling-hood-hairdress-heater-nutrition-treatments-hair-drying-speed-up/,"Hair Dryer Heating Bonnet Cap Soft Hair Styling Hood Hairdress Heater Nutrition Treatments Hair Drying Speed Up",2020/09/Hair-Dryer-Heating-Bonnet-Cap-Soft-Hair-Styling-Hood-Hairdress-Heater-Nutrition-Treatments-Hair-Drying-Speed.jpg
247348,https://linhcorner.com/shop/uncategorized/hot-air-brush-one-step-hair-dryer-volumizer-3-in-1-hair-dryer-brush-styler-for-straightening-curling-salon-dryer/,"Hot Air Brush  One Step Hair Dryer &amp; Volumizer 3-in-1 Hair Dryer Brush Styler for Straightening Curling Salon Dryer",2020/09/Hot-Air-Brush-One-Step-Hair-Dryer-Volumizer-3-in-1-Hair-Dryer-Brush-Styler-for.jpg
247353,https://linhcorner.com/shop/uncategorized/universal-collapsible-nano-silica-gel-hair-dryer-blower-diffuser-hairdressing-styling-tool-purple/,"Universal Collapsible Nano silica gel Hair Dryer Blower Diffuser Hairdressing Styling Tool - Purple",2020/09/Universal-Collapsible-Nano-silica-gel-Hair-Dryer-Blower-Diffuser-Hairdressing-Styling-Tool-Purple.jpg
247359,https://linhcorner.com/shop/uncategorized/electric-professional-hair-dryer-for-hairdresser-fukuda-yasuo-hair-dryers-high-power-hair-blow-dryer-220v-2400w/,"Electric Professional Hair Dryer for hairdresser fukuda yasuo Hair dryers High power hair blow dryer 220V 2400W",2020/09/Electric-Professional-Hair-Dryer-for-hairdresser-fukuda-yasuo-Hair-dryers-High-power-hair-blow-dryer-220V.jpg
247396,https://linhcorner.com/shop/uncategorized/soocas-h5-upgraded-anion-hair-dryer-for-xiaomi-professional-blow-dryer-quickly-dry-electric-dryer-with-diffuser-aluminum-alloy/,"SOOCAS H5 upgraded Anion Hair Dryer for Xiaomi Professional Blow Dryer quickly dry Electric Dryer with Diffuser Aluminum Alloy",2020/09/SOOCAS-H5-upgraded-Anion-Hair-Dryer-for-Xiaomi-Professional-Blow-Dryer-quickly-dry-Electric-Dryer-with.jpg
247417,https://linhcorner.com/shop/uncategorized/hair-dryers-2000w-professional-salon-hair-dryer-2-in-1-hot-cold-wind-negative-ionic-hair-blow-dryer-strong-wind-hot-dryer/,"Hair Dryers 2000W Professional Salon Hair Dryer 2 In 1 Hot &amp;Cold Wind  Negative Ionic Hair Blow Dryer Strong Wind Hot  Dryer",2020/09/Hair-Dryers-2000W-Professional-Salon-Hair-Dryer-2-In-1-Hot-Cold-Wind-Negative-Ionic-Hair.jpg
247427,https://linhcorner.com/shop/uncategorized/drop-ship-portable-12v-car-styling-hair-dryer-hot-cold-folding-blower-window-defroster-whosaledropship/,"Drop ShiP Portable 12V Car-styling Hair Dryer Hot &amp; Cold Folding Blower Window Defroster Whosale&amp;Dropship",2020/09/Drop-ShiP-Portable-12V-Car-styling-Hair-Dryer-Hot-Cold-Folding-Blower-Window-Defroster-Whosale-Dropship.jpg
247450,https://linhcorner.com/shop/uncategorized/professional-7-in-1-styling-tool-hair-drye-multifunction-hair-styling-tools-hairdryer-hair-curler-straightener-dryer-comb-brush/,"Professional 7 in 1 Styling Tool Hair Drye Multifunction Hair Styling Tools Hairdryer Hair Curler Straightener Dryer Comb Brush",2020/09/Professional-7-in-1-Styling-Tool-Hair-Drye-Multifunction-Hair-Styling-Tools-Hairdryer-Hair-Curler-Straightener.jpg
247459,https://linhcorner.com/shop/uncategorized/professional-hair-dryer-cold-and-hot-2000w-anion-blow-dryer-dc-motor-with-concentrator-diffuser-lonic-and-induction-function-dry/,"Professional Hair dryer Cold and Hot 2000W Anion Blow Dryer DC Motor with Concentrator Diffuser Lonic and Induction Function Dry",2020/09/Professional-Hair-dryer-Cold-and-Hot-2000W-Anion-Blow-Dryer-DC-Motor-with-Concentrator-Diffuser-Lonic.jpg
247481,https://linhcorner.com/shop/uncategorized/multifunction-hair-dryer-and-volumizer-blower-quick-dry-one-step-hot-air-brush-straightener-curling-comb-styling-tooi-hairdryer/,"Multifunction Hair Dryer and Volumizer Blower Quick Dry One Step Hot Air Brush Straightener Curling Comb Styling TooI Hairdryer",2020/09/Multifunction-Hair-Dryer-and-Volumizer-Blower-Quick-Dry-One-Step-Hot-Air-Brush-Straightener-Curling-Comb.jpg
247485,https://linhcorner.com/shop/uncategorized/hair-dryer-rack-wall-mounted-bathroom-hotel-stand-holder-hairdryer-shelves-shelf-storage-hanger-no-drilling/,"Hair Dryer Rack Wall Mounted Bathroom Hotel Stand Holder Hairdryer Shelves Shelf Storage Hanger No Drilling",2020/09/Hair-Dryer-Rack-Wall-Mounted-Bathroom-Hotel-Stand-Holder-Hairdryer-Shelves-Shelf-Storage-Hanger-No-Drilling-6.jpg
247498,https://linhcorner.com/shop/uncategorized/hair-dryer-brush-one-step-hair-dryer-volumizer-3-in-1-negative-ion-hot-air-brush-best-gifts-for-the-family-10-orders/,"Hair Dryer Brush One Step Hair Dryer &amp; Volumizer 3 in 1 Negative Ion Hot Air Brush Best Gifts for the Family 10 orders",2020/09/Hair-Dryer-Brush-One-Step-Hair-Dryer-Volumizer-3-in-1-Negative-Ion-Hot-Air-Brush.jpg
247563,https://linhcorner.com/shop/uncategorized/soocas-h5-upgraded-negative-ion-hair-dryer-for-xiaomi-mijia-1800w-professional-blow-dryer-aluminum-alloy-powerful-electric-dryer/,"SOOCAS H5 upgraded Negative Ion Hair Dryer for Xiaomi Mijia 1800W Professional Blow Dryer Aluminum Alloy Powerful Electric Dryer",2020/09/SOOCAS-H5-upgraded-Negative-Ion-Hair-Dryer-for-Xiaomi-Mijia-1800W-Professional-Blow-Dryer-Aluminum-Alloy.jpg
247573,https://linhcorner.com/shop/uncategorized/2300w-powerful-professional-salon-hair-dryer-and-blow-dryer-electric-hairdryer-hot-cold-wind-with-air-collecting-nozzle/,"2300W Powerful Professional Salon Hair Dryer and Blow Dryer Electric Hairdryer Hot/Cold Wind With Air Collecting Nozzle",2020/09/2300W-Powerful-Professional-Salon-Hair-Dryer-and-Blow-Dryer-Electric-Hairdryer-Hot-Cold-Wind-With-Air.jpg
247579,https://linhcorner.com/shop/uncategorized/soocas-h5-negative-ion-hair-dryer-for-xiaomi-mijia-1800w-professional-blow-dryer-aluminum-alloy-powerful-electric-dryer-cn-plug/,"SOOCAS H5 Negative Ion Hair Dryer for Xiaomi Mijia 1800W Professional Blow Dryer Aluminum Alloy Powerful Electric Dryer CN Plug",2020/09/SOOCAS-H5-Negative-Ion-Hair-Dryer-for-Xiaomi-Mijia-1800W-Professional-Blow-Dryer-Aluminum-Alloy-Powerful.jpg
247585,https://linhcorner.com/shop/uncategorized/smate-hair-dryer-1800w-hairdryer-3-gears-negative-ions-dual-layer-air-intake-net-overheating-quick-drying-hair-tools-220v/,"Smate Hair Dryer 1800W Hairdryer 3 Gears Negative Ions Dual-layer Air Intake Net Overheating Quick-drying Hair Tools 220V",2020/09/Smate-Hair-Dryer-1800W-Hairdryer-3-Gears-Negative-Ions-Dual-layer-Air-Intake-Net-Overheating-Quick.jpg
247620,https://linhcorner.com/shop/uncategorized/4000w-professional-powerful-hair-dryer-fast-heating-hot-and-cold-adjustment-ionic-air-blow-dryer-with-air-collecting-nozzel/,"4000W Professional Powerful Hair Dryer Fast Heating Hot And Cold Adjustment Ionic Air Blow Dryer with Air Collecting Nozzel",2020/09/4000W-Professional-Powerful-Hair-Dryer-Fast-Heating-Hot-And-Cold-Adjustment-Ionic-Air-Blow-Dryer-with.jpg
247678,https://linhcorner.com/shop/uncategorized/xiaomi-mijia-portable-hair-dryer-negative-ion-hair-blow-dryer-salon-class-care-hair-blower-with-foldable-handle-quick-drying/,"XIAOMI MIJIA Portable Hair Dryer Negative ion Hair blow dryer Salon Class Care Hair Blower with foldable handle Quick Drying",2020/09/XIAOMI-MIJIA-Portable-Hair-Dryer-Negative-ion-Hair-blow-dryer-Salon-Class-Care-Hair-Blower-with.jpg
247685,https://linhcorner.com/shop/uncategorized/portable-12v-car-styling-hair-dryer-hot-cold-folding-blower-window-defroster/,"Portable 12V Car-styling Hair Dryer Hot &amp; Cold Folding Blower Window Defroster",2020/09/Portable-12V-Car-styling-Hair-Dryer-Hot-Cold-Folding-Blower-Window-Defroster.jpg
247690,https://linhcorner.com/shop/uncategorized/xiaomi-mijia-water-ion-hair-dryer-home-1800w-nanoe-hair-care-anion-professinal-quick-dry-portable-travel-blow-hairdryer-diffuser/,"XIAOMI MIJIA Water ion Hair Dryer Home 1800W Nanoe hair care Anion Professinal Quick Dry Portable Travel Blow Hairdryer diffuser",2020/09/XIAOMI-MIJIA-Water-ion-Hair-Dryer-Home-1800W-Nanoe-hair-care-Anion-Professinal-Quick-Dry-Portable.jpg
247693,https://linhcorner.com/shop/uncategorized/2-in-1-hair-dryer-brush-automatic-rotating-roller-professional-hot-air-styler-comb-curling-iron-curler-comb-hair-blower-brush-33/,"2 in 1 Hair Dryer Brush Automatic Rotating Roller Professional Hot Air Styler Comb Curling Iron Curler Comb Hair Blower Brush 33",2020/09/2-in-1-Hair-Dryer-Brush-Automatic-Rotating-Roller-Professional-Hot-Air-Styler-Comb-Curling-Iron.jpg
247701,https://linhcorner.com/shop/uncategorized/braun-mini-hair-dryer-130-hair-styling-tools-professional-foldable-electric-hairdryer-fast-drying-foldable-blow-dryer/,"Braun Mini Hair Dryer 130 Hair Styling Tools Professional Foldable Electric Hairdryer Fast Drying Foldable Blow Dryer",2020/09/Braun-Mini-Hair-Dryer-130-Hair-Styling-Tools-Professional-Foldable-Electric-Hairdryer-Fast-Drying-Foldable-Blow.jpg
