235867,https://linhcorner.com/shop/uncategorized/fdx-30-32-34-36-38-40-inch-silky-straight-brazilian-hair-weave-bundles-100-remy-human-hair-bundles-1-3-4-pieces-natural-color/,"FDX 30 32 34 36 38 40 Inch Silky Straight Brazilian Hair Weave Bundles 100% Remy Human Hair Bundles 1/3/4 Pieces Natural Color",2020/09/FDX-30-32-34-36-38-40-Inch-Silky-Straight-Brazilian-Hair-Weave-Bundles-100-Remy.jpg
235870,https://linhcorner.com/shop/uncategorized/fdx-30-32-34-36-inch-water-wave-bundles-brazilian-hair-bundles-human-hair-extensions-1-3-4-bundles-remy-hair-weave-bundles/,"FDX 30 32 34 36 inch Water Wave Bundles Brazilian Hair Bundles Human Hair Extensions 1/3/4 Bundles Remy Hair Weave Bundles",2020/09/FDX-30-32-34-36-inch-Water-Wave-Bundles-Brazilian-Hair-Bundles-Human-Hair-Extensions-1.jpg
235871,https://linhcorner.com/shop/uncategorized/code-calla-kinky-curly-hair-bundles-with-44-lace-closure-indian-remy-human-hair-extensions-natural-dark-brown-color-curly-hair/,"Code Calla Kinky Curly Hair Bundles with 4*4 Lace Closure Indian Remy Human Hair Extensions Natural Dark Brown Color Curly Hair",2020/09/Code-Calla-Kinky-Curly-Hair-Bundles-with-4-4-Lace-Closure-Indian-Remy-Human-Hair-Extensions.jpg
235875,https://linhcorner.com/shop/uncategorized/straight-hair-bundles-brazilian-hair-weave-bundles-100-human-hair-bundles-gossip-remy-hair-weave-1-3-4-bundles-hair-extension/,"Straight Hair Bundles Brazilian Hair Weave Bundles 100% Human Hair Bundles Gossip Remy Hair Weave 1/3/4 Bundles Hair Extension",2020/09/Straight-Hair-Bundles-Brazilian-Hair-Weave-Bundles-100-Human-Hair-Bundles-Gossip-Remy-Hair-Weave-1.jpg
235876,https://linhcorner.com/shop/uncategorized/yuyongtai-indian-kinky-straight-hair-weave-3-bundles-with-closure-medium-ratio-non-remy-4x4-lace-closure-human-hair-extension/,"YuYongtai Indian Kinky Straight Hair Weave 3 Bundles With Closure Medium Ratio Non-Remy 4x4 Lace Closure Human Hair Extension",2020/09/YuYongtai-Indian-Kinky-Straight-Hair-Weave-3-Bundles-With-Closure-Medium-Ratio-Non-Remy-4x4-Lace.jpg
235937,https://linhcorner.com/shop/uncategorized/32-34-36-40-inchs-body-wave-bundles-wowqueen-30-inch-bundles-remy-human-hair-bundles-top-quality-braizlian-hair-weave-bundles/,"32 34 36 40 Inchs Body Wave Bundles WowQueen 30 Inch Bundles Remy Human Hair Bundles Top Quality Braizlian Hair Weave Bundles",2020/09/32-34-36-40-Inchs-Body-Wave-Bundles-WowQueen-30-Inch-Bundles-Remy-Human-Hair-Bundles.jpg
236151,https://linhcorner.com/shop/uncategorized/32-34-36-38-40-inch-sliky-straight-hair-bundles-alianna-human-hair-bundles-30-inch-straight-bundles-brazilian-hair-weave-bundles/,"32 34 36 38 40 Inch sliky Straight Hair Bundles ALIANNA Human Hair Bundles 30 Inch Straight Bundles Brazilian Hair Weave Bundles",2020/09/32-34-36-38-40-Inch-sliky-Straight-Hair-Bundles-ALIANNA-Human-Hair-Bundles-30-Inch.jpg
236203,https://linhcorner.com/shop/uncategorized/fashion-lady-pre-colored-brazilian-human-hair-bundles-with-closure-1b-bodywave-bundles-3-4-bundles-with-closure-non-remy/,"Fashion Lady Pre-colored Brazilian Human Hair Bundles With Closure 1b BodyWave Bundles 3/4 Bundles with Closure Non-remy",2020/09/Fashion-Lady-Pre-colored-Brazilian-Human-Hair-Bundles-With-Closure-1b-BodyWave-Bundles-3-4-Bundles.jpg
236206,https://linhcorner.com/shop/uncategorized/7x7-closure-and-bundles-water-wave-bundles-with-closure-wowqueen-remy-brazilian-hair-weaves-human-hair-bundles-with-closure/,"7x7 Closure And Bundles Water Wave Bundles With Closure WowQueen Remy Brazilian Hair Weaves Human Hair Bundles With Closure",2020/09/7x7-Closure-And-Bundles-Water-Wave-Bundles-With-Closure-WowQueen-Remy-Brazilian-Hair-Weaves-Human-Hair.jpg
236212,https://linhcorner.com/shop/uncategorized/rebecca-4-bundles-190g-pack-brazilian-straight-hair-weave-black-brown-red-human-hair-6-colors-1-1b-2-4-99j-burgundy/,"Rebecca 4 Bundles 190g/Pack Brazilian Straight Hair Weave Black Brown Red Human Hair 6 Colors #1 #1B #2 #4 #99J #Burgundy",2020/09/Rebecca-4-Bundles-190g-Pack-Brazilian-Straight-Hair-Weave-Black-Brown-Red-Human-Hair-6-Colors.jpg
236213,https://linhcorner.com/shop/uncategorized/fdx-30-32-34-36-inch-kinky-curly-hair-bundles-brazilian-hair-bundles-human-hair-extensions-1-3-4-bundles-remy-hair-weave-bundles/,"FDX 30 32 34 36 inch Kinky Curly Hair Bundles Brazilian Hair Bundles Human Hair Extensions 1/3/4 Bundles Remy Hair Weave Bundles",2020/09/FDX-30-32-34-36-inch-Kinky-Curly-Hair-Bundles-Brazilian-Hair-Bundles-Human-Hair-Extensions.jpg
236271,https://linhcorner.com/shop/uncategorized/klaiyi-hair-products-brazilian-hair-weave-bundles-straight-hair-bundles-8-26-inch-dark-black-color-100-human-remy-hair-weft/,"Klaiyi Hair Products Brazilian Hair Weave Bundles Straight Hair Bundles 8-26 Inch Dark Black Color 100% Human Remy Hair Weft",2020/09/Klaiyi-Hair-Products-Brazilian-Hair-Weave-Bundles-Straight-Hair-Bundles-8-26-Inch-Dark-Black-Color.jpg
236457,https://linhcorner.com/shop/uncategorized/6x6-lace-closure-and-human-hair-bundles-28-30-32-34-36-inch-brazilian-hair-weave-bundles-silky-straight-3-bundles-with-closure/,"6x6 Lace Closure And Human Hair Bundles 28 30 32 34 36 inch Brazilian Hair Weave Bundles Silky Straight 3 Bundles With Closure",2020/09/6x6-Lace-Closure-And-Human-Hair-Bundles-28-30-32-34-36-inch-Brazilian-Hair-Weave.jpg
236498,https://linhcorner.com/shop/uncategorized/monika-hair-closures-2-4-brown-closure-brazilian-body-wave-closure-hair-4x4-swiss-lace-closure-non-remy-closure-human-hair/,"Monika Hair Closures 2# 4# Brown Closure Brazilian Body Wave Closure Hair 4x4 Swiss Lace Closure Non-Remy Closure Human Hair",2020/09/Monika-Hair-Closures-2-4-Brown-Closure-Brazilian-Body-Wave-Closure-Hair-4x4-Swiss-Lace-Closure.jpg
236534,https://linhcorner.com/shop/uncategorized/mogul-hair-3-bundles-with-closure-200g-set-ombre-honey-blonde-black-straight-hair-weave-12-22-inch-brazilian-non-remy-human-hair/,"Mogul Hair 3 Bundles with Closure 200g/set Ombre Honey Blonde Black Straight Hair Weave 12-22 inch Brazilian Non-Remy Human Hair",2020/09/Mogul-Hair-3-Bundles-with-Closure-200g-set-Ombre-Honey-Blonde-Black-Straight-Hair-Weave-12.jpg
236596,https://linhcorner.com/shop/uncategorized/dejavu-loose-wave-bundles-4-bundles-deal-non-remy-hair-bundles-natural-color-human-hair-bundles-hair-extension-cabelo-humano/,"Dejavu Loose Wave Bundles 4 Bundles Deal Non-Remy Hair Bundles Natural Color Human Hair Bundles Hair Extension Cabelo Humano",2020/09/Dejavu-Loose-Wave-Bundles-4-Bundles-Deal-Non-Remy-Hair-Bundles-Natural-Color-Human-Hair-Bundles.jpg
236702,https://linhcorner.com/shop/uncategorized/curly-human-hair-bundles-100-human-hair-bundles-brazilian-hair-weave-bundles-6-pcs-lot-color-1b-2-4-30-33-99j-curly-hair/,"Curly Human Hair Bundles 100% Human Hair Bundles Brazilian Hair Weave Bundles 6 Pcs/Lot Color 1B/2/4/30/33/99J Curly Hair",2020/09/Curly-Human-Hair-Bundles-100-Human-Hair-Bundles-Brazilian-Hair-Weave-Bundles-6-Pcs-Lot-Color.jpg
236712,https://linhcorner.com/shop/uncategorized/sleek-peruvian-straight-hair-weave-bundles-8-to-30-inches-natural-color-hair-extension-remy-human-hair-bundles-free-shipping/,"Sleek Peruvian Straight Hair Weave Bundles 8 To 30 Inches Natural Color Hair Extension Remy Human Hair Bundles Free Shipping",2020/09/Sleek-Peruvian-Straight-Hair-Weave-Bundles-8-To-30-Inches-Natural-Color-Hair-Extension-Remy-Human.jpg
236854,https://linhcorner.com/shop/uncategorized/double-drawn-funmi-hair-bundles-with-closure-curly-8-inch-100-human-hair-weave-brazilian-remy-hair-extension-1b-27-30-burgundy/,"Double Drawn Funmi Hair Bundles With Closure Curly 8 Inch 100% Human Hair weave Brazilian Remy Hair Extension 1B 27 30 Burgundy",2020/09/Double-Drawn-Funmi-Hair-Bundles-With-Closure-Curly-8-Inch-100-Human-Hair-weave-Brazilian-Remy.jpg
236855,https://linhcorner.com/shop/uncategorized/sleek-brazilian-remy-hair-afro-kinky-curly-bulk-human-hair-for-braiding-1-bundle-50g-pc-natural-color-braids-hair-no-weft/,"Sleek Brazilian Remy Hair Afro kinky Curly Bulk Human Hair For Braiding 1 Bundle 50g/pc Natural Color Braids Hair No Weft",2020/09/Sleek-Brazilian-Remy-Hair-Afro-kinky-Curly-Bulk-Human-Hair-For-Braiding-1-Bundle-50g-pc.jpg
236945,https://linhcorner.com/shop/uncategorized/bobbi-collection-50g-pc-4-6-bundles-with-closure-natural-dark-brown-jerry-curly-short-bob-style-brazilian-non-remy-human-hair/,"Bobbi Collection 50g/pc 4/6 Bundles with Closure Natural Dark Brown Jerry Curly Short Bob Style Brazilian Non-Remy Human Hair",2020/09/Bobbi-Collection-50g-pc-4-6-Bundles-with-Closure-Natural-Dark-Brown-Jerry-Curly-Short-Bob.jpg
236953,https://linhcorner.com/shop/uncategorized/body-wave-bundles-with-closure-brazilian-hair-weave-bundles-4x4-swiss-lace-3-bundles-with-closure-human-hair-extension-by-hair/,"Body Wave Bundles With Closure Brazilian Hair Weave Bundles 4X4 Swiss Lace 3 Bundles With Closure Human Hair Extension BY Hair",2020/09/Body-Wave-Bundles-With-Closure-Brazilian-Hair-Weave-Bundles-4X4-Swiss-Lace-3-Bundles-With-Closure.jpg
237070,https://linhcorner.com/shop/uncategorized/short-curly-human-hair-weave-bundles-peruvian-8-inch-honey-blonde-bundles-with-closure-1b-30-burgundy-ombre-bundles-with-closure/,"Short Curly Human Hair Weave Bundles Peruvian 8 inch Honey Blonde Bundles With Closure 1B 30 Burgundy Ombre Bundles With Closure",2020/09/Short-Curly-Human-Hair-Weave-Bundles-Peruvian-8-inch-Honey-Blonde-Bundles-With-Closure-1B-30.jpg
237105,https://linhcorner.com/shop/uncategorized/straight-hair-bundles-with-closure-brazilian-2x6-closure-with-bundles-kim-k-closure-non-remy-human-hair-bundles-with-closure/,"Straight Hair Bundles With Closure Brazilian 2x6 Closure With Bundles Kim K Closure Non Remy Human Hair Bundles With Closure",2020/09/Straight-Hair-Bundles-With-Closure-Brazilian-2x6-Closure-With-Bundles-Kim-K-Closure-Non-Remy-Human.jpg
237216,https://linhcorner.com/shop/uncategorized/70g-pc-blonde-bundles-with-closure-1b-30-brazilian-straight-hair-bundles-with-closure-ombre-human-hair-3-bundle-with-closure/,"70g/pc Blonde Bundles With Closure 1B 30 Brazilian Straight Hair Bundles With Closure Ombre Human Hair 3 Bundle With Closure",2020/09/70g-pc-Blonde-Bundles-With-Closure-1B-30-Brazilian-Straight-Hair-Bundles-With-Closure-Ombre-Human.jpg
237274,https://linhcorner.com/shop/uncategorized/bobbi-collection-3-bundles-with-closure-200g-set-body-wave-hair-weave-black-brown-blonde-12-22inch-brazilian-non-remy-human-hair/,"Bobbi Collection 3 Bundles with Closure 200g/set Body Wave Hair Weave Black Brown Blonde 12-22inch Brazilian Non-Remy Human Hair",2020/09/Bobbi-Collection-3-Bundles-with-Closure-200g-set-Body-Wave-Hair-Weave-Black-Brown-Blonde-12.jpg
237296,https://linhcorner.com/shop/uncategorized/50g-pc-ombre-brazilian-curly-hair-bundles-with-closure-1b-99j-burgundy-short-ombre-human-hair-bundles-with-closure-4pcs/,"50g/pc Ombre Brazilian Curly Hair Bundles with Closure 1b/99j Burgundy Short Ombre Human Hair Bundles with Closure 4Pcs",2020/09/50g-pc-Ombre-Brazilian-Curly-Hair-Bundles-with-Closure-1b-99j-Burgundy-Short-Ombre-Human-Hair.jpg
237374,https://linhcorner.com/shop/uncategorized/mogul-hair-3-bundles-with-closure-200g-set-black-color-straight-hair-weave-12-22-inch-brazilian-non-remy-human-hair/,"Mogul Hair 3 Bundles with Closure 200g/set Black Color Straight Hair Weave 12-22 inch Brazilian Non-Remy Human Hair",2020/09/Mogul-Hair-3-Bundles-with-Closure-200g-set-Black-Color-Straight-Hair-Weave-12-22-inch.jpg
237422,https://linhcorner.com/shop/uncategorized/deep-wave-ombre-bundles-with-closure-1b-99j-burgundy-brazilian-ombre-human-hair-bundles-with-frontal-13x4-soku-non-remy-hair/,"Deep Wave Ombre Bundles With Closure 1B 99J/Burgundy Brazilian Ombre Human Hair Bundles With Frontal 13x4 SOKU Non-Remy Hair",2020/09/Deep-Wave-Ombre-Bundles-With-Closure-1B-99J-Burgundy-Brazilian-Ombre-Human-Hair-Bundles-With-Frontal.jpg
237433,https://linhcorner.com/shop/uncategorized/spark-brazilian-afro-kinky-curly-ombre-human-hair-3-4-bundles-with-closure-remy-human-hair-weave-bundles-extension-medium-ratio/,"Spark Brazilian Afro Kinky Curly Ombre Human Hair 3/4 Bundles With Closure Remy Human Hair Weave Bundles Extension Medium Ratio",2020/09/Spark-Brazilian-Afro-Kinky-Curly-Ombre-Human-Hair-3-4-Bundles-With-Closure-Remy-Human-Hair.jpg
237434,https://linhcorner.com/shop/uncategorized/spark-human-hair-ombre-loose-bouncy-curly-bundles-with-closure-brazilian-hair-weave-bundles-with-closure-human-hair-extensions/,"SPARK Human Hair Ombre Loose Bouncy Curly Bundles With Closure Brazilian Hair Weave Bundles With Closure Human Hair Extensions",2020/09/SPARK-Human-Hair-Ombre-Loose-Bouncy-Curly-Bundles-With-Closure-Brazilian-Hair-Weave-Bundles-With-Closure.jpg
237436,https://linhcorner.com/shop/uncategorized/nadula-hair-1pcs-3bundles-4-bundles-malaysian-straight-hair-weaves-100-human-hair-bundles-8-30inch-100g-remy-hair-free-shipping/,"Nadula Hair 1pcs/3Bundles/4 Bundles Malaysian Straight Hair Weaves 100% Human Hair Bundles 8-30inch 100g Remy Hair Free Shipping",2020/09/Nadula-Hair-1pcs-3Bundles-4-Bundles-Malaysian-Straight-Hair-Weaves-100-Human-Hair-Bundles-8-30inch.jpg
237522,https://linhcorner.com/shop/uncategorized/t1b-burgundy-human-hair-bundles-with-closure-4x4-soku-brazilian-straight-ombre-hair-weave-bundles-with-closure-non-remy-hair/,"T1B/Burgundy Human Hair Bundles With Closure 4x4 SOKU Brazilian Straight Ombre Hair Weave Bundles With Closure Non-Remy Hair",2020/09/T1B-Burgundy-Human-Hair-Bundles-With-Closure-4x4-SOKU-Brazilian-Straight-Ombre-Hair-Weave-Bundles-With.jpg
237633,https://linhcorner.com/shop/uncategorized/angelbella-brazilian-loose-wave-lace-closure-with-baby-hair-130density-natural-black-color-18-20-22-human-remy-hair-lace-closure/,"Angelbella Brazilian Loose Wave Lace Closure With Baby Hair 130Density Natural Black Color 18 20 22 Human Remy Hair Lace Closure",2020/09/Angelbella-Brazilian-Loose-Wave-Lace-Closure-With-Baby-Hair-130Density-Natural-Black-Color-18-20-22.jpg
237726,https://linhcorner.com/shop/uncategorized/deep-wave-hair-bundles-with-closure-brazilian-deep-curly-human-hair-bundles-with-closure-non-remy-weave-3-bundles-with-closure/,"Deep Wave Hair Bundles With Closure Brazilian Deep Curly Human Hair Bundles With Closure Non-Remy Weave 3 Bundles With Closure",2020/09/Deep-Wave-Hair-Bundles-With-Closure-Brazilian-Deep-Curly-Human-Hair-Bundles-With-Closure-Non-Remy.jpg
237732,https://linhcorner.com/shop/uncategorized/fashion-lady-pre-colored-2-3-4-human-hair-bundles-with-cloure-red-brazilian-hair-weave-bundles-with-free-part-closure-non-remy/,"Fashion Lady Pre-Colored 2/3/4 Human Hair Bundles With Cloure Red Brazilian Hair Weave Bundles With Free Part Closure Non-Remy",2020/09/Fashion-Lady-Pre-Colored-2-3-4-Human-Hair-Bundles-With-Cloure-Red-Brazilian-Hair-Weave.jpg
237996,https://linhcorner.com/shop/uncategorized/sleek-yaki-straight-remy-burg-99j-human-hair-4-bundles-deal-190-gram-1-packet-100-natural-hair-extension-malaysian-hair-weave/,"Sleek Yaki Straight Remy Burg# 99J# Human Hair 4 Bundles Deal 190 Gram 1 Packet 100% Natural Hair Extension Malaysian Hair Weave",2020/09/Sleek-Yaki-Straight-Remy-Burg-99J-Human-Hair-4-Bundles-Deal-190-Gram-1-Packet-100.jpg
238180,https://linhcorner.com/shop/uncategorized/mogul-hair-dark-brown-color-4-indian-straight-hair-bundles-with-2x6-kim-k-lace-closure-non-remy-human-hair-natural-color/,"Mogul Hair Dark Brown Color 4 Indian Straight Hair Bundles With 2x6 Kim K Lace Closure Non-Remy Human Hair Natural Color",2020/09/Mogul-Hair-Dark-Brown-Color-4-Indian-Straight-Hair-Bundles-With-2x6-Kim-K-Lace-Closure.jpg
238189,https://linhcorner.com/shop/uncategorized/code-calla-bouncy-curly-hair-44-lace-closure-malaysian-remy-human-hair-loose-funmi-curly-middle-part-closures-natural-color/,"Code Calla Bouncy Curly Hair 4*4 Lace Closure Malaysian Remy Human Hair Loose Funmi Curly Middle Part Closures Natural Color",2020/09/Code-Calla-Bouncy-Curly-Hair-4-4-Lace-Closure-Malaysian-Remy-Human-Hair-Loose-Funmi-Curly.jpg
238197,https://linhcorner.com/shop/uncategorized/1b-99j-burgundy-ombre-human-hair-bundles-with-closure-soku-4pcs-brazilian-straight-hair-weave-bundles-with-closure-non-remy/,"1B 99J/Burgundy Ombre Human Hair Bundles With Closure SOKU 4PCS Brazilian Straight Hair Weave Bundles With Closure Non-Remy",2020/09/1B-99J-Burgundy-Ombre-Human-Hair-Bundles-With-Closure-SOKU-4PCS-Brazilian-Straight-Hair-Weave-Bundles.jpg
238264,https://linhcorner.com/shop/uncategorized/fashion-lady-pre-colored-brazilian-hair-closure-straight-hair-lace-closure-4x4-inches-2-brown-human-hair-lace-closures-non-remy/,"Fashion Lady Pre-Colored Brazilian Hair Closure Straight Hair Lace Closure 4x4 inches #2 Brown Human Hair Lace Closures Non-Remy",2020/09/Fashion-Lady-Pre-Colored-Brazilian-Hair-Closure-Straight-Hair-Lace-Closure-4x4-inches-2-Brown-Human.jpg
238282,https://linhcorner.com/shop/uncategorized/99j-red-blonde-brown-brazilian-straight-human-hair-bundles-3-pcs-lot-remy-human-hair-extensions-weave-bundle-weaving-euphoria/,"99J Red Blonde Brown Brazilian Straight Human Hair Bundles 3 Pcs/Lot Remy Human Hair Extensions Weave Bundle Weaving Euphoria",2020/09/99J-Red-Blonde-Brown-Brazilian-Straight-Human-Hair-Bundles-3-Pcs-Lot-Remy-Human-Hair-Extensions.jpg
238330,https://linhcorner.com/shop/uncategorized/sleek-mink-blonde-red-color-peruvian-straight-bundles-with-frontal-remy-human-hair-weave-bunldes-hair-extension-free-shipping/,"Sleek Mink Blonde Red Color Peruvian Straight Bundles With Frontal Remy Human Hair Weave Bunldes Hair Extension Free Shipping",2020/09/Sleek-Mink-Blonde-Red-Color-Peruvian-Straight-Bundles-With-Frontal-Remy-Human-Hair-Weave-Bunldes-Hair.jpg
238335,https://linhcorner.com/shop/uncategorized/fashion-lady-pre-colored-brazilian-hair-bundles-3-4pcs-with-lace-closure-bodywave-bundles-99j-bundles-with-closure-non-remy/,"Fashion Lady Pre-Colored Brazilian Hair Bundles 3/4pcs With Lace Closure Bodywave Bundles 99j Bundles With Closure Non-Remy",2020/09/Fashion-Lady-Pre-Colored-Brazilian-Hair-Bundles-3-4pcs-With-Lace-Closure-Bodywave-Bundles-99j-Bundles.jpg
238558,https://linhcorner.com/shop/uncategorized/bobbi-collection-bundles-with-closure-1b-27-ombre-honey-blonde-deep-wave-pre-colored-brazilian-non-remy-human-hair-extension/,"Bobbi Collection Bundles with Closure 1B 27 Ombre Honey Blonde Deep Wave Pre-Colored Brazilian Non-Remy Human Hair Extension",2020/09/Bobbi-Collection-Bundles-with-Closure-1B-27-Ombre-Honey-Blonde-Deep-Wave-Pre-Colored-Brazilian-Non.jpg
238858,https://linhcorner.com/shop/uncategorized/12-colorsugeat-weft-hair-micro-bead-hair-extensions-12-inch-width-12-24-machine-remy-human-hair-easy-micro-bead-hair-50g-set/,"[12 colors]Ugeat Weft Hair Micro Bead Hair Extensions 12 inch Width 12-24"" Machine Remy Human Hair Easy Micro Bead Hair 50G/Set",2020/09/12-colors-Ugeat-Weft-Hair-Micro-Bead-Hair-Extensions-12-inch-Width-12-24-Machine.jpg
238883,https://linhcorner.com/shop/uncategorized/bobbi-collection-6x6-closure-with-bundles-50g-pc-indian-body-wave-4x4-5x5-lace-closure-non-remy-human-hair-short-bob-style/,"BOBBI COLLECTION 6x6 closure with bundles 50g/pc Indian Body Wave 4x4 5x5 Lace Closure Non-Remy Human Hair Short Bob Style",2020/09/BOBBI-COLLECTION-6x6-closure-with-bundles-50g-pc-Indian-Body-Wave-4x4-5x5-Lace-Closure-Non.jpg
238893,https://linhcorner.com/shop/uncategorized/monika-hair-indian-straight-closure-100-human-hair-closure-lace-4x4-middle-free-three-part-8-22inch-swiss-lace-closure-non-remy/,"Monika Hair Indian Straight Closure 100% Human Hair Closure Lace 4x4 Middle/Free/Three Part 8-22Inch Swiss Lace Closure Non-Remy",2020/09/Monika-Hair-Indian-Straight-Closure-100-Human-Hair-Closure-Lace-4x4-Middle-Free-Three-Part-8.jpg
238927,https://linhcorner.com/shop/uncategorized/code-calla-bouncy-curly-hair-weave-bundles-double-draw-brazilian-remy-human-hair-extensions-natural-dark-brown-color-short-curly/,"Code Calla Bouncy Curly Hair Weave Bundles Double Draw Brazilian Remy Human Hair Extensions Natural Dark Brown Color Short Curly",2020/09/Code-Calla-Bouncy-Curly-Hair-Weave-Bundles-Double-Draw-Brazilian-Remy-Human-Hair-Extensions-Natural-Dark.jpg
238940,https://linhcorner.com/shop/uncategorized/amanda-egg-curl-funmi-hair-double-drawn-human-hair-bundles-with-closure-unprocessed-virgin-brazilian-hair-bundles-with-closure/,"Amanda Egg Curl Funmi Hair Double Drawn Human Hair Bundles with Closure Unprocessed Virgin Brazilian Hair Bundles with Closure",2020/09/Amanda-Egg-Curl-Funmi-Hair-Double-Drawn-Human-Hair-Bundles-with-Closure-Unprocessed-Virgin-Brazilian-Hair.jpg
239021,https://linhcorner.com/shop/uncategorized/panse-kinky-straight-brazilian-hair-weave-with-closure-human-hair-3-bundles-with-closure-non-remy-coarse-yaki-free-shipping/,"Panse Kinky Straight Brazilian Hair Weave With Closure Human Hair 3 Bundles With Closure Non-Remy Coarse Yaki Free Shipping",2020/09/Panse-Kinky-Straight-Brazilian-Hair-Weave-With-Closure-Human-Hair-3-Bundles-With-Closure-Non-Remy.jpg
239097,https://linhcorner.com/shop/uncategorized/mogul-hair-50g-pc-4-bundle-with-closure-t-1b-27-brazilian-body-wave-ombre-honey-blonde-bundles-with-closure-non-remy-human-hair/,"MOGUL HAIR 50g/pc 4 Bundle with Closure T 1B 27 Brazilian Body Wave Ombre Honey Blonde Bundles With Closure Non Remy Human Hair",2020/09/MOGUL-HAIR-50g-pc-4-Bundle-with-Closure-T-1B-27-Brazilian-Body-Wave-Ombre-Honey.jpg
239101,https://linhcorner.com/shop/uncategorized/99j-burgundy-body-wave-bundles-with-frontal-13x4-soku-brazilian-human-hair-weave-bundles-with-closure-soku-non-remy-hair/,"99J/Burgundy Body Wave Bundles With Frontal 13x4 SOKU Brazilian Human Hair Weave Bundles With Closure SOKU Non-Remy Hair",2020/09/99J-Burgundy-Body-Wave-Bundles-With-Frontal-13x4-SOKU-Brazilian-Human-Hair-Weave-Bundles-With-Closure.jpg
239110,https://linhcorner.com/shop/uncategorized/monika-4x4-closures-brazilian-straight-closure-100-human-hair-closure-free-middle-3-part-top-lace-closure-22-inch-non-remy-hair/,"Monika 4x4 Closures Brazilian Straight Closure 100% Human Hair Closure Free/Middle/3 Part Top Lace Closure 22 inch Non-Remy Hair",2020/09/Monika-4x4-Closures-Brazilian-Straight-Closure-100-Human-Hair-Closure-Free-Middle-3-Part-Top-Lace.jpg
239273,https://linhcorner.com/shop/uncategorized/spark-peruvian-afro-kinky-curly-ombre-human-hair-bundles-with-frontal-remy-hair-bundles-with-44134-lace-closure-for-woman/,"Spark Peruvian Afro Kinky Curly Ombre Human Hair Bundles With Frontal Remy Hair Bundles With 4*4&amp;13*4 Lace Closure For Woman",2020/09/Spark-Peruvian-Afro-Kinky-Curly-Ombre-Human-Hair-Bundles-With-Frontal-Remy-Hair-Bundles-With-4.jpg
239293,https://linhcorner.com/shop/uncategorized/spark-3-4-bundles-with-closure-peruvian-ombre-straight-human-hair-bundles-with-closure-free-middle-part-remy-hair-medium-ratio/,"Spark 3/4 Bundles with Closure Peruvian Ombre Straight Human Hair Bundles With Closure Free/Middle Part Remy Hair Medium Ratio",2020/09/Spark-3-4-Bundles-with-Closure-Peruvian-Ombre-Straight-Human-Hair-Bundles-With-Closure-Free-Middle.jpg
239359,https://linhcorner.com/shop/uncategorized/brazilian-natural-wave-4-pcs-per-lot-natural-black-color-8-30-inches-can-be-dyed-non-remy-hair-extensions-trendy-beauty-hair/,"Brazilian Natural Wave 4 Pcs Per Lot Natural Black Color 8- 30 Inches Can Be Dyed Non-Remy Hair Extensions Trendy Beauty Hair",2020/09/Brazilian-Natural-Wave-4-Pcs-Per-Lot-Natural-Black-Color-8-30-Inches-Can-Be-Dyed.jpg
239432,https://linhcorner.com/shop/uncategorized/28-30-32-34-40-inch-straight-brazilian-hair-weaves-bundles-3-4-bundles-human-hair-bundles-single-bundles-remy-hair-extensions/,"28 30 32 34 40 Inch Straight Brazilian Hair Weaves Bundles 3 4 Bundles Human Hair Bundles Single Bundles Remy Hair Extensions",2020/09/28-30-32-34-40-Inch-Straight-Brazilian-Hair-Weaves-Bundles-3-4-Bundles-Human-Hair.jpg
239570,https://linhcorner.com/shop/uncategorized/monika-hair-closure-ombre-colored-t1b-42730-lace-closure-4x4-brazilian-straight-hair-closure-human-hair-non-remy-closures/,"Monika Hair Closure Ombre Colored T1B #4#27#30 Lace Closure 4X4 Brazilian Straight Hair Closure Human Hair Non-Remy Closures",2020/09/Monika-Hair-Closure-Ombre-Colored-T1B-4-27-30-Lace-Closure-4X4-Brazilian-Straight-Hair-Closure.jpg
239628,https://linhcorner.com/shop/uncategorized/ueed-hair-peruvian-loose-deep-wave-closure-free-middle-part-human-hair-lace-closure-10-20-remy-hair-120-density-swiss-lace/,"Ueed Hair Peruvian Loose Deep Wave Closure Free/Middle Part Human Hair Lace Closure 10""-20"" Remy Hair 120% Density Swiss Lace",2020/09/Ueed-Hair-Peruvian-Loose-Deep-Wave-Closure-Free-Middle-Part-Human-Hair-Lace-Closure-10-20.jpg
239939,https://linhcorner.com/shop/uncategorized/human-hair-weaves-straight-machine-remy-hair-bundle-platinum-blonde-real-natural-hair-black-sew-in-weft-100g-12-16-20-24/,"Human Hair Weaves Straight Machine Remy Hair Bundle Platinum Blonde Real Natural Hair Black Sew In Weft 100g 12"" 16"" 20"" 24""",2020/09/Human-Hair-Weaves-Straight-Machine-Remy-Hair-Bundle-Platinum-Blonde-Real-Natural-Hair-Black-Sew-In.jpg
239940,https://linhcorner.com/shop/uncategorized/6-pcs-lot-curly-hair-bundles-8-inch-ombre-brazilian-hair-weave-bundles-color-1b-2-4-30-33-99j-human-hair-extension-remy/,"6 Pcs/Lot Curly Hair Bundles 8 Inch Ombre Brazilian Hair Weave Bundles Color 1B/2/4/30/33/99J Human Hair Extension Remy",2020/09/6-Pcs-Lot-Curly-Hair-Bundles-8-Inch-Ombre-Brazilian-Hair-Weave-Bundles-Color-1B-2.jpg
239944,https://linhcorner.com/shop/uncategorized/6-pcs-lot-curly-human-hair-bundles-brazilian-hair-weave-bundles-8-inch-1b-2-4-30-99j-ombre-hair-bundles-short-hair-extensions/,"6 Pcs/Lot Curly Human Hair Bundles Brazilian Hair Weave Bundles 8 Inch 1B #2 #4 30 99J Ombre Hair Bundles Short Hair Extensions",2020/09/6-Pcs-Lot-Curly-Human-Hair-Bundles-Brazilian-Hair-Weave-Bundles-8-Inch-1B-2-4.jpg
239946,https://linhcorner.com/shop/uncategorized/brazilian-body-wave-bundles-with-closure-t1b-27-30-ombre-blonde-brown-human-hair-weave-bundles-with-closure-non-remy-hair-soku/,"Brazilian Body Wave Bundles With Closure T1B/27 30 Ombre Blonde Brown Human Hair Weave Bundles With Closure Non-Remy Hair SOKU",2020/09/Brazilian-Body-Wave-Bundles-With-Closure-T1B-27-30-Ombre-Blonde-Brown-Human-Hair-Weave-Bundles.jpg
239949,https://linhcorner.com/shop/uncategorized/monika-hair-brazilian-closure-deep-wave-human-hair-closure-swiss-lace-4x4-closure-hair-non-remy-free-middle-three-part-closures/,"Monika Hair Brazilian Closure Deep Wave Human Hair Closure Swiss Lace 4x4 Closure Hair Non-Remy Free/Middle/Three Part Closures",2020/09/Monika-Hair-Brazilian-Closure-Deep-Wave-Human-Hair-Closure-Swiss-Lace-4x4-Closure-Hair-Non-Remy.jpg
239950,https://linhcorner.com/shop/uncategorized/bobbi-collection-4-6-bundle-with-closure-50g-pc-brazilian-ombre-honey-blonde-hair-with-lace-closure-straight-remy-human-hair/,"Bobbi Collection 4/6 Bundle with Closure 50g/pc Brazilian Ombre Honey Blonde Hair with Lace Closure Straight Remy Human Hair",2020/09/Bobbi-Collection-4-6-Bundle-with-Closure-50g-pc-Brazilian-Ombre-Honey-Blonde-Hair-with-Lace.jpg
240039,https://linhcorner.com/shop/uncategorized/htonicca-curly-hair-bundles-100-human-hair-extensions-brazilian-hair-weave-bundles-8-pcs-lot-ombre-bundles-for-short-hair-style/,"Htonicca Curly Hair Bundles 100% Human Hair Extensions Brazilian Hair Weave Bundles 8 Pcs/Lot Ombre Bundles For Short Hair Style",2020/09/Htonicca-Curly-Hair-Bundles-100-Human-Hair-Extensions-Brazilian-Hair-Weave-Bundles-8-Pcs-Lot-Ombre.jpg
240050,https://linhcorner.com/shop/uncategorized/fashion-lady-brazilian-straight-hair-weave-100-human-hair-2-3-bundles-with-2x6-inch-lace-closure-middle-part-1b-non-remy/,"FASHION LADY Brazilian Straight Hair Weave 100% Human Hair 2/3 Bundles With 2x6 inch Lace Closure Middle Part 1b# Non-Remy",2020/09/FASHION-LADY-Brazilian-Straight-Hair-Weave-100-Human-Hair-2-3-Bundles-With-2x6-inch-Lace.jpg
240052,https://linhcorner.com/shop/uncategorized/curly-human-hair-bundles-brazilian-hair-weave-bundles-short-hair-human-hair-bundles-for-woman/,"Curly Human Hair Bundles Brazilian Hair Weave Bundles Short Hair Human Hair Bundles For Woman",2020/09/Curly-Human-Hair-Bundles-Brazilian-Hair-Weave-Bundles-Short-Hair-Human-Hair-Bundles-For-Woman.jpg
240160,https://linhcorner.com/shop/uncategorized/ombre-brown-bundles-with-frontal-13x4-soku-brazilian-body-wave-hair-bundles-with-closure-non-remy-human-hair-weave-bundles/,"Ombre Brown Bundles With Frontal 13x4 SOKU Brazilian Body Wave Hair Bundles With Closure Non-Remy Human Hair Weave Bundles",2020/09/Ombre-Brown-Bundles-With-Frontal-13x4-SOKU-Brazilian-Body-Wave-Hair-Bundles-With-Closure-Non-Remy.jpg
240170,https://linhcorner.com/shop/uncategorized/28-30-40-inch-deep-wave-brazilian-hair-weave-bundles-with-closure-3-4-bundles-curly-human-hair-and-closure-remy-hair-water-wave/,"28 30 40 Inch Deep Wave Brazilian Hair Weave Bundles With Closure 3 4 Bundles Curly Human Hair And Closure Remy Hair Water Wave",2020/09/28-30-40-Inch-Deep-Wave-Brazilian-Hair-Weave-Bundles-With-Closure-3-4-Bundles-Curly.jpg
240214,https://linhcorner.com/shop/uncategorized/natural-color-brazilian-straight-human-hair-3-bundles-with-closure-hair-weaving-bundles-with-lace-closure-4x4-non-remy-euphoria/,"Natural Color Brazilian Straight Human Hair 3 Bundles With Closure Hair Weaving Bundles With Lace Closure 4x4 Non-Remy Euphoria",2020/09/Natural-Color-Brazilian-Straight-Human-Hair-3-Bundles-With-Closure-Hair-Weaving-Bundles-With-Lace-Closure.jpg
240363,https://linhcorner.com/shop/uncategorized/doreen-hair-mongolian-afro-kinky-curly-weave-remy-hair-clip-in-human-hair-extensions-natural-color-full-head-7pcs-set-120g/,"Doreen Hair Mongolian Afro Kinky Curly Weave Remy Hair Clip In Human Hair Extensions Natural Color Full Head 7Pcs/Set 120G",2020/09/Doreen-Hair-Mongolian-Afro-Kinky-Curly-Weave-Remy-Hair-Clip-In-Human-Hair-Extensions-Natural-Color.jpg
240474,https://linhcorner.com/shop/uncategorized/wowqueen-peruvian-water-wave-closure-5x5-lace-closure-6x6-closure-lace-closure-remy-100-human-hair-closure-7x7-lace-closure/,"WOWQUEEN Peruvian Water Wave Closure 5×5 Lace Closure 6x6 Closure Lace Closure Remy 100% Human Hair Closure 7×7 Lace Closure",2020/09/WOWQUEEN-Peruvian-Water-Wave-Closure-5-5-Lace-Closure-6x6-Closure-Lace-Closure-Remy-100-Human.jpg
240631,https://linhcorner.com/shop/uncategorized/fashion-lady-human-hair-brazilian-straight-weave-middle-part-closure-2x6-4x4-5x5-6x6-lace-closure-bleached-knots-non-remy/,"Fashion Lady Human Hair Brazilian Straight Weave Middle Part Closure 2x6 4x4 5x5 6x6 Lace Closure Bleached Knots Non-remy",2020/09/Fashion-Lady-Human-Hair-Brazilian-Straight-Weave-Middle-Part-Closure-2x6-4x4-5x5-6x6-Lace-Closure.jpg
240639,https://linhcorner.com/shop/uncategorized/1b-27-ombre-honey-blonde-bundles-with-closure-body-wave-brazilian-hair-weave-bundles-with-closure-rxy-t-1b-4-27-hair-non-remy/,"1B 27 Ombre Honey Blonde Bundles With Closure Body Wave Brazilian Hair Weave Bundles With Closure RXY T 1B 4 27 Hair Non Remy",2020/09/1B-27-Ombre-Honey-Blonde-Bundles-With-Closure-Body-Wave-Brazilian-Hair-Weave-Bundles-With-Closure.jpg
240672,https://linhcorner.com/shop/uncategorized/fashion-lady-ombre-blonde-brazilian-hair-3-bundles-with-closure-pre-colored-1b-27-straight-weave-human-hair-bundles-non-remy/,"Fashion Lady Ombre Blonde Brazilian Hair 3 Bundles With Closure Pre-Colored 1B/27 Straight Weave Human Hair Bundles Non-Remy",2020/09/Fashion-Lady-Ombre-Blonde-Brazilian-Hair-3-Bundles-With-Closure-Pre-Colored-1B-27-Straight-Weave.jpg
240866,https://linhcorner.com/shop/uncategorized/bundles-with-closure-peruvian-straight-hair-bundles-with-closure-remy-human-hair-bundles-with-closure-alipop-bundles-and-closure/,"Bundles With Closure Peruvian Straight Hair Bundles With Closure Remy Human Hair Bundles With Closure Alipop Bundles And Closure",2020/09/Bundles-With-Closure-Peruvian-Straight-Hair-Bundles-With-Closure-Remy-Human-Hair-Bundles-With-Closure-Alipop.jpg
240930,https://linhcorner.com/shop/uncategorized/short-kinky-curly-hair-weave-bundles-codecalla-cheap-wholesale-price-indian-remy-human-hair-extensions-natural-black-brown-color/,"Short Kinky Curly Hair Weave Bundles CodeCalla Cheap Wholesale Price Indian Remy Human Hair Extensions Natural Black Brown Color",2020/09/Short-Kinky-Curly-Hair-Weave-Bundles-CodeCalla-Cheap-Wholesale-Price-Indian-Remy-Human-Hair-Extensions-Natural.jpg
240958,https://linhcorner.com/shop/uncategorized/spark-brazilian-loose-deep-wave-hair-bundles-deal-t1b-4-30-ombre-hair-weave-100-remy-human-hair-extension-can-buy-3-4-bundles/,"Spark Brazilian Loose Deep Wave Hair Bundles Deal T1B/4/30 Ombre Hair Weave 100% Remy Human Hair Extension Can Buy 3/4 Bundles",2020/09/Spark-Brazilian-Loose-Deep-Wave-Hair-Bundles-Deal-T1B-4-30-Ombre-Hair-Weave-100-Remy.jpg
240961,https://linhcorner.com/shop/uncategorized/euphoria-straight-hair-bundles-peruvian-human-hair-weave-bundles-natural-color-100-remy-salon-bundle-hair-weaving-3-4-pieces/,"Euphoria Straight Hair Bundles Peruvian Human Hair Weave Bundles Natural Color 100% Remy Salon Bundle Hair Weaving 3/4 Pieces",2020/09/Euphoria-Straight-Hair-Bundles-Peruvian-Human-Hair-Weave-Bundles-Natural-Color-100-Remy-Salon-Bundle-Hair.jpg
241038,https://linhcorner.com/shop/uncategorized/remy-forte-curly-bundles-with-closure-10-30-inch-remy-brazilian-hair-weave-bundles-3-4-kinky-curly-bundles-with-closure-fast-usa/,"Remy Forte Curly Bundles With Closure 10-30 Inch Remy Brazilian Hair Weave Bundles 3/4 Kinky Curly Bundles With Closure Fast USA",2020/09/Remy-Forte-Curly-Bundles-With-Closure-10-30-Inch-Remy-Brazilian-Hair-Weave-Bundles-3-4.jpg
241045,https://linhcorner.com/shop/uncategorized/spark-brazilian-human-hair-weave-bundles-loose-bouncy-curly-hair-extensions-1-3-4-pcs-28-30-32-inches-for-black-women-remy/,"Spark Brazilian Human Hair Weave Bundles Loose Bouncy Curly Hair Extensions 1/3/4 PCS 28 30 32 Inches For Black Women Remy",2020/09/Spark-Brazilian-Human-Hair-Weave-Bundles-Loose-Bouncy-Curly-Hair-Extensions-1-3-4-PCS-28.jpg
241052,https://linhcorner.com/shop/uncategorized/amanda-brazilian-straight-hair-kim-k-lace-closure-middle-part-26-inch-with-baby-hair-remy-human-hair-swiss-lace-closure-1-piece/,"Amanda Brazilian Straight Hair Kim K Lace Closure Middle Part 2*6 inch with Baby Hair Remy Human Hair Swiss lace Closure 1 Piece",2020/09/Amanda-Brazilian-Straight-Hair-Kim-K-Lace-Closure-Middle-Part-2-6-inch-with-Baby-Hair.jpg
241115,https://linhcorner.com/shop/uncategorized/t1b-27-honey-blonde-human-hair-bundles-1-3-4pc-brazilian-straight-ombre-hair-weave-bundles-8-26inch-non-remy-hair-extension-soku/,"T1B/27 Honey Blonde Human Hair Bundles 1/3/4PC Brazilian Straight Ombre Hair Weave Bundles 8-26Inch Non-Remy Hair Extension SOKU",2020/09/T1B-27-Honey-Blonde-Human-Hair-Bundles-1-3-4PC-Brazilian-Straight-Ombre-Hair-Weave-Bundles.jpg
241185,https://linhcorner.com/shop/uncategorized/klaiyi-hair-malaysian-straight-hair-bundles-with-closure-100-human-hair-extension-3-bundles-with-closure-remy-hair-freeshipping/,"KLAIYI HAIR Malaysian Straight Hair Bundles With Closure 100% Human Hair Extension 3 Bundles With Closure Remy Hair FreeShipping",2020/09/KLAIYI-HAIR-Malaysian-Straight-Hair-Bundles-With-Closure-100-Human-Hair-Extension-3-Bundles-With-Closure.jpg
241296,https://linhcorner.com/shop/uncategorized/ombre-brown-red-27-brazilian-body-wave-human-hair-3-bundles-non-remy-human-hair-1-3-4-pcs-bundles-weaving-extensions-euphoria/,"Ombre Brown Red 27 Brazilian Body Wave Human Hair 3 Bundles Non-Remy Human Hair 1/3/4 Pcs Bundles Weaving Extensions EUPHORIA",2020/09/Ombre-Brown-Red-27-Brazilian-Body-Wave-Human-Hair-3-Bundles-Non-Remy-Human-Hair-1.jpg
241467,https://linhcorner.com/shop/uncategorized/ombre-human-hair-bundles-with-closure-brazilian-loose-wave-bundles-with-lace-closure-pre-plucked-code-calla-remy-hair-weaving/,"Ombre Human Hair Bundles with Closure Brazilian Loose Wave Bundles with Lace Closure Pre Plucked Code Calla Remy Hair Weaving",2020/09/Ombre-Human-Hair-Bundles-with-Closure-Brazilian-Loose-Wave-Bundles-with-Lace-Closure-Pre-Plucked-Code.jpg
241532,https://linhcorner.com/shop/uncategorized/berrys-fashionbrazilian-10a-grade-virgin-hair-straight-100-unprocessed-human-hair-bundles-raw-weave-1-3-4-pcs-hair-extensions/,"[Berrys Fashion]Brazilian 10A Grade Virgin Hair Straight 100% Unprocessed Human Hair Bundles Raw Weave 1/3/4 PCS Hair Extensions",2020/09/Berrys-Fashion-Brazilian-10A-Grade-Virgin-Hair-Straight-100-Unprocessed-Human-Hair-Bundles-Raw-Weave.jpg
241711,https://linhcorner.com/shop/uncategorized/bobbi-collection-straight-26-lace-closure-natural-color-dark-brown-indian-remy-human-hair-closure-free-part-middle-part/,"Bobbi Collection Straight 2*6 Lace Closure Natural Color Dark Brown Indian Remy Human Hair Closure Free Part Middle Part",2020/09/Bobbi-Collection-Straight-2-6-Lace-Closure-Natural-Color-Dark-Brown-Indian-Remy-Human-Hair-Closure.jpg
241718,https://linhcorner.com/shop/uncategorized/platinum-blonde-613-bundles-brazilian-body-wave-100-remy-human-hair-bundles-8-26inch-ombre-blonde-bundle-hair-weaving-euphoria/,"Platinum Blonde 613 Bundles Brazilian Body Wave 100% Remy Human Hair Bundles 8-26inch Ombre Blonde Bundle Hair Weaving Euphoria",2020/09/Platinum-Blonde-613-Bundles-Brazilian-Body-Wave-100-Remy-Human-Hair-Bundles-8-26inch-Ombre-Blonde.jpg
241828,https://linhcorner.com/shop/uncategorized/brazilian-hair-kinky-straight-hair-brazilian-hair-weave-bundles-1-3-4-pieces-wonder-beauty-remy-human-hair-extension-8-30/,"Brazilian Hair Kinky Straight Hair Brazilian Hair Weave Bundles 1/3/4 Pieces Wonder Beauty Remy Human Hair Extension  8”-30”",2020/09/Brazilian-Hair-Kinky-Straight-Hair-Brazilian-Hair-Weave-Bundles-1-3-4-Pieces-Wonder-Beauty-Remy.jpg
242019,https://linhcorner.com/shop/uncategorized/yuyongtai-brazilian-hair-weave-bundles-with-closure-kinky-straight-human-hair-3-bundles-with-lace-closure-non-remy-medium-ratio/,"YuYongTai Brazilian Hair Weave Bundles With Closure Kinky Straight Human Hair 3 Bundles With Lace Closure Non-Remy Medium Ratio",2020/09/YuYongTai-Brazilian-Hair-Weave-Bundles-With-Closure-Kinky-Straight-Human-Hair-3-Bundles-With-Lace-Closure.jpg
242034,https://linhcorner.com/shop/uncategorized/amanda-double-drawn-human-hair-bundles-with-kim-k-closure-2x6-unprocessed-virgin-peruvian-straight-hair-bundle-with-closure/,"Amanda Double Drawn Human Hair Bundles with Kim K Closure 2x6"" Unprocessed Virgin Peruvian Straight Hair Bundle with Closure",2020/09/Amanda-Double-Drawn-Human-Hair-Bundles-with-Kim-K-Closure-2x6-Unprocessed-Virgin-Peruvian-Straight-Hair.jpg
242155,https://linhcorner.com/shop/uncategorized/short-kinky-curly-weave-human-hair-bundles-with-44-lace-closure-or-134-frontal-codecalla-brazilian-hair-6-bundles-with-closure/,"Short Kinky Curly Weave Human Hair Bundles with 4*4 Lace Closure or 13*4 Frontal CodeCalla Brazilian Hair 6 Bundles with Closure",2020/09/Short-Kinky-Curly-Weave-Human-Hair-Bundles-with-4-4-Lace-Closure-or-13-4-Frontal.jpg
242205,https://linhcorner.com/shop/uncategorized/code-calla-indian-bouncy-curly-human-hair-weave-bundles-with-closure-non-remy-curly-hair-3-bundles-with-2x6-kim-k-lace-closure/,"Code Calla Indian Bouncy Curly Human Hair Weave Bundles with Closure non remy Curly Hair 3 Bundles with 2X6 KIM K Lace Closure",2020/09/Code-Calla-Indian-Bouncy-Curly-Human-Hair-Weave-Bundles-with-Closure-non-remy-Curly-Hair-3.jpg
242208,https://linhcorner.com/shop/uncategorized/bobbi-collection-indian-body-wave-bundles-with-closure-10-26-inch-2-3-bundles-non-remy-human-hair-weave-extensions-natural-color/,"BOBBI COLLECTION Indian Body Wave Bundles With Closure 10-26 inch 2/3 Bundles Non-Remy Human Hair Weave Extensions Natural Color",2020/09/BOBBI-COLLECTION-Indian-Body-Wave-Bundles-With-Closure-10-26-inch-2-3-Bundles-Non-Remy.jpg
242212,https://linhcorner.com/shop/uncategorized/brazilian-human-hair-bundles-with-closure-straight-weft-with-4x4-lace-closure-free-closure-4x2-for-women-middle-ration-non-remy/,"Brazilian Human Hair Bundles With Closure Straight Weft With 4x4 Lace Closure Free Closure 4X2 For Women Middle Ration Non-Remy",2020/09/Brazilian-Human-Hair-Bundles-With-Closure-Straight-Weft-With-4x4-Lace-Closure-Free-Closure-4X2-For.jpg
242264,https://linhcorner.com/shop/uncategorized/mogul-hair-50g-pc-4-6-bundles-with-closure-jerry-curly-bundles-with-closure-natural-color-brown-non-remy-hair-short-bob-style/,"MOGUL HAIR 50g/pc 4/6 Bundles with Closure Jerry Curly Bundles With Closure Natural Color Brown Non-Remy Hair short bob style",2020/09/MOGUL-HAIR-50g-pc-4-6-Bundles-with-Closure-Jerry-Curly-Bundles-With-Closure-Natural-Color.jpg
242265,https://linhcorner.com/shop/uncategorized/monika-brazilian-body-wave-closure-cheveux-human-hair-closure-piece-4x4-lace-closure-hair-free-middle-3-part-closures-non-remy/,"Monika Brazilian Body Wave Closure Cheveux Human Hair Closure Piece 4x4 Lace Closure Hair Free/Middle/3 Part Closures Non-Remy",2020/09/Monika-Brazilian-Body-Wave-Closure-Cheveux-Human-Hair-Closure-Piece-4x4-Lace-Closure-Hair-Free-Middle.jpg
242318,https://linhcorner.com/shop/uncategorized/brazilian-straight-hair-3-bundles-with-5x5-closure-wiggins-human-hair-bundles-with-closure-natural-remy-big-size-lace-closure/,"Brazilian Straight Hair 3 Bundles With 5x5 Closure Wiggins Human Hair Bundles With Closure Natural Remy Big Size Lace Closure",2020/09/Brazilian-Straight-Hair-3-Bundles-With-5x5-Closure-Wiggins-Human-Hair-Bundles-With-Closure-Natural-Remy.jpg
242416,https://linhcorner.com/shop/uncategorized/angelbella-brazilian-jerry-curly-13x4-lace-frontal-closure-8-inch-human-hair-closure-transparent-frontal-ear-to-ear-lace-frontal/,"Angelbella Brazilian Jerry Curly 13x4 Lace Frontal Closure 8 Inch Human Hair Closure Transparent Frontal Ear to Ear Lace Frontal",2020/09/Angelbella-Brazilian-Jerry-Curly-13x4-Lace-Frontal-Closure-8-Inch-Human-Hair-Closure-Transparent-Frontal-Ear.jpg
242425,https://linhcorner.com/shop/uncategorized/wiggins-hair-3-bundles-human-hair-bundles-with-frontal-brazilian-straight-hair-weave-natural-black-100-remy-hair-extensions/,"Wiggins Hair 3 Bundles Human Hair Bundles With Frontal Brazilian Straight Hair Weave Natural Black 100% Remy Hair Extensions",2020/09/Wiggins-Hair-3-Bundles-Human-Hair-Bundles-With-Frontal-Brazilian-Straight-Hair-Weave-Natural-Black-100.jpg
242471,https://linhcorner.com/shop/uncategorized/mrshair-hair-weave-100-human-hair-bundles-brazilian-straight-hair-extensions-bundles-deal-blonde-nonremy-12-16-20-24-inch-100g/,"MRSHAIR Hair Weave 100% Human Hair Bundles Brazilian Straight Hair Extensions Bundles Deal Blonde Nonremy 12 16 20 24 Inch 100g",2020/09/MRSHAIR-Hair-Weave-100-Human-Hair-Bundles-Brazilian-Straight-Hair-Extensions-Bundles-Deal-Blonde-Nonremy-12.jpg
242595,https://linhcorner.com/shop/uncategorized/spark-1-3-4-bundles-afro-kinky-curly-human-hair-extensions-ombre-brazilian-100-human-hair-weave-bundles-blonde-brown-black-remy/,"Spark 1/3/4 Bundles Afro Kinky Curly Human Hair Extensions Ombre Brazilian 100% Human Hair Weave Bundles Blonde Brown Black Remy",2020/09/Spark-1-3-4-Bundles-Afro-Kinky-Curly-Human-Hair-Extensions-Ombre-Brazilian-100-Human-Hair.jpg
242602,https://linhcorner.com/shop/uncategorized/spark-human-hair-ombre-mongolian-afro-kinky-curly-hair-bundles-with-closure-human-hair-closure-with-bundles-remy-hair-extensions/,"Spark Human Hair Ombre Mongolian Afro Kinky Curly Hair Bundles With Closure Human Hair Closure With Bundles Remy Hair Extensions",2020/09/Spark-Human-Hair-Ombre-Mongolian-Afro-Kinky-Curly-Hair-Bundles-With-Closure-Human-Hair-Closure-With.jpg
242661,https://linhcorner.com/shop/uncategorized/brazilian-straight-human-hair-bundles-with-closure-kemy-hair-3pcs-brown-hair-weave-bundles-with-closure-non-remy-hair-bundles/,"Brazilian Straight Human Hair Bundles With Closure KEMY HAIR 3PCS Brown Hair Weave Bundles With Closure Non-Remy Hair Bundles",2020/09/Brazilian-Straight-Human-Hair-Bundles-With-Closure-KEMY-HAIR-3PCS-Brown-Hair-Weave-Bundles-With-Closure.jpg
242798,https://linhcorner.com/shop/uncategorized/bobbi-collection-50g-pc-4-6-bundles-with-closure-afro-kinky-curly-hair-10-12-inch-indian-non-remy-human-hair-short-bob-style/,"BOBBI COLLECTION 50g/pc 4/6 Bundles with Closure Afro Kinky Curly Hair 10 12 inch Indian Non-Remy Human Hair Short Bob Style",2020/09/BOBBI-COLLECTION-50g-pc-4-6-Bundles-with-Closure-Afro-Kinky-Curly-Hair-10-12-inch.jpg
242900,https://linhcorner.com/shop/uncategorized/mrshair-kinky-curly-clip-ins-hair-extensions-for-women-8pcs-set-brazilian-remy-human-hair-frosted-black-burgundy-color-120g/,"MRSHAIR Kinky Curly Clip Ins Hair Extensions for Women 8pcs/set Brazilian Remy Human Hair Frosted Black Burgundy Color 120g",2020/09/MRSHAIR-Kinky-Curly-Clip-Ins-Hair-Extensions-for-Women-8pcs-set-Brazilian-Remy-Human-Hair-Frosted.jpg
242962,https://linhcorner.com/shop/uncategorized/brazilian-virgin-hair-kinky-curly-hair-weaving-3-bundles-weft-with-1-pc-closure-4x4-customized-8-to-28-inches-non-remy/,"Brazilian Virgin Hair Kinky Curly Hair Weaving 3 Bundles Weft With 1 PC Closure 4X4 Customized 8 To 28 Inches Non Remy",2020/09/Brazilian-Virgin-Hair-Kinky-Curly-Hair-Weaving-3-Bundles-Weft-With-1-PC-Closure-4X4-Customized.jpg
243015,https://linhcorner.com/shop/uncategorized/fashion-lady-pre-colored-brazilian-straight-hair-extension-human-hair-27-blonde-bundle-deals-1-3-4-bundle-per-pack-non-remy/,"FASHION LADY Pre-Colored Brazilian Straight Hair Extension Human Hair #27 Blonde Bundle Deals 1/3/4 Bundle Per Pack Non-Remy",2020/09/FASHION-LADY-Pre-Colored-Brazilian-Straight-Hair-Extension-Human-Hair-27-Blonde-Bundle-Deals-1-3.jpg
243236,https://linhcorner.com/shop/uncategorized/fdx-deep-wave-bundles-with-closure-brazilian-hair-weave-bundles-28-30-32-34inch-remy-human-hair-bundles-6x6-closure-with-bundles/,"FDX Deep Wave Bundles With Closure Brazilian Hair Weave Bundles 28 30 32 34Inch Remy Human Hair Bundles 6x6 Closure With Bundles",2020/09/FDX-Deep-Wave-Bundles-With-Closure-Brazilian-Hair-Weave-Bundles-28-30-32-34Inch-Remy-Human.jpg
243386,https://linhcorner.com/shop/uncategorized/body-wave-brazilian-hair-weave-bundles-113g-remy-hair-extension-pre-colored-p4-27-p1b-30-p4-30-brown-human-hair-extensions-1pcs/,"Body Wave Brazilian Hair Weave Bundles 113g Remy Hair Extension Pre-Colored P4/27 P1B/30 P4/30 Brown Human Hair Extensions 1pcs",2020/09/Body-Wave-Brazilian-Hair-Weave-Bundles-113g-Remy-Hair-Extension-Pre-Colored-P4-27-P1B-30.jpg
243390,https://linhcorner.com/shop/uncategorized/alisky-hair-peruvian-hair-natural-wave-4-bundles-with-4x4-lace-closure-100-human-hair-bundles-remy-hair-extensions-wholesale/,"Alisky Hair Peruvian Hair Natural Wave 4 Bundles with 4x4 Lace Closure 100% Human Hair Bundles Remy Hair Extensions Wholesale",2020/09/Alisky-Hair-Peruvian-Hair-Natural-Wave-4-Bundles-with-4x4-Lace-Closure-100-Human-Hair-Bundles.jpg
243467,https://linhcorner.com/shop/uncategorized/pre-colored-brazilian-hair-weave-bundles-kinky-curly-bundles-with-closure-non-remy-human-hair-bundles-with-closure-middle-ratio/,"Pre-Colored Brazilian Hair Weave Bundles Kinky Curly Bundles With Closure Non-Remy Human Hair Bundles With Closure Middle Ratio",2020/09/Pre-Colored-Brazilian-Hair-Weave-Bundles-Kinky-Curly-Bundles-With-Closure-Non-Remy-Human-Hair-Bundles.jpg
243505,https://linhcorner.com/shop/uncategorized/alimice-3tone-ombre-bundles-with-closure-indian-body-wave-human-hair-weave-bundles-with-closure-t1b-4-27-highlight-hair-weave/,"Alimice 3Tone Ombre Bundles With Closure Indian Body Wave Human Hair Weave Bundles With Closure T1b/4/27 Highlight Hair Weave",2020/09/Alimice-3Tone-Ombre-Bundles-With-Closure-Indian-Body-Wave-Human-Hair-Weave-Bundles-With-Closure-T1b.jpg
243570,https://linhcorner.com/shop/uncategorized/alisky-hair-peruvian-kinky-straight-lace-frontal-closure-with-bundles-human-hair-3-bundles-with-lace-closure-frontal-pre-plucked/,"Alisky Hair Peruvian Kinky Straight Lace Frontal Closure With Bundles Human Hair 3 Bundles With Lace Closure Frontal Pre Plucked",2020/09/Alisky-Hair-Peruvian-Kinky-Straight-Lace-Frontal-Closure-With-Bundles-Human-Hair-3-Bundles-With-Lace.jpg
243682,https://linhcorner.com/shop/uncategorized/alisky-hair-peruvian-natural-wave-3-bundles-remy-hair-100-human-hair-weave-8-30inch-natural-wave-bundles-deals-for-black-women/,"Alisky Hair Peruvian Natural Wave 3 Bundles Remy Hair 100% Human Hair Weave 8-30inch Natural Wave Bundles Deals for Black Women",2020/09/Alisky-Hair-Peruvian-Natural-Wave-3-Bundles-Remy-Hair-100-Human-Hair-Weave-8-30inch-Natural.jpg
243727,https://linhcorner.com/shop/uncategorized/ombre-blonde-brown-red-straight-hair-bundles-soku-brazilian-hair-weave-bundles-non-remy-wholesale-price-human-hair-bundles/,"Ombre Blonde Brown Red Straight Hair Bundles SOKU Brazilian Hair Weave Bundles Non-Remy Wholesale Price Human Hair Bundles",2020/09/Ombre-Blonde-Brown-Red-Straight-Hair-Bundles-SOKU-Brazilian-Hair-Weave-Bundles-Non-Remy-Wholesale-Price.jpg
243768,https://linhcorner.com/shop/uncategorized/yuyongtai-brazilian-body-wave-3-bundles-with-closure-human-hair-extension-5x5-closure-with-bundles-non-remy-free-shipping/,"YuYongtai Brazilian Body Wave 3 Bundles With Closure Human Hair Extension 5x5 Closure With Bundles Non-Remy Free Shipping",2020/09/YuYongtai-Brazilian-Body-Wave-3-Bundles-With-Closure-Human-Hair-Extension-5x5-Closure-With-Bundles-Non.jpg
