250283,https://linhcorner.com/shop/uncategorized/usb-rechargeable-hair-trimmer-electric-cordless-skeleton-hair-clipper-shaver-trimmer-men-barber-hair-cutting-machine-0mm-razor/,"USB Rechargeable Hair Trimmer Electric Cordless Skeleton Hair Clipper Shaver Trimmer Men Barber Hair Cutting Machine 0mm Razor",2020/09/USB-Rechargeable-Hair-Trimmer-Electric-Cordless-Skeleton-Hair-Clipper-Shaver-Trimmer-Men-Barber-Hair-Cutting-Machine.jpg
250284,https://linhcorner.com/shop/uncategorized/xiaomi-enchen-boost-mens-electric-hair-clipper-usb-rechargeable-professional-hair-trimmer-hair-cutter-for-men-adult-razor/,"Xiaomi ENCHEN Boost Men's Electric Hair Clipper USB Rechargeable Professional Hair Trimmer Hair Cutter for Men Adult Razor",2020/09/Xiaomi-ENCHEN-Boost-Men-s-Electric-Hair-Clipper-USB-Rechargeable-Professional-Hair-Trimmer-Hair-Cutter-for.jpg
250286,https://linhcorner.com/shop/uncategorized/usb-rechargeable-t9-hair-clipper-professional-baldheaded-electric-hair-cordless-shaver-trimmer-men-barber-hair-cutting-machine/,"USB Rechargeable T9 Hair Clipper Professional Baldheaded Electric hair Cordless Shaver Trimmer Men Barber Hair Cutting Machine",2020/09/USB-Rechargeable-T9-Hair-Clipper-Professional-Baldheaded-Electric-hair-Cordless-Shaver-Trimmer-Men-Barber-Hair-Cutting.jpg
250288,https://linhcorner.com/shop/uncategorized/all-metal-hair-trimmer-professional-clipper-for-barber-rechargeable-men-electric-beard-shaver-baldheaded-hair-cutting-machine/,"all-metal hair trimmer professional clipper for barber rechargeable men electric beard shaver baldheaded hair cutting machine",2020/09/all-metal-hair-trimmer-professional-clipper-for-barber-rechargeable-men-electric-beard-shaver-baldheaded-hair-cutting.jpg
250289,https://linhcorner.com/shop/uncategorized/t-bald-head-hair-clipper-usb-rechargeable-trimmer-t-outliner-barber-shaving-machine-vintage-cordless-haircut-men-cutter-shaver/,"T Bald Head Hair Clipper USB Rechargeable Trimmer T-Outliner Barber Shaving Machine Vintage Cordless Haircut Men Cutter Shaver",2020/09/T-Bald-Head-Hair-Clipper-USB-Rechargeable-Trimmer-T-Outliner-Barber-Shaving-Machine-Vintage-Cordless-Haircut.jpg
250291,https://linhcorner.com/shop/uncategorized/powerful-hair-clipper-electric-hair-trimmer-professional-hair-cutting-usb-rechargeable-beard-trimmer-haircut-styling-machine/,"Powerful Hair Clipper Electric Hair Trimmer Professional Hair Cutting USB Rechargeable Beard Trimmer Haircut Styling Machine",2020/09/Powerful-Hair-Clipper-Electric-Hair-Trimmer-Professional-Hair-Cutting-USB-Rechargeable-Beard-Trimmer-Haircut-Styling-Machine.jpg
250365,https://linhcorner.com/shop/uncategorized/usb-rechargeable-t9-baldheaded-hair-clipper-electric-hair-trimmer-cordless-shaver-trimmer-0mm-men-barber-hair-cutting-machine/,"USB Rechargeable T9 Baldheaded Hair Clipper Electric hair trimmer Cordless Shaver Trimmer 0mm Men Barber Hair Cutting Machine",2020/09/USB-Rechargeable-T9-Baldheaded-Hair-Clipper-Electric-hair-trimmer-Cordless-Shaver-Trimmer-0mm-Men-Barber-Hair.jpg
250366,https://linhcorner.com/shop/uncategorized/professional-digital-hair-trimmer-rechargeable-electric-hair-clipper-mens-cordless-haircut-adjustable-ceramic-blade-rfc-688b-49/,"Professional Digital Hair Trimmer Rechargeable Electric Hair Clipper Men's Cordless Haircut Adjustable Ceramic Blade RFC-688B 49",2020/09/Professional-Digital-Hair-Trimmer-Rechargeable-Electric-Hair-Clipper-Men-s-Cordless-Haircut-Adjustable-Ceramic-Blade-RFC.jpg
250394,https://linhcorner.com/shop/uncategorized/usb-rechargeable-hair-clipper-for-men-professional-hair-trimmer-machine-0mm-men-barber-electric-hair-cutting-beard-machine-t9/,"USB Rechargeable Hair Clipper For Men Professional Hair Trimmer Machine 0mm Men Barber Electric Hair Cutting Beard Machine T9",2020/09/USB-Rechargeable-Hair-Clipper-For-Men-Professional-Hair-Trimmer-Machine-0mm-Men-Barber-Electric-Hair-Cutting.jpg
250396,https://linhcorner.com/shop/uncategorized/usb-rechargeable-hair-trimmer-electric-baldheaded-hair-clipper-cordless-shaver-trimmer-men-barber-hair-cutting-machine-0mm-razor/,"USB Rechargeable Hair Trimmer Electric Baldheaded Hair Clipper Cordless Shaver Trimmer Men Barber Hair Cutting Machine 0mm Razor",2020/09/USB-Rechargeable-Hair-Trimmer-Electric-Baldheaded-Hair-Clipper-Cordless-Shaver-Trimmer-Men-Barber-Hair-Cutting-Machine.jpg
250425,https://linhcorner.com/shop/uncategorized/nose-trimmer-electric-ear-nose-trimmer-for-men-shaver-beard-face-eyebrows-nose-hair-trimmer-grooming-3-in-1-kit/,"nose trimmer  Electric Ear Nose Trimmer For Men Shaver Beard Face Eyebrows Nose Hair Trimmer Grooming 3 in 1 Kit",2020/09/nose-trimmer-Electric-Ear-Nose-Trimmer-For-Men-Shaver-Beard-Face-Eyebrows-Nose-Hair-Trimmer-Grooming.jpg
250429,https://linhcorner.com/shop/uncategorized/hair-clipper-electric-hair-trimmer-t-outliner-skeleton-heavy-hitter-shaving-cordless-haircut-cutter-chargeable-timmer-beard/,"Hair Clipper Electric Hair Trimmer T-Outliner Skeleton Heavy Hitter Shaving Cordless Haircut Cutter Chargeable Timmer beard",2020/09/Hair-Clipper-Electric-Hair-Trimmer-T-Outliner-Skeleton-Heavy-Hitter-Shaving-Cordless-Haircut-Cutter-Chargeable-Timmer.jpg
250443,https://linhcorner.com/shop/uncategorized/cordless-hair-trimmers-usb-clipper-professional-hair-clipper-portable-beard-trimmer-hair-styler-barber-clippers/,"Cordless Hair Trimmers USB Clipper Professional Hair Clipper Portable Beard Trimmer Hair Styler Barber Clippers",2020/09/Cordless-Hair-Trimmers-USB-Clipper-Professional-Hair-Clipper-Portable-Beard-Trimmer-Hair-Styler-Barber-Clippers.jpg
250483,https://linhcorner.com/shop/uncategorized/kemei-hair-clipper-professional-hair-trimmer-in-hair-clipper-for-men-electric-trimmer-lcd-display-machine-barber-hair-cutter-5/,"Kemei hair clipper professional hair Trimmer in Hair clipper for men electric trimmer LCD Display machine barber Hair cutter 5",2020/09/Kemei-hair-clipper-professional-hair-Trimmer-in-Hair-clipper-for-men-electric-trimmer-LCD-Display-machine.jpg
250504,https://linhcorner.com/shop/uncategorized/soocas-electric-nose-hair-trimmer-for-xiaomi-youpin-mini-n1-portable-ear-nose-hair-shaver-clipper-waterproof-safe-cleaner-men/,"SOOCAS Electric Nose hair trimmer for Xiaomi Youpin Mini N1 Portable Ear Nose Hair Shaver Clipper Waterproof  Safe Cleaner Men",2020/09/SOOCAS-Electric-Nose-hair-trimmer-for-Xiaomi-Youpin-Mini-N1-Portable-Ear-Nose-Hair-Shaver-Clipper.jpg
250530,https://linhcorner.com/shop/uncategorized/hair-clipper-electric-hair-trimmer-for-men-cordless-shaver-trimmer-0mm-barber-hair-cutting-machine-beard-trimmer-beard-clipper/,"Hair Clipper Electric hair trimmer for men Cordless Shaver Trimmer 0mm Barber Hair Cutting Machine beard trimmer beard clipper",2020/09/Hair-Clipper-Electric-hair-trimmer-for-men-Cordless-Shaver-Trimmer-0mm-Barber-Hair-Cutting-Machine-beard.jpg
250532,https://linhcorner.com/shop/uncategorized/usb-rechargeable-hair-trimmer-barber-lcd-hair-clipper-machine-hair-cutting-beard-trimmer-for-men-haircut-styling-tool/,"USB rechargeable Hair Trimmer barber LCD Hair Clipper Machine hair cutting Beard Trimmer for Men haircut Styling tool",2020/09/USB-rechargeable-Hair-Trimmer-barber-LCD-Hair-Clipper-Machine-hair-cutting-Beard-Trimmer-for-Men-haircut.jpg
250542,https://linhcorner.com/shop/uncategorized/professional-mens-hair-trimmer-clipper-0mm-baldheaded-cutter-beard-shaving-precision-finishing-hair-cutting-machine-adult-kid/,"Professional Men's Hair Trimmer Clipper 0mm Baldheaded Cutter  Beard Shaving Precision Finishing Hair Cutting Machine Adult Kid",2020/09/Professional-Men-s-Hair-Trimmer-Clipper-0mm-Baldheaded-Cutter-Beard-Shaving-Precision-Finishing-Hair-Cutting-Machine.jpg
250556,https://linhcorner.com/shop/uncategorized/t-hair-clipper-electric-hair-trimmer-cordless-shaver-trimmer-0mm-men-barber-hair-cutting-machine-chargeable-timer-beard-cutter-5/,"T Hair Clipper Electric hair trimmer Cordless Shaver Trimmer 0mm Men Barber Hair Cutting Machine chargeable timer beard cutter 5",2020/09/T-Hair-Clipper-Electric-hair-trimmer-Cordless-Shaver-Trimmer-0mm-Men-Barber-Hair-Cutting-Machine-chargeable.jpg
250587,https://linhcorner.com/shop/uncategorized/mini-cordless-hair-trimmer-professional-diy-0mm-baldheaded-beard-razor-hair-clipper-battery-finish-hair-cutting-machine-men/,"Mini Cordless Hair Trimmer Professional DIY 0mm Baldheaded Beard Razor Hair Clipper Battery Finish Hair Cutting Machine Men",2020/09/Mini-Cordless-Hair-Trimmer-Professional-DIY-0mm-Baldheaded-Beard-Razor-Hair-Clipper-Battery-Finish-Hair-Cutting.jpg
250631,https://linhcorner.com/shop/uncategorized/professional-barber-hair-clipper-rechargeable-electric-t-outliner-finish-cutting-machine-beard-trimmer-shaver-cordless-corded/,"Professional Barber Hair Clipper Rechargeable Electric T-Outliner Finish Cutting Machine Beard Trimmer Shaver Cordless Corded",2020/09/Professional-Barber-Hair-Clipper-Rechargeable-Electric-T-Outliner-Finish-Cutting-Machine-Beard-Trimmer-Shaver-Cordless-Corded.jpg
250674,https://linhcorner.com/shop/uncategorized/2020-usb-rechargeable-hair-clipper-electric-hair-trimmer-cordless-shaver-trimmer-0mm-men-barber-hair-cutting-machine-for-men/,"2020 USB Rechargeable  Hair Clipper Electric hair trimmer Cordless Shaver Trimmer 0mm Men Barber Hair Cutting Machine for men",2020/09/2020-USB-Rechargeable-Hair-Clipper-Electric-hair-trimmer-Cordless-Shaver-Trimmer-0mm-Men-Barber-Hair-Cutting.jpg
250698,https://linhcorner.com/shop/uncategorized/electric-nose-hair-trimmer-multifunctional-hair-remover-ear-eyebrow-beard-shaver-razor-face-hair-cutter-rechargeable-or-battery/,"Electric Nose Hair Trimmer Multifunctional Hair Remover Ear Eyebrow Beard Shaver Razor Face Hair Cutter Rechargeable or Battery",2020/09/Electric-Nose-Hair-Trimmer-Multifunctional-Hair-Remover-Ear-Eyebrow-Beard-Shaver-Razor-Face-Hair-Cutter-Rechargeable.jpg
250738,https://linhcorner.com/shop/uncategorized/kemei-hair-trimmer-eu-plug-hair-clipper-kit-cordless-hair-cutting-machine-powerful-beard-trimmer-professional-haircut-styling/,"KEMEI Hair Trimmer EU Plug Hair Clipper Kit Cordless Hair Cutting Machine Powerful Beard Trimmer Professional Haircut Styling",2020/09/KEMEI-Hair-Trimmer-EU-Plug-Hair-Clipper-Kit-Cordless-Hair-Cutting-Machine-Powerful-Beard-Trimmer-Professional.jpg
250740,https://linhcorner.com/shop/uncategorized/kemei-hair-trimmer-cordless-professional-usb-rechargeable-hair-clipper-oilhead-haircut-machine-carving-line-metal-body-km-1973/,"Kemei Hair Trimmer Cordless Professional USB Rechargeable Hair Clipper Oilhead Haircut Machine Carving Line Metal Body KM-1973",2020/09/Kemei-Hair-Trimmer-Cordless-Professional-USB-Rechargeable-Hair-Clipper-Oilhead-Haircut-Machine-Carving-Line-Metal-Body.jpg
250766,https://linhcorner.com/shop/uncategorized/portable-rechargeable-hair-clipper-electric-cordless-mini-hair-trimmer-pro-hair-cutting-machine-beard-trimer-for-men-barber-4041/,"Portable Rechargeable Hair Clipper Electric Cordless Mini Hair Trimmer Pro Hair Cutting Machine Beard Trimer For Men Barber 4041",2020/09/Portable-Rechargeable-Hair-Clipper-Electric-Cordless-Mini-Hair-Trimmer-Pro-Hair-Cutting-Machine-Beard-Trimer-For.jpg
250783,https://linhcorner.com/shop/uncategorized/mini-electric-hair-clipper-rechargeable-cordless-hair-trimmer-low-noise-hair-cutting-beard-shaver-men-barber-portable-machine-60/,"Mini Electric Hair Clipper Rechargeable Cordless Hair Trimmer Low Noise Hair Cutting Beard Shaver Men Barber Portable Machine 60",2020/09/Mini-Electric-Hair-Clipper-Rechargeable-Cordless-Hair-Trimmer-Low-Noise-Hair-Cutting-Beard-Shaver-Men-Barber.jpg
250818,https://linhcorner.com/shop/uncategorized/hot-selling-professional-mens-hair-trimmer-clipper-0mm-baldheaded-cutter-beard-shaving-precision-finishing-hair-cutting-machine/,"Hot Selling Professional Men's Hair Trimmer Clipper 0mm Baldheaded Cutter Beard Shaving Precision Finishing Hair Cutting Machine",2020/09/Hot-Selling-Professional-Men-s-Hair-Trimmer-Clipper-0mm-Baldheaded-Cutter-Beard-Shaving-Precision-Finishing-Hair.jpg
250825,https://linhcorner.com/shop/uncategorized/new-10pcs-set-hair-clipper-combs-guide-kit-multi-color-plastic-hair-trimmer-guards-attachments-3-25mm-universal-hair-salon-tools/,"New 10PCS/Set Hair Clipper Combs Guide Kit Multi-color Plastic Hair Trimmer Guards Attachments 3-25mm Universal Hair Salon Tools",2020/09/New-10PCS-Set-Hair-Clipper-Combs-Guide-Kit-Multi-color-Plastic-Hair-Trimmer-Guards-Attachments-3.jpg
250840,https://linhcorner.com/shop/uncategorized/rechargeable-hair-clipper-barber-hair-trimmer-rechargeable-electric-clippers-barbershop-cordless-t-blade-baldheaded-outliner-men/,"Rechargeable Hair Clipper Barber Hair Trimmer Rechargeable Electric Clippers Barbershop Cordless T-blade Baldheaded Outliner Men",2020/09/Rechargeable-Hair-Clipper-Barber-Hair-Trimmer-Rechargeable-Electric-Clippers-Barbershop-Cordless-T-blade-Baldheaded-Outliner-Men.jpg
250856,https://linhcorner.com/shop/uncategorized/electric-hair-clipper-rechargeable-low-noise-hair-trimmer-hair-cutting-machine-beard-shaver-trimer-for-men-barber-hair-shaving/,"Electric Hair Clipper Rechargeable Low Noise Hair Trimmer Hair Cutting Machine Beard Shaver Trimer For Men Barber Hair Shaving",2020/09/Electric-Hair-Clipper-Rechargeable-Low-Noise-Hair-Trimmer-Hair-Cutting-Machine-Beard-Shaver-Trimer-For-Men.jpg
250880,https://linhcorner.com/shop/uncategorized/enchen-men-electric-hair-trimmer-ceramic-clipper-usb-fast-charge-hair-cutter-trimmer-family-friend-gifts/,"Enchen Men Electric Hair Trimmer Ceramic Clipper USB Fast Charge Hair Cutter Trimmer Family Friend Gifts",2020/09/Enchen-Men-Electric-Hair-Trimmer-Ceramic-Clipper-USB-Fast-Charge-Hair-Cutter-Trimmer-Family-Friend-Gifts.jpg
250886,https://linhcorner.com/shop/uncategorized/riwa-electric-hair-clipper-for-men-professional-hair-trimmer-machine-usb-rechargeable-hair-cutting-beard-machine-washable/,"RIWA Electric Hair Clipper For Men Professional Hair Trimmer Machine USB Rechargeable Hair Cutting Beard Machine Washable",2020/09/RIWA-Electric-Hair-Clipper-For-Men-Professional-Hair-Trimmer-Machine-USB-Rechargeable-Hair-Cutting-Beard-Machine.jpg
250888,https://linhcorner.com/shop/uncategorized/bald-head-hair-clipper-trimmer-t-outliner-skeleton-heavy-hitter-shaving-cordless-haircut-cutter-with-0-mm-t-blade-head/,"Bald Head Hair Clipper Trimmer T-Outliner Skeleton Heavy Hitter Shaving Cordless Haircut Cutter With 0 Mm T Blade Head",2020/09/Bald-Head-Hair-Clipper-Trimmer-T-Outliner-Skeleton-Heavy-Hitter-Shaving-Cordless-Haircut-Cutter-With-0.jpg
250904,https://linhcorner.com/shop/uncategorized/hair-split-trimmer-straightener-hair-clipper-trimming-hairy-branches-end-split-hair-trimmer-built-in-battery-split-hairs-cutter/,"Hair Split Trimmer Straightener Hair Clipper Trimming Hairy Branches End Split Hair Trimmer Built-in Battery Split Hairs Cutter",2020/09/Hair-Split-Trimmer-Straightener-Hair-Clipper-Trimming-Hairy-Branches-End-Split-Hair-Trimmer-Built-in-Battery.jpg
250942,https://linhcorner.com/shop/uncategorized/shaving-machine-professional-hair-clippers-rechargeable-shaver-beard-trimmer-bladhead-trimmer-rechargeable-sculpture-cutter/,"Shaving Machine Professional Hair Clippers Rechargeable Shaver Beard trimmer  Bladhead Trimmer Rechargeable Sculpture Cutter",2020/09/Shaving-Machine-Professional-Hair-Clippers-Rechargeable-Shaver-Beard-trimmer-Bladhead-Trimmer-Rechargeable-Sculpture-Cutter.jpg
250977,https://linhcorner.com/shop/uncategorized/mens-hair-trimmer-clipper-professional-baldheaded-cutter-beard-shaving-precision-finishing-hair-cutting-machine-adult-kid/,"Men's Hair Trimmer Clipper Professional Baldheaded Cutter Beard Shaving Precision Finishing Hair Cutting Machine Adult Kid",2020/09/Men-s-Hair-Trimmer-Clipper-Professional-Baldheaded-Cutter-Beard-Shaving-Precision-Finishing-Hair-Cutting-Machine-Adult.jpg
250999,https://linhcorner.com/shop/uncategorized/updated-metal-electric-hair-trimmer-portable-cordless-beard-hair-clipper-professional-usb-charging-hair-trimmer-set/,"Updated Metal Electric Hair Trimmer Portable Cordless Beard Hair Clipper Professional USB Charging Hair Trimmer Set",2020/09/Updated-Metal-Electric-Hair-Trimmer-Portable-Cordless-Beard-Hair-Clipper-Professional-USB-Charging-Hair-Trimmer-Set.jpg
251007,https://linhcorner.com/shop/uncategorized/kemei-hair-clipper-barber-hair-trimmer-electric-clipper-razor-shaver-beard-trimmer-men-shaving-machine-cutting-nose-trimmer/,"Kemei hair clipper barber hair trimmer electric clipper razor shaver beard trimmer men shaving machine cutting nose trimmer",2020/09/Kemei-hair-clipper-barber-hair-trimmer-electric-clipper-razor-shaver-beard-trimmer-men-shaving-machine-cutting.jpg
251039,https://linhcorner.com/shop/uncategorized/all-in-one-multi-function-electric-shaver-portable-shaving-razor-men-beard-trimmer-machine-razor-hair-trimmer-t-blade-clippers/,"All in one Multi-function Electric Shaver Portable Shaving Razor Men Beard Trimmer Machine Razor Hair Trimmer T-blade Clippers",2020/09/All-in-one-Multi-function-Electric-Shaver-Portable-Shaving-Razor-Men-Beard-Trimmer-Machine-Razor-Hair.jpg
251056,https://linhcorner.com/shop/uncategorized/electric-hair-clipper-rechargeable-shaver-beard-trimmer-professional-hair-trimmer-cordless-men-hair-cutting-machine-beard-razo/,"Electric Hair Clipper Rechargeable Shaver Beard trimmer Professional Hair Trimmer Cordless Men Hair Cutting Machine Beard razo",2020/09/Electric-Hair-Clipper-Rechargeable-Shaver-Beard-trimmer-Professional-Hair-Trimmer-Cordless-Men-Hair-Cutting-Machine-Beard.jpg
251073,https://linhcorner.com/shop/uncategorized/2020-close-cutting-digital-hairdresser-electric-hair-clipper-professional-barber-men-hair-trimmer-0mm-t-blade-beard-hair-clipper/,"2020 Close-cutting Digital Hairdresser Electric Hair Clipper Professional Barber Men Hair Trimmer 0mm T-Blade Beard Hair Clipper",2020/09/2020-Close-cutting-Digital-Hairdresser-Electric-Hair-Clipper-Professional-Barber-Men-Hair-Trimmer-0mm-T-Blade.jpg
251076,https://linhcorner.com/shop/uncategorized/enchen-electric-hair-trimmer-men-clipper-adult-usb-rechargeable-ceramic-cutting-head-hair-cutter-length-adjusted/,"Enchen Electric Hair Trimmer Men Clipper Adult USB Rechargeable Ceramic Cutting Head Hair Cutter Length Adjusted",2020/09/Enchen-Electric-Hair-Trimmer-Men-Clipper-Adult-USB-Rechargeable-Ceramic-Cutting-Head-Hair-Cutter-Length-Adjusted.jpg
251099,https://linhcorner.com/shop/uncategorized/electric-cordless-portable-child-hair-trimmer-baby-hairdressing-style-head-haircut-machine-children-barber-clipper-cutter-shaver/,"Electric Cordless Portable Child Hair Trimmer Baby Hairdressing Style Head Haircut Machine Children Barber Clipper Cutter Shaver",2020/09/Electric-Cordless-Portable-Child-Hair-Trimmer-Baby-Hairdressing-Style-Head-Haircut-Machine-Children-Barber-Clipper-Cutter.jpg
251103,https://linhcorner.com/shop/uncategorized/professional-electric-hair-clippers-rechargeable-adult-children-household-razors-mens-trimmers-hairdresse-salon-hair-trimmer/,"Professional Electric Hair Clippers Rechargeable Adult Children Household Razors Men's Trimmers Hairdresse Salon Hair Trimmer",2020/09/Professional-Electric-Hair-Clippers-Rechargeable-Adult-Children-Household-Razors-Men-s-Trimmers-Hairdresse-Salon-Hair-Trimmer.jpg
251170,https://linhcorner.com/shop/uncategorized/cord-cordless-hair-trimmer-professional-men-electric-hair-clipper-beard-hair-cutting-machine-pivot-edge-outlines-detail-trimer/,"cord cordless hair trimmer professional men electric hair clipper beard hair cutting machine Pivot edge outlines detail trimer",2020/09/cord-cordless-hair-trimmer-professional-men-electric-hair-clipper-beard-hair-cutting-machine-Pivot-edge-outlines.jpg
251177,https://linhcorner.com/shop/uncategorized/splitting-hair-cutter-household-adult-hair-beauty-device-salon-hair-styling-tool-avoid-split-ends-usb-cable-powered-hair-trimme/,"Splitting Hair Cutter Household adult Hair Beauty Device Salon Hair Styling Tool Avoid Split Ends USB Cable Powered Hair Trimme",2020/09/Splitting-Hair-Cutter-Household-adult-Hair-Beauty-Device-Salon-Hair-Styling-Tool-Avoid-Split-Ends-USB.jpg
251185,https://linhcorner.com/shop/uncategorized/professional-hair-clipper-rechargeable-beard-trimmer-men-electric-hair-cutting-titanium-ceramic-blade-low-noise-barber-machine53/,"Professional Hair Clipper Rechargeable Beard Trimmer Men Electric Hair Cutting Titanium Ceramic Blade Low Noise Barber Machine53",2020/09/Professional-Hair-Clipper-Rechargeable-Beard-Trimmer-Men-Electric-Hair-Cutting-Titanium-Ceramic-Blade-Low-Noise-Barber.jpg
251224,https://linhcorner.com/shop/uncategorized/%e3%80%90%f0%9f%91%91vip-link%e3%80%91new-professional-barber-clipper-hair-trimmer-electric-shaver-for-men-mower-hair-cutting-machine-beard-trimmer/,"【?VIP Link】new professional barber clipper hair trimmer electric shaver for men mower hair cutting machine beard trimmer",2020/09/VIP-Link-new-professional-barber-clipper-hair-trimmer-electric-shaver-for-men-mower-hair-cutting.jpg
251233,https://linhcorner.com/shop/uncategorized/2020-xiaomi-mijia-showsee-electric-hair-clipper-trimmer-wireless-type-c-fast-charge-ipx7-waterproof-ultra-thin-ceramic-blade/,"2020 Xiaomi Mijia ShowSee Electric Hair Clipper trimmer Wireless Type-C Fast Charge IPX7 Waterproof ultra-thin Ceramic blade",2020/09/2020-Xiaomi-Mijia-ShowSee-Electric-Hair-Clipper-trimmer-Wireless-Type-C-Fast-Charge-IPX7-Waterproof-ultra.jpg
251239,https://linhcorner.com/shop/uncategorized/kemei-electric-hair-clipper-hair-trimmer-mens-professional-clipper-wireless-trimmer-lcd-digital-display-hair-cut-barber-5/,"Kemei Electric Hair Clipper hair trimmer men's Professional clipper Wireless Trimmer LCD digital display hair cut barber 5",2020/09/Kemei-Electric-Hair-Clipper-hair-trimmer-men-s-Professional-clipper-Wireless-Trimmer-LCD-digital-display-hair.jpg
251248,https://linhcorner.com/shop/uncategorized/4-in-1-portable-rechargeable-nose-ear-hair-trimmer-set-wireless-men-cutter-beard-shaver-face-eyebrow-nose-hair-removal-device/,"4 in 1 Portable Rechargeable Nose Ear Hair Trimmer Set Wireless Men Cutter Beard Shaver Face Eyebrow Nose Hair Removal Device",2020/09/4-in-1-Portable-Rechargeable-Nose-Ear-Hair-Trimmer-Set-Wireless-Men-Cutter-Beard-Shaver-Face.jpg
251254,https://linhcorner.com/shop/uncategorized/kemei-2600-professional-hair-clipper-electric-hair-trimmer-powerful-hair-shaving-machine-hair-cutting-beard-electric-razor/,"Kemei 2600  professional hair clipper electric hair trimmer powerful hair shaving machine hair cutting beard electric razor",2020/09/Kemei-2600-professional-hair-clipper-electric-hair-trimmer-powerful-hair-shaving-machine-hair-cutting-beard-electric.jpg
251297,https://linhcorner.com/shop/uncategorized/kemei-mens-professional-hair-clipper-0mm-bareheaded-hair-removal-mens-razor-high-quality-electric-shaver-for-men-cordless/,"Kemei Men's Professional Hair Clipper 0mm Bareheaded Hair Removal Men's Razor High Quality Electric Shaver for Men Cordless",2020/09/Kemei-Men-s-Professional-Hair-Clipper-0mm-Bareheaded-Hair-Removal-Men-s-Razor-High-Quality-Electric.jpg
251318,https://linhcorner.com/shop/uncategorized/hair-clippers-men-hair-trimmer-for-men-zero-gapped-trimmer-hair-clipper-cordless-clipper-hair-clipper-beard-trimmer/,"hair clippers men  hair trimmer for men   zero gapped trimmer hair clipper  cordless clipper  hair clipper  beard trimmer",2020/09/hair-clippers-men-hair-trimmer-for-men-zero-gapped-trimmer-hair-clipper-cordless-clipper-hair-clipper.jpg
251325,https://linhcorner.com/shop/uncategorized/usb-charging-split-hair-trimmer-hairdressing-clipper-hair-clipper-solve-ends-split-cutting-hair-tool-hairdressing-dropshipping/,"USB Charging Split Hair Trimmer Hairdressing Clipper Hair Clipper Solve Ends Split Cutting Hair Tool Hairdressing Dropshipping",2020/09/USB-Charging-Split-Hair-Trimmer-Hairdressing-Clipper-Hair-Clipper-Solve-Ends-Split-Cutting-Hair-Tool-Hairdressing.jpg
251357,https://linhcorner.com/shop/uncategorized/100-original-codos-professional-hair-trimmer-t9-silent-razor-adult-electric-hair-clipper-ceramic-blade-clippers-100-240v/,"100% original CODOS Professional Hair trimmer T9 silent razor adult electric hair clipper Ceramic blade clippers 100-240v",2020/09/100-original-CODOS-Professional-Hair-trimmer-T9-silent-razor-adult-electric-hair-clipper-Ceramic-blade-clippers.jpg
251359,https://linhcorner.com/shop/uncategorized/enchen-boost-mens-hair-clippers-barber-profesional-kit-ceramic-cutter-two-speed-cordless-electric-hair-trimmer-for-men-chidren/,"ENCHEN Boost Men's Hair Clippers Barber Profesional Kit Ceramic Cutter Two Speed Cordless Electric Hair Trimmer For Men Chidren",2020/09/ENCHEN-Boost-Men-s-Hair-Clippers-Barber-Profesional-Kit-Ceramic-Cutter-Two-Speed-Cordless-Electric-Hair.jpg
251373,https://linhcorner.com/shop/uncategorized/1pcs-professional-hair-cutting-thinning-scissors-barber-shears-hairdressing-salon-hair-clipper-universal/,"1Pcs Professional Hair Cutting Thinning Scissors Barber Shears Hairdressing Salon Hair Clipper Universal",2020/09/1Pcs-Professional-Hair-Cutting-Thinning-Scissors-Barber-Shears-Hairdressing-Salon-Hair-Clipper-Universal.jpg
251376,https://linhcorner.com/shop/uncategorized/portable-metal-electric-hair-clipper-professional-t-type-external-cordless-trimmer-wireless-usb-charging-hair-cutting-set-tslm1/,"Portable Metal Electric Hair Clipper Professional T-type External Cordless Trimmer Wireless USB Charging Hair Cutting Set TSLM1",2020/09/Portable-Metal-Electric-Hair-Clipper-Professional-T-type-External-Cordless-Trimmer-Wireless-USB-Charging-Hair-Cutting.jpg
251427,https://linhcorner.com/shop/uncategorized/shaver-electric-beard-trimmer-portable-mini-hair-clipper-cutting-machine-men-razor-with-3-combs-beard-barber-razor-shaver/,"Shaver Electric Beard Trimmer Portable Mini Hair Clipper Cutting Machine Men Razor with 3 Combs Beard Barber Razor Shaver",2020/09/Shaver-Electric-Beard-Trimmer-Portable-Mini-Hair-Clipper-Cutting-Machine-Men-Razor-with-3-Combs-Beard.jpg
251436,https://linhcorner.com/shop/uncategorized/barber-hair-clipper-electric-hair-cutting-machine-professional-trimmer-shaving-beard-rechargeable-tools-trimer-cliper-5/,"Barber Hair clipper electric hair cutting machine professional trimmer shaving beard rechargeable tools trimer cliper 5",2020/09/Barber-Hair-clipper-electric-hair-cutting-machine-professional-trimmer-shaving-beard-rechargeable-tools-trimer-cliper-5.jpg
251437,https://linhcorner.com/shop/uncategorized/100-240v-kemei-professional-hair-clipper-electric-hair-trimmer-powerful-hair-shaving-machine-hair-cutting-beard-electric-razor/,"100-240V Kemei professional hair clipper electric hair trimmer powerful hair shaving machine hair cutting beard electric razor",2020/09/100-240V-Kemei-professional-hair-clipper-electric-hair-trimmer-powerful-hair-shaving-machine-hair-cutting-beard.jpg
251438,https://linhcorner.com/shop/uncategorized/kemei-newly-design-electric-hair-clipper-mini-hair-trimmer-cutting-machine-beard-barber-razor-for-men-style-tools-km-666/,"Kemei Newly Design Electric Hair Clipper Mini Hair Trimmer Cutting Machine Beard Barber Razor For Men Style Tools KM-666",2020/09/Kemei-Newly-Design-Electric-Hair-Clipper-Mini-Hair-Trimmer-Cutting-Machine-Beard-Barber-Razor-For-Men.jpg
251441,https://linhcorner.com/shop/uncategorized/hair-clippers-beard-trimmer-razor-guide-comb-attachment-tools-for-qc5130-05-15-20-25-35-3-21mm-adjustable-profession/,"Hair Clippers Beard Trimmer Razor Guide Comb Attachment Tools for QC5130 / 05/15/20/25/35 3-21mm Adjustable Profession",2020/09/Hair-Clippers-Beard-Trimmer-Razor-Guide-Comb-Attachment-Tools-for-QC5130-05-15-20-25-35.jpg
251448,https://linhcorner.com/shop/uncategorized/2020-new-adjustable-comb-mini-haircut-trimmer-multifunctional-hairdressing-haircut-barber-hair-comb-portable-mini/,"2020 New Adjustable Comb Mini Haircut Trimmer Multifunctional Hairdressing Haircut Barber Hair Comb  Portable Mini",2020/09/2020-New-Adjustable-Comb-Mini-Haircut-Trimmer-Multifunctional-Hairdressing-Haircut-Barber-Hair-Comb-Portable-Mini.jpg
251485,https://linhcorner.com/shop/uncategorized/kemei-professional-hair-clipper-beard-trimmer-mens-hair-trimmer-lcd-digital-display-cordless-haircut-electric-razor-5/,"Kemei professional hair clipper beard trimmer men's hair trimmer LCD digital display cordless haircut electric razor 5",2020/09/Kemei-professional-hair-clipper-beard-trimmer-men-s-hair-trimmer-LCD-digital-display-cordless-haircut-electric.jpg
251495,https://linhcorner.com/shop/uncategorized/kemei-2600-hair-clipper-complete-hair-cutting-kit-rechargeable-electric-precision-trimmer-kit-professional-barber-hair-trimmer/,"Kemei 2600  Hair Clipper Complete Hair Cutting Kit Rechargeable Electric Precision Trimmer Kit Professional Barber Hair Trimmer",2020/09/Kemei-2600-Hair-Clipper-Complete-Hair-Cutting-Kit-Rechargeable-Electric-Precision-Trimmer-Kit-Professional-Barber-Hair.jpg
251497,https://linhcorner.com/shop/uncategorized/clippers-hairs-electric-trimmer-professional-clippers-for-men-usb-t-blade-cordless-hair-trimmer-wahl-men-clippers-hairs-beards/,"Clippers Hairs Electric Trimmer Professional Clippers For Men USB T-Blade Cordless Hair Trimmer Wahl Men Clippers Hairs Beards",2020/09/Clippers-Hairs-Electric-Trimmer-Professional-Clippers-For-Men-USB-T-Blade-Cordless-Hair-Trimmer-Wahl-Men.jpg
251500,https://linhcorner.com/shop/uncategorized/xiaomi-electric-hair-clipper-electric-hair-trimmers-mens-cordless-hair-trimmer-rechargeable-hair-cutter-men-adults-kids-cutte-5/,"Xiaomi Electric Hair Clipper Electric Hair Trimmers men's cordless hair trimmer Rechargeable Hair Cutter Men Adults Kids Cutte 5",2020/09/Xiaomi-Electric-Hair-Clipper-Electric-Hair-Trimmers-men-s-cordless-hair-trimmer-Rechargeable-Hair-Cutter-Men.jpg
251524,https://linhcorner.com/shop/uncategorized/3-in-1-electric-haircut-grooming-kit-rechargeable-hair-clipper-nose-beard-hair-trimmer-men-cordless-shaver-razor-cutting-machine/,"3 in 1 Electric Haircut Grooming Kit Rechargeable Hair Clipper Nose Beard Hair Trimmer Men Cordless Shaver Razor Cutting Machine",2020/09/3-in-1-Electric-Haircut-Grooming-Kit-Rechargeable-Hair-Clipper-Nose-Beard-Hair-Trimmer-Men-Cordless.jpg
251537,https://linhcorner.com/shop/uncategorized/hatteker-professional-hair-clipper-ceramic-blade-waterproof-electric-hair-trimmer-led-display-haircut-machine-for-men/,"HATTEKER Professional Hair Clipper Ceramic Blade Waterproof Electric Hair Trimmer LED Display Haircut Machine for Men",2020/09/HATTEKER-Professional-Hair-Clipper-Ceramic-Blade-Waterproof-Electric-Hair-Trimmer-LED-Display-Haircut-Machine-for-Men.jpg
251544,https://linhcorner.com/shop/uncategorized/replacement-original-stainless-steel-head-hair-clipper-blade-for-hair-trimmer-kairui-hc001-hc-001-razor/,"Replacement original stainless steel head hair clipper blade for hair trimmer KAIRUI HC001 HC-001 Razor",2020/09/Replacement-original-stainless-steel-head-hair-clipper-blade-for-hair-trimmer-KAIRUI-HC001-HC-001-Razor.jpg
251555,https://linhcorner.com/shop/uncategorized/xiaomi-enchen-sharp-ec-712-mens-electric-hair-trimmer-usb-rechargeable-hair-clipper-hair-cutter-for-men-adult-razor/,"Xiaomi ENCHEN Sharp EC-712 Men's Electric Hair Trimmer USB Rechargeable Hair Clipper Hair Cutter for Men Adult Razor",2020/09/Xiaomi-ENCHEN-Sharp-EC-712-Men-s-Electric-Hair-Trimmer-USB-Rechargeable-Hair-Clipper-Hair-Cutter.jpg
251571,https://linhcorner.com/shop/uncategorized/riwa-professional-replaceable-titanium-ceramic-blade-head-for-hair-clipper-hair-trimmer-x9-rc229h/,"Riwa Professional Replaceable Titanium ceramic Blade Head For Hair Clipper Hair Trimmer X9 &amp; RC229H",2020/09/Riwa-Professional-Replaceable-Titanium-ceramic-Blade-Head-For-Hair-Clipper-Hair-Trimmer-X9-RC229H.jpeg
251573,https://linhcorner.com/shop/uncategorized/white-hair-clipper-trimmer-blade-fit-panasonic-er132-er131-er1411-er1420-er1421-er1422-er1410-er504-er508-er509-er506-er431/,"White Hair Clipper Trimmer Blade Fit Panasonic ER132 ER131 ER1411 ER1420 ER1421 ER1422 ER1410 ER504 ER508 ER509 ER506 ER431",2020/09/White-Hair-Clipper-Trimmer-Blade-Fit-Panasonic-ER132-ER131-ER1411-ER1420-ER1421-ER1422-ER1410-ER504-ER508.jpg
251600,https://linhcorner.com/shop/uncategorized/replacement-movable-blade-professional-hair-clipper-blade-carton-steel-accessories-golden-for-choice-golden-screws-hair-trimmer/,"Replacement Movable Blade Professional Hair Clipper Blade Carton Steel Accessories Golden For Choice Golden Screws Hair Trimmer",2020/09/Replacement-Movable-Blade-Professional-Hair-Clipper-Blade-Carton-Steel-Accessories-Golden-For-Choice-Golden-Screws-Hair.jpg
251617,https://linhcorner.com/shop/uncategorized/aikin-riwa-hair-clipper-re-6305-original-blade-hair-trimmer-cutting-head-riwa-brand-accessories-x9-re-6501t-re-750c-head-blade/,"AIKIN Riwa Hair Clipper RE-6305 Original Blade Hair Trimmer Cutting Head RIWA Brand Accessories X9 RE-6501T RE-750C Head Blade",2020/09/AIKIN-Riwa-Hair-Clipper-RE-6305-Original-Blade-Hair-Trimmer-Cutting-Head-RIWA-Brand-Accessories-X9.jpg
251622,https://linhcorner.com/shop/uncategorized/kemei-hair-clipper-professional-hair-trimmer-men-beard-shaver-electric-hair-clipper-lcd-monitor-0-mm-bald-beard-trimmer-4/,"Kemei hair clipper professional hair trimmer men beard shaver electric hair clipper LCD monitor 0 mm bald beard trimmer 4",2020/09/Kemei-hair-clipper-professional-hair-trimmer-men-beard-shaver-electric-hair-clipper-LCD-monitor-0-mm.jpg
251631,https://linhcorner.com/shop/uncategorized/surker-sk-805-professional-rechargeable-with-lcd-display-hair-clipper-cordless-trimmer-haircut-stainless-steel-blade-shaving/,"SURKER SK-805 Professional Rechargeable With LCD Display Hair Clipper Cordless Trimmer Haircut Stainless steel Blade Shaving",2020/09/SURKER-SK-805-Professional-Rechargeable-With-LCD-Display-Hair-Clipper-Cordless-Trimmer-Haircut-Stainless-steel-Blade.jpg
251633,https://linhcorner.com/shop/uncategorized/hair-clipper-replacement-blade-trimmer-fit-panasonic-er-gc50-er-gc70-er-ca35-er-ca65-er-ca70-er5210-er5204-er5205-er5208-er-gq25/,"Hair Clipper Replacement Blade Trimmer Fit Panasonic ER-GC50 ER-GC70 ER-CA35 ER-CA65 ER-CA70 ER5210 ER5204 ER5205 ER5208 ER-GQ25",2020/09/Hair-Clipper-Replacement-Blade-Trimmer-Fit-Panasonic-ER-GC50-ER-GC70-ER-CA35-ER-CA65-ER.jpg
251680,https://linhcorner.com/shop/uncategorized/surker-professional-hair-clipper-electric-men-hair-trimmer-vintage-hair-style-haircut-machine-1-9m-cord-barber-clippers/,"Surker Professional Hair Clipper Electric Men Hair Trimmer Vintage Hair style Haircut Machine 1.9M Cord Barber Clippers",2020/09/Surker-Professional-Hair-Clipper-Electric-Men-Hair-Trimmer-Vintage-Hair-style-Haircut-Machine-1-9M-Cord.jpg
251683,https://linhcorner.com/shop/uncategorized/enchen-hair-cutter-machine-for-men-baby-adults-kids-barber-cordless-electric-hair-clipper-trimmer-professional-rechargeable/,"ENCHEN Hair Cutter Machine For Men Baby Adults Kids Barber Cordless Electric Hair Clipper Trimmer Professional Rechargeable",2020/09/ENCHEN-Hair-Cutter-Machine-For-Men-Baby-Adults-Kids-Barber-Cordless-Electric-Hair-Clipper-Trimmer-Professional.jpg
251690,https://linhcorner.com/shop/uncategorized/new-10pcs-set-hair-clipper-combs-guide-kit-multi-color-plastic-hair-trimmer-guards-attachments-3-25mm-universal-hair-salon-tools-2/,"New 10PCS/Set Hair Clipper Combs Guide Kit Multi-color Plastic Hair Trimmer Guards Attachments 3-25mm Universal Hair Salon Tools",2020/09/New-10PCS-Set-Hair-Clipper-Combs-Guide-Kit-Multi-color-Plastic-Hair-Trimmer-Guards-Attachments-3-6.jpg
251697,https://linhcorner.com/shop/uncategorized/professional-barber-hair-clipper-men-rechargeable-powerful-hair-trimmer-haircut-electric-lcd-hair-cutting-machine-adults-kids-49/,"Professional Barber Hair Clipper Men Rechargeable Powerful Hair Trimmer Haircut Electric LCD Hair Cutting Machine Adults Kids 49",2020/09/Professional-Barber-Hair-Clipper-Men-Rechargeable-Powerful-Hair-Trimmer-Haircut-Electric-LCD-Hair-Cutting-Machine-Adults.jpg
251705,https://linhcorner.com/shop/uncategorized/xiaomi-mijia-showsee-electric-hair-clipper-wireless-hair-cutting-trimmer-barber-professional-cutter-ceramic-blade-trimer-for-men/,"XIAOMI MIJIA ShowSee Electric Hair Clipper Wireless hair cutting trimmer barber professional cutter Ceramic blade trimer for men",2020/09/XIAOMI-MIJIA-ShowSee-Electric-Hair-Clipper-Wireless-hair-cutting-trimmer-barber-professional-cutter-Ceramic-blade-trimer.jpg
251758,https://linhcorner.com/shop/uncategorized/2020-wmark-new-model-ng-108-rechargeable-hair-clipper-transparent-cover-white-or-red-base-2200-battery-7300rpm/,"2020 WMARK new model NG-108 rechargeable hair clipper Transparent cover white or red base 2200 battery 7300rpm",2020/09/2020-WMARK-new-model-NG-108-rechargeable-hair-clipper-Transparent-cover-white-or-red-base-2200.jpg
251760,https://linhcorner.com/shop/uncategorized/portable-electric-cordless-hair-trimmer-cutting-machine-multi-functional-nose-ear-clipper-head-precision-trimer-eyebrow-shaver/,"Portable Electric Cordless Hair Trimmer Cutting Machine Multi functional Nose Ear Clipper Head Precision Trimer Eyebrow Shaver",2020/09/Portable-Electric-Cordless-Hair-Trimmer-Cutting-Machine-Multi-functional-Nose-Ear-Clipper-Head-Precision-Trimer-Eyebrow.jpg
251775,https://linhcorner.com/shop/uncategorized/kemei-km-1971-pro-li-t-outliner-skeleton-heavy-hitter-cordless-trimmer-men-0mm-baldheaded-hair-clipper-hair-cutting-machine/,"Kemei KM-1971 Pro Li T-Outliner Skeleton Heavy Hitter Cordless Trimmer Men 0mm Baldheaded Hair Clipper Hair Cutting Machine",2020/09/Kemei-KM-1971-Pro-Li-T-Outliner-Skeleton-Heavy-Hitter-Cordless-Trimmer-Men-0mm-Baldheaded-Hair.jpg
251792,https://linhcorner.com/shop/uncategorized/electric-hair-clipper-housing-cover-hair-trimmer-cover-replacement-accessory-fit-for-8591-8148-cover/,"Electric Hair Clipper Housing Cover Hair Trimmer Cover Replacement Accessory Fit for 8591 8148 Cover",2020/09/Electric-Hair-Clipper-Housing-Cover-Hair-Trimmer-Cover-Replacement-Accessory-Fit-for-8591-8148-Cover.jpg
251804,https://linhcorner.com/shop/uncategorized/enchen-boost-electric-hair-clipper-professional-cordless-rechargeable-ceramic-hair-cutter-machine-trimmer-for-men-two-speed/,"ENCHEN Boost Electric Hair Clipper Professional Cordless Rechargeable Ceramic Hair Cutter Machine Trimmer For Men Two Speed",2020/09/ENCHEN-Boost-Electric-Hair-Clipper-Professional-Cordless-Rechargeable-Ceramic-Hair-Cutter-Machine-Trimmer-For-Men-Two.jpg
251809,https://linhcorner.com/shop/uncategorized/hair-cliipper-replacement-blade-for-philips-hc3400-hc3410-hc3420-hc3422-hc3426-hc5410-hc5440-hc5442-hc5446-hc5450-hc7450-hc7438/,"Hair Cliipper Replacement Blade For Philips HC3400 HC3410 HC3420 HC3422 HC3426 HC5410 HC5440 HC5442 HC5446  HC5450 HC7450 HC7438",2020/09/Hair-Cliipper-Replacement-Blade-For-Philips-HC3400-HC3410-HC3420-HC3422-HC3426-HC5410-HC5440-HC5442-HC5446-HC5450.jpg
251819,https://linhcorner.com/shop/uncategorized/lcd-digital-hair-trimmer-adjustable-ceramic-blade-men-haircut-shear-rfc-688b-nose-ear-hair-remover-precision-eyebrow-clipper/,"LCD Digital Hair Trimmer Adjustable Ceramic Blade Men Haircut Shear RFC-688B Nose Ear Hair Remover Precision Eyebrow Clipper",2020/09/LCD-Digital-Hair-Trimmer-Adjustable-Ceramic-Blade-Men-Haircut-Shear-RFC-688B-Nose-Ear-Hair-Remover.jpg
251822,https://linhcorner.com/shop/uncategorized/professional-men-hair-clippers-cordless-t-blade-beard-trimmer-usb-rechargeable-hair-cutting-machine-pro-li-outliner-shaver-razor/,"Professional Men Hair Clippers Cordless T-Blade Beard Trimmer USB Rechargeable Hair Cutting Machine Pro Li Outliner Shaver razor",2020/09/Professional-Men-Hair-Clippers-Cordless-T-Blade-Beard-Trimmer-USB-Rechargeable-Hair-Cutting-Machine-Pro-Li.jpg
251832,https://linhcorner.com/shop/uncategorized/hair-clipper-guide-comb-beard-trimmer-comb-3-21mm-razor-attachment-tools-for-philips-qc5130-05-15-20-25-35-adjustable/,"Hair Clipper Guide Comb Beard Trimmer Comb 3-21mm Razor Attachment Tools for Philips QC5130 / 05/15/20/25/35 Adjustable",2020/09/Hair-Clipper-Guide-Comb-Beard-Trimmer-Comb-3-21mm-Razor-Attachment-Tools-for-Philips-QC5130-05.jpg
251849,https://linhcorner.com/shop/uncategorized/barber-professional-hair-trimmer-mens-electric-hair-clipper-cordless-clippers-rechargeable-trimmers-corner-razor-beard-cutter/,"Barber Professional Hair Trimmer Men's Electric Hair Clipper Cordless Clippers Rechargeable Trimmers Corner Razor Beard Cutter",2020/09/Barber-Professional-Hair-Trimmer-Men-s-Electric-Hair-Clipper-Cordless-Clippers-Rechargeable-Trimmers-Corner-Razor-Beard.jpg
251850,https://linhcorner.com/shop/uncategorized/electric-hair-clipper-rechargeable-shaver-beard-trimmer-professional-hair-trimmer-cordless-men-hair-cutting-machine-beard-razor/,"Electric Hair Clipper Rechargeable Shaver Beard trimmer Professional Hair Trimmer Cordless Men Hair Cutting Machine Beard razor",2020/09/Electric-Hair-Clipper-Rechargeable-Shaver-Beard-trimmer-Professional-Hair-Trimmer-Cordless-Men-Hair-Cutting-Machine-Beard-6.jpg
251883,https://linhcorner.com/shop/uncategorized/xiaomi-enchen-sharp3s-mens-electric-hair-clipper-usb-rechargeable-professional-hair-trimmer-hair-cutter-for-men-adult-razor/,"Xiaomi ENCHEN Sharp3S Men's Electric Hair Clipper USB Rechargeable Professional Hair Trimmer Hair Cutter for Men Adult Razor",2020/09/Xiaomi-ENCHEN-Sharp3S-Men-s-Electric-Hair-Clipper-USB-Rechargeable-Professional-Hair-Trimmer-Hair-Cutter-for.jpg
251907,https://linhcorner.com/shop/uncategorized/usb-rechargeable-bald-head-hair-clipper-trimmer-t-outliner-skeleton-heavy-hitter-shaving-cordless-hair-cutter-1-mm-t-blade-head/,"USB Rechargeable Bald Head Hair Clipper Trimmer T-Outliner Skeleton Heavy Hitter Shaving Cordless Hair Cutter 1 mm T Blade Head",2020/09/USB-Rechargeable-Bald-Head-Hair-Clipper-Trimmer-T-Outliner-Skeleton-Heavy-Hitter-Shaving-Cordless-Hair-Cutter.jpg
251953,https://linhcorner.com/shop/uncategorized/0-1mm-cliper-out-liner-kimei-edge-detailing-keimei-kemey-small-hear-trimmer-kmei-hair-mini-outline-cut-kemel-heare-cutting-kamei/,"0.1mm Cliper Out Liner Kimei Edge Detailing Keimei Kemey Small Hear Trimmer Kmei Hair Mini Outline Cut Kemel Heare Cutting Kamei",2020/09/0-1mm-Cliper-Out-Liner-Kimei-Edge-Detailing-Keimei-Kemey-Small-Hear-Trimmer-Kmei-Hair-Mini-scaled.jpg
252022,https://linhcorner.com/shop/uncategorized/enchen-sharp3-hairdresser-electric-hair-clipper-barber-professional-rechargeable-cordless-hair-trimmer-for-men-adult-children/,"ENCHEN Sharp3 Hairdresser Electric Hair Clipper Barber Professional Rechargeable Cordless Hair Trimmer For Men Adult Children",2020/09/ENCHEN-Sharp3-Hairdresser-Electric-Hair-Clipper-Barber-Professional-Rechargeable-Cordless-Hair-Trimmer-For-Men-Adult-Children.jpg
252042,https://linhcorner.com/shop/uncategorized/white-black-ceramic-knife-electric-hair-clipper-blade-trimmer-titanium-head-for-938-x7-chc-961-968-969-980/,"White Black Ceramic Knife Electric Hair Clipper Blade Trimmer Titanium Head for 938 X7 CHC-961 968 969 980",2020/09/White-Black-Ceramic-Knife-Electric-Hair-Clipper-Blade-Trimmer-Titanium-Head-for-938-X7-CHC-961.jpg
252059,https://linhcorner.com/shop/uncategorized/1pc-hair-cutting-blade-razor-barber-trimmer-remover-cutter-razor-barber-styling-hair-cutting-remover-unisex-manual-clipper/,"1Pc Hair Cutting Blade Razor Barber Trimmer Remover Cutter Razor Barber Styling Hair Cutting Remover Unisex Manual Clipper",2020/09/1Pc-Hair-Cutting-Blade-Razor-Barber-Trimmer-Remover-Cutter-Razor-Barber-Styling-Hair-Cutting-Remover-Unisex.jpg
252069,https://linhcorner.com/shop/uncategorized/mens-electric-beard-trimmer-dragon-buddha-hair-clipper-barber-hair-cutting-machine-professional-d8-blade-haircut-hairdresser/,"men's electric beard trimmer Dragon Buddha hair clipper barber hair cutting machine Professional d8 blade haircut Hairdresser",2020/09/men-s-electric-beard-trimmer-Dragon-Buddha-hair-clipper-barber-hair-cutting-machine-Professional-d8-blade.jpg
252108,https://linhcorner.com/shop/uncategorized/riwa-professional-hair-clipper-cordless-hair-grooming-kit-wet-dry-rechargeable-mens-hair-trimmer-shaver-haircut-machine-re-750a/,"Riwa Professional Hair Clipper Cordless Hair Grooming Kit Wet/Dry Rechargeable Men's Hair Trimmer Shaver Haircut Machine RE-750A",2020/09/Riwa-Professional-Hair-Clipper-Cordless-Hair-Grooming-Kit-Wet-Dry-Rechargeable-Men-s-Hair-Trimmer-Shaver.jpg
252122,https://linhcorner.com/shop/uncategorized/kemei-rechargeable-hair-clipper-electric-cutter-hair-cutting-machine-haircut-tool-barber-professional-beard-trimmer-clipper-men/,"Kemei Rechargeable Hair Clipper Electric Cutter Hair Cutting Machine Haircut Tool  Barber Professional Beard Trimmer Clipper Men",2020/09/Kemei-Rechargeable-Hair-Clipper-Electric-Cutter-Hair-Cutting-Machine-Haircut-Tool-Barber-Professional-Beard-Trimmer-Clipper.jpg
252166,https://linhcorner.com/shop/uncategorized/new-beard-clipper-comb-for-philips-hc3410-hc3420-hc3422-hc3426-hc5410-hc5440-hc5450-hc5442-hc7450-7452-attachment-beard-trimmer/,"NEW Beard Clipper Comb For Philips HC3410 HC3420 HC3422 HC3426 HC5410 HC5440 HC5450 HC5442 HC7450 7452 ATTACHMENT BEARD Trimmer",2020/09/NEW-Beard-Clipper-Comb-For-Philips-HC3410-HC3420-HC3422-HC3426-HC5410-HC5440-HC5450-HC5442-HC7450-7452.jpg
252171,https://linhcorner.com/shop/uncategorized/kemei-hair-trimmers-kit-nose-trimmer-hair-clippers-set-eye-brow-beard-shaver-electric-face-shaver-nose-ear-moustache-trimmer/,"Kemei Hair Trimmers Kit Nose Trimmer Hair Clippers Set Eye Brow Beard Shaver Electric Face Shaver Nose Ear Moustache Trimmer",2020/09/Kemei-Hair-Trimmers-Kit-Nose-Trimmer-Hair-Clippers-Set-Eye-Brow-Beard-Shaver-Electric-Face-Shaver.jpg
252195,https://linhcorner.com/shop/uncategorized/close-cutting-beard-trimmer-hairdresser-electric-hair-clipper-professional-barber-men-hair-trimmer-hair-cut-0mm-t-blade-machine/,"close-cutting Beard trimmer Hairdresser Electric Hair Clipper Professional Barber Men Hair Trimmer hair cut 0mm t-blade Machine",2020/09/close-cutting-Beard-trimmer-Hairdresser-Electric-Hair-Clipper-Professional-Barber-Men-Hair-Trimmer-hair-cut-0mm.jpg
252215,https://linhcorner.com/shop/uncategorized/enchen-hair-clipper-professional-hair-clipper-childrens-hair-clipper-shaver-belongs-to-the-xiaomi-ecological-chain-product-5/,"ENCHEN hair clipper professional hair clipper children's hair clipper shaver belongs to the Xiaomi ecological chain product 5",2020/09/ENCHEN-hair-clipper-professional-hair-clipper-children-s-hair-clipper-shaver-belongs-to-the-Xiaomi-ecological.jpg
252223,https://linhcorner.com/shop/uncategorized/drop-shipwholesale-electric-hair-trimmer-clipper-mens-shaver-barber-haircut-machine-for-barber-nov-19/,"Drop Ship&amp;Wholesale Electric Hair Trimmer Clipper Men's Shaver Barber Haircut Machine For Barber Nov.19",2020/09/Drop-Ship-Wholesale-Electric-Hair-Trimmer-Clipper-Men-s-Shaver-Barber-Haircut-Machine-For-Barber-Nov.jpg
252239,https://linhcorner.com/shop/uncategorized/golden-movable-blade-professional-hair-clipper-blade-replace-cutter-head-metal-bottom-clipper-blade-accessories/,"Golden Movable Blade Professional Hair Clipper Blade Replace Cutter Head Metal Bottom Clipper Blade Accessories",2020/09/Golden-Movable-Blade-Professional-Hair-Clipper-Blade-Replace-Cutter-Head-Metal-Bottom-Clipper-Blade-Accessories.jpg
252251,https://linhcorner.com/shop/uncategorized/original-dorco-pace-6-blades-razor-for-men-shaver-razor-personal-stainless-steel-safety-men-shaving-razor-blades/,"Original DORCO Pace 6 Blades Razor for Men Shaver Razor Personal Stainless Steel Safety Men Shaving Razor Blades",2020/09/Original-DORCO-Pace-6-Blades-Razor-for-Men-Shaver-Razor-Personal-Stainless-Steel-Safety-Men-Shaving.jpg
252273,https://linhcorner.com/shop/uncategorized/original-charger-power-adapter-for-kairui-hc-001-professional-hair-trimmer-electric-hair-clipper-charger/,"Original Charger Power Adapter for KaiRui HC-001 Professional Hair Trimmer Electric Hair Clipper Charger",2020/09/Original-Charger-Power-Adapter-for-KaiRui-HC-001-Professional-Hair-Trimmer-Electric-Hair-Clipper-Charger.jpg
252320,https://linhcorner.com/shop/uncategorized/usb-rechargeable-hair-trimmer-cordless-barber-carving-hair-clipper-large-power-low-noise-t-outliner-hair-cutting-for-kid-adults/,"USB Rechargeable Hair Trimmer Cordless Barber Carving Hair Clipper Large Power Low Noise T-Outliner Hair Cutting For Kid Adults",2020/09/USB-Rechargeable-Hair-Trimmer-Cordless-Barber-Carving-Hair-Clipper-Large-Power-Low-Noise-T-Outliner-Hair.jpeg
252330,https://linhcorner.com/shop/uncategorized/xiaomi-enchen-humming-bird-professional-hair-trimmer-mens-electric-hair-clipper-usb-rechargeable-hair-cutter-adult-razor/,"Xiaomi ENCHEN Humming Bird Professional Hair Trimmer Men's Electric Hair Clipper USB Rechargeable Hair Cutter Adult Razor",2020/09/Xiaomi-ENCHEN-Humming-Bird-Professional-Hair-Trimmer-Men-s-Electric-Hair-Clipper-USB-Rechargeable-Hair-Cutter.jpg
252334,https://linhcorner.com/shop/uncategorized/8-10pcs-barber-shop-styling-guide-comb-set-transparent-hair-clipper-limit-comb-1-5-3-4-5-6-10-13-16-19-22-25mm-cutting-tool-kit/,"8/10Pcs Barber Shop Styling Guide Comb Set Transparent Hair Clipper Limit Comb 1.5/3/4.5/6/10/13/16/19/22/25MM Cutting Tool Kit",2020/09/8-10Pcs-Barber-Shop-Styling-Guide-Comb-Set-Transparent-Hair-Clipper-Limit-Comb-1-5-3.jpg
252376,https://linhcorner.com/shop/uncategorized/8pcs-universal-hair-clipper-limit-comb-guide-attachment-size-barber-replacement/,"8Pcs Universal Hair Clipper Limit Comb Guide Attachment Size Barber Replacement",2020/09/8Pcs-Universal-Hair-Clipper-Limit-Comb-Guide-Attachment-Size-Barber-Replacement.jpg
252380,https://linhcorner.com/shop/uncategorized/kemei-electric-hair-clipper-small-hair-trimmer-cutting-machine-beard-barber-razor-men-kemel-km-666-km-666-km666-haircut-tools/,"Kemei Electric Hair Clipper Small Hair Trimmer Cutting Machine Beard Barber Razor Men Kemel KM-666 KM 666 KM666 Haircut Tools",2020/09/Kemei-Electric-Hair-Clipper-Small-Hair-Trimmer-Cutting-Machine-Beard-Barber-Razor-Men-Kemel-KM-666.jpg
252389,https://linhcorner.com/shop/uncategorized/electric-hair-clipper-kit-shortcut-self-hair-for-men-bald-head-clipper-beard-hair-trimmer-usb-charging/,"Electric Hair Clipper Kit Shortcut Self-Hair for men Bald Head Clipper Beard Hair Trimmer USB Charging",2020/09/Electric-Hair-Clipper-Kit-Shortcut-Self-Hair-for-men-Bald-Head-Clipper-Beard-Hair-Trimmer-USB.jpg
252408,https://linhcorner.com/shop/uncategorized/original-nozzles-3-6-9-12mm-hair-trimmer-comb-set-for-baorun-938-x6-x7-a8s-p2-p3-p6-p7-p9-s1-hair-clipper-shaving-combs/,"Original Nozzles 3/6/9/12mm Hair Trimmer Comb Set for BAORUN 938/X6/X7/A8S/P2/P3/P6/P7/P9/S1 Hair Clipper Shaving Combs",2020/09/Original-Nozzles-3-6-9-12mm-Hair-Trimmer-Comb-Set-for-BAORUN-938-X6-X7-A8S.jpg
252425,https://linhcorner.com/shop/uncategorized/professional-hair-clipper-beard-trimmer-for-men-barber-0-1mm-baldhead-clippers-hair-cutting-machine-hair-cut-t-blade-trimmer/,"Professional Hair Clipper Beard Trimmer For Men Barber 0.1mm Baldhead Clippers Hair Cutting Machine Hair Cut T blade trimmer",2020/09/Professional-Hair-Clipper-Beard-Trimmer-For-Men-Barber-0-1mm-Baldhead-Clippers-Hair-Cutting-Machine-Hair.jpg
252431,https://linhcorner.com/shop/uncategorized/aikin-htc-5-in-1-multifunction-hair-clipper-kit-professional-hair-trimmer-set-adult-electric-beard-trimmer-hair-cutting-machine/,"AIKIN htc  5 in 1 Multifunction Hair Clipper Kit Professional Hair Trimmer Set Adult Electric Beard Trimmer hair cutting machine",2020/09/AIKIN-htc-5-in-1-Multifunction-Hair-Clipper-Kit-Professional-Hair-Trimmer-Set-Adult-Electric-Beard.jpg
252432,https://linhcorner.com/shop/uncategorized/colorful-guide-comb-multiple-sizes-metal-limited-combs-hair-clipper-cutting-tool-high-quality-and-brand-new/,"Colorful Guide Comb Multiple Sizes Metal Limited Combs Hair Clipper Cutting Tool High Quality and Brand New",2020/09/Colorful-Guide-Comb-Multiple-Sizes-Metal-Limited-Combs-Hair-Clipper-Cutting-Tool-High-Quality-and-Brand.jpg
252436,https://linhcorner.com/shop/uncategorized/top-deals-replacement-blade-for-panasonic-er-gp80er161116101511-main-engine-accessory/,"Top Deals Replacement Blade for Panasonic ER-GP80,ER1611,1610,1511 Main Engine Accessory",2020/09/Top-Deals-Replacement-Blade-for-Panasonic-ER-GP80-ER1611-1610-1511-Main-Engine-Accessory.jpg
252440,https://linhcorner.com/shop/uncategorized/hair-clipper-guide-comb-3-21mm-electric-trimmer-comb-for-philips-qc5010-qc5050/,"Hair Clipper Guide Comb 3-21mm Electric Trimmer Comb For Philips QC5010 QC5050",2020/09/Hair-Clipper-Guide-Comb-3-21mm-Electric-Trimmer-Comb-For-Philips-QC5010-QC5050.jpg
252442,https://linhcorner.com/shop/uncategorized/hatteker-3in1-professional-hair-clipper-waterproof-hair-trimmer-men-grooming-kit-ceramic-blade-male-led-display-haircut-machine/,"HATTEKER 3in1 Professional Hair Clipper Waterproof Hair Trimmer Men grooming kit Ceramic Blade Male LED Display Haircut Machine",2020/09/HATTEKER-3in1-Professional-Hair-Clipper-Waterproof-Hair-Trimmer-Men-grooming-kit-Ceramic-Blade-Male-LED-Display.jpg
252484,https://linhcorner.com/shop/uncategorized/hair-trimmer-barber-clippers-kemei-km-2850-pg-hair-clipper-rechargeable-haircut-hair-machine-lcd-display-oilhead-clipper/,"Hair Trimmer Barber Clippers Kemei KM-2850 PG Hair Clipper Rechargeable Haircut Hair Machine LCD Display Oilhead Clipper",2020/09/Hair-Trimmer-Barber-Clippers-Kemei-KM-2850-PG-Hair-Clipper-Rechargeable-Haircut-Hair-Machine-LCD-Display.jpg
252496,https://linhcorner.com/shop/uncategorized/110-240v-fast-charging-hair-trimmer-low-noise-strong-haircutting-household-scissors-razor-clipper-with-steel-blade-limit-guide/,"110-240V Fast Charging Hair Trimmer Low Noise Strong Haircutting Household Scissors Razor Clipper with Steel Blade Limit Guide",2020/09/110-240V-Fast-Charging-Hair-Trimmer-Low-Noise-Strong-Haircutting-Household-Scissors-Razor-Clipper-with-Steel.jpg
252503,https://linhcorner.com/shop/uncategorized/original-codos-ceramic-cutter-knife-pet-dog-hair-trimmer-blade-clipper-head-for-for-cp6800-cp8000-cp9600-t8-chc968-chc980/,"Original Codos Ceramic Cutter Knife Pet Dog Hair Trimmer Blade Clipper Head for for CP6800 CP8000 CP9600 T8 CHC968 CHC980",2020/09/Original-Codos-Ceramic-Cutter-Knife-Pet-Dog-Hair-Trimmer-Blade-Clipper-Head-for-for-CP6800-CP8000.jpg
252506,https://linhcorner.com/shop/uncategorized/high-quality-electric-hair-trimmer-length-adjustable-hair-clipper-rechargeable-hair-cutting-machine-haircut-trimmer-waterproof/,"High Quality Electric Hair Trimmer Length Adjustable Hair Clipper Rechargeable Hair Cutting Machine Haircut Trimmer Waterproof !",2020/09/High-Quality-Electric-Hair-Trimmer-Length-Adjustable-Hair-Clipper-Rechargeable-Hair-Cutting-Machine-Haircut-Trimmer-Waterproof.jpg
252521,https://linhcorner.com/shop/uncategorized/barber-professional-hair-trimmer-beard-car-hair-clipper-men-trimer-hair-cutter-electric-hair-cutting-machine-haircut-razor-edge/,"Barber Professional hair trimmer beard car hair clipper men trimer hair cutter electric hair cutting machine haircut razor edge",2020/09/Barber-Professional-hair-trimmer-beard-car-hair-clipper-men-trimer-hair-cutter-electric-hair-cutting-machine.jpg
252561,https://linhcorner.com/shop/uncategorized/manual-hair-trimmer-multifunctional-hairdressing-comb-curler-fine-hair-temples-trimmer-cutter-mannen-haircut-baard-hair-clipper/,"Manual Hair Trimmer Multifunctional Hairdressing Comb Curler fine hair Temples Trimmer Cutter Mannen Haircut Baard Hair Clipper",2020/09/Manual-Hair-Trimmer-Multifunctional-Hairdressing-Comb-Curler-fine-hair-Temples-Trimmer-Cutter-Mannen-Haircut-Baard-Hair.jpg
252569,https://linhcorner.com/shop/uncategorized/professional-electric-hair-clipper-razor-child-baby-men-shaver-hair-trimmer-waterproof-cutting-machine-to-haircut-hair-hc001/,"Professional Electric Hair Clipper Razor Child Baby Men Shaver Hair Trimmer Waterproof Cutting Machine To Haircut Hair HC001",2020/09/Professional-Electric-Hair-Clipper-Razor-Child-Baby-Men-Shaver-Hair-Trimmer-Waterproof-Cutting-Machine-To-Haircut.jpg
252574,https://linhcorner.com/shop/uncategorized/original-nozzles-3-6-9-12-15mm-thinner-hair-trimmer-limit-comb-set-for-baorun-x6-x7-p2-p3-p6-p9-s1-a8-hair-clipper-shaving-combs/,"Original Nozzles 3/6/9/12/15mm Thinner Hair Trimmer Limit Comb Set for BaoRun X6/X7/P2/P3/P6/P9/S1/A8 Hair Clipper Shaving Combs",2020/09/Original-Nozzles-3-6-9-12-15mm-Thinner-Hair-Trimmer-Limit-Comb-Set-for-BaoRun-X6.jpg
252590,https://linhcorner.com/shop/uncategorized/beard-hair-clipper-kits-multi-functional-electric-beard-trimmer-all-in-1-usb-rechargeable-grooming-kit-uk-plug-uk-shipping/,"Beard Hair Clipper Kits Multi-Functional Electric Beard Trimmer All-In-1 USB Rechargeable Grooming Kit UK Plug UK Shipping",2020/09/Beard-Hair-Clipper-Kits-Multi-Functional-Electric-Beard-Trimmer-All-In-1-USB-Rechargeable-Grooming-Kit.jpg
252592,https://linhcorner.com/shop/uncategorized/black-hair-clipper-trimmer-cutter-blade-fit-panasonic-er132-er131-er1411-er1420-er1421-er1422-er1410-er504-er508-er509-er506/,"Black Hair Clipper Trimmer/Cutter Blade Fit Panasonic ER132 ER131  ER1411 ER1420 ER1421 ER1422 ER1410 ER504 ER508 ER509 ER506",2020/09/Black-Hair-Clipper-Trimmer-Cutter-Blade-Fit-Panasonic-ER132-ER131-ER1411-ER1420-ER1421-ER1422-ER1410-ER504.jpg
252614,https://linhcorner.com/shop/uncategorized/mens-electric-hair-clippers-clippers-cordless-clippers-adult-razors-professional-trimmers-corner-razor-hairdresse-xiaomi-enchen/,"Men's Electric Hair Clippers Clippers Cordless Clippers Adult Razors Professional Trimmers Corner Razor Hairdresse XiaoMi ENCHEN",2020/09/Men-s-Electric-Hair-Clippers-Clippers-Cordless-Clippers-Adult-Razors-Professional-Trimmers-Corner-Razor-Hairdresse-XiaoMi.jpg
252620,https://linhcorner.com/shop/uncategorized/25w-professional-electric-hair-trimmer-rechargeable-hair-clipper-haircut-beard-trimmer-razor-for-adult-men-led-display-220v-110v/,"25w Professional Electric Hair Trimmer Rechargeable Hair Clipper Haircut Beard Trimmer Razor for Adult Men LED Display 220V/110V",2020/09/25w-Professional-Electric-Hair-Trimmer-Rechargeable-Hair-Clipper-Haircut-Beard-Trimmer-Razor-for-Adult-Men-LED.jpg
252624,https://linhcorner.com/shop/uncategorized/barber-hair-clipper-trimmer-professional-haircut-hair-cutting-machine-for-men-cordless-beard-trimmer-electric-clippers-tondeuse/,"Barber Hair clipper trimmer professional haircut hair cutting machine for men cordless beard trimmer electric clippers tondeuse",2020/09/Barber-Hair-clipper-trimmer-professional-haircut-hair-cutting-machine-for-men-cordless-beard-trimmer-electric-clippers.jpg
252637,https://linhcorner.com/shop/uncategorized/professional-electric-hair-clipper-trimmer-baby-children-men-beard-hair-trimmer-shaver-razor-fast-charge-hair-cutting-machine-35/,"Professional Electric Hair Clipper Trimmer Baby Children Men Beard Hair Trimmer Shaver Razor Fast Charge Hair Cutting Machine 35",2020/09/Professional-Electric-Hair-Clipper-Trimmer-Baby-Children-Men-Beard-Hair-Trimmer-Shaver-Razor-Fast-Charge-Hair.jpg
252642,https://linhcorner.com/shop/uncategorized/professional-length-adjustable-hair-clipper-rechargeable-hair-cutting-machine-haircut-trimmer-waterproof/,"Professional  Length Adjustable Hair Clipper Rechargeable Hair Cutting Machine Haircut Trimmer Waterproof !",2020/09/Professional-Length-Adjustable-Hair-Clipper-Rechargeable-Hair-Cutting-Machine-Haircut-Trimmer-Waterproof.jpg
252650,https://linhcorner.com/shop/uncategorized/led-cordless-hair-clipper-usb-electric-hair-trimmer-shaver-trimmer-0mm-men-haircut-baldheaded-hair-cutting-razor-barber-machine/,"LED Cordless Hair Clipper USB Electric Hair Trimmer Shaver Trimmer 0mm Men Haircut Baldheaded Hair Cutting razor Barber Machine",2020/09/LED-Cordless-Hair-Clipper-USB-Electric-Hair-Trimmer-Shaver-Trimmer-0mm-Men-Haircut-Baldheaded-Hair-Cutting.jpg
252676,https://linhcorner.com/shop/uncategorized/hair-trimmer-cutter-fit-panasonic-er-gc50-er-gc70-er-ca35-er-ca65-er-ca70-er5210-er5204-er5205-er5208-er5209-er510-hair-clipper/,"Hair Trimmer/Cutter Fit Panasonic ER-GC50 ER-GC70 ER-CA35 ER-CA65 ER-CA70 ER5210 ER5204 ER5205 ER5208 ER5209 ER510 Hair Clipper",2020/09/Hair-Trimmer-Cutter-Fit-Panasonic-ER-GC50-ER-GC70-ER-CA35-ER-CA65-ER-CA70-ER5210.jpg
252681,https://linhcorner.com/shop/uncategorized/new-washable-electric-hair-clipper-rechargeable-razor-for-men-baby-hc001-cordless-beard-trimmer-shaver-hair-cutting-machine-220v/,"New Washable Electric Hair Clipper Rechargeable Razor for Men Baby HC001 Cordless Beard Trimmer Shaver Hair Cutting Machine 220V",2020/09/New-Washable-Electric-Hair-Clipper-Rechargeable-Razor-for-Men-Baby-HC001-Cordless-Beard-Trimmer-Shaver-Hair.jpg
252685,https://linhcorner.com/shop/uncategorized/8pcs-professional-cutting-guide-comb-for-wahl-with-metal-clip-set/,"8pcs Professional Cutting Guide Comb for Wahl with Metal Clip Set",2020/09/8pcs-Professional-Cutting-Guide-Comb-for-Wahl-with-Metal-Clip-Set.jpg
252697,https://linhcorner.com/shop/uncategorized/lithium-battery-titanium-ceramic-blade-hair-clipper-rechargeable-hair-trimmer-hair-cutting-machine-style-tools/,"lithium battery titanium ceramic blade hair clipper Rechargeable Hair Trimmer hair cutting machine style Tools",2020/09/lithium-battery-titanium-ceramic-blade-hair-clipper-Rechargeable-Hair-Trimmer-hair-cutting-machine-style-Tools.jpg
252703,https://linhcorner.com/shop/uncategorized/kemei-professional-hair-clipper-electric-hair-trimmer-powerful-hair-shaving-machine-hair-cutting-beard-electric-razor-km-2600/,"Kemei professional hair clipper electric hair trimmer powerful hair shaving machine hair cutting beard electric razor KM 2600",2020/09/Kemei-professional-hair-clipper-electric-hair-trimmer-powerful-hair-shaving-machine-hair-cutting-beard-electric-razor.jpg
252709,https://linhcorner.com/shop/uncategorized/electric-hair-clipper-mens-t-outliner-trimmer-0mm-baldheaded-shaving-cordless-professional-finish-precise-hair-cutting-machine/,"Electric Hair Clipper Men's T-Outliner Trimmer 0mm Baldheaded Shaving Cordless Professional Finish Precise Hair Cutting Machine",2020/09/Electric-Hair-Clipper-Men-s-T-Outliner-Trimmer-0mm-Baldheaded-Shaving-Cordless-Professional-Finish-Precise-Hair.jpeg
252725,https://linhcorner.com/shop/uncategorized/surker-electric-hair-clipper-2-in-1-razor-rechargeable-trims-shaver-haircut-machine-barber-clippers-usb/,"SURKER Electric Hair Clipper 2 in 1 Razor Rechargeable Trims Shaver Haircut Machine Barber Clippers USB",2020/09/SURKER-Electric-Hair-Clipper-2-in-1-Razor-Rechargeable-Trims-Shaver-Haircut-Machine-Barber-Clippers-USB.jpg
252747,https://linhcorner.com/shop/uncategorized/split-hair-trimmers/,"Split Hair Trimmers",2020/09/Split-Hair-Trimmers.jpg
252751,https://linhcorner.com/shop/uncategorized/trimmer-professional-hair-clipper-titanium-ceramic-blade-hair-cutting-machine-beard-trimmer-haircut-men-clipper/,"Trimmer Professional Hair Clipper Titanium Ceramic Blade Hair Cutting Machine Beard Trimmer Haircut Men Clipper",2020/09/Trimmer-Professional-Hair-Clipper-Titanium-Ceramic-Blade-Hair-Cutting-Machine-Beard-Trimmer-Haircut-Men-Clipper.jpg
252760,https://linhcorner.com/shop/uncategorized/electric-hair-trimmer-clipper-men-professional-digital-beard-trimer-body-face-hair-clippers-adult-cordless-hair-cutting-machine/,"Electric Hair Trimmer Clipper Men Professional Digital Beard Trimer Body Face Hair Clippers Adult Cordless Hair Cutting Machine",2020/09/Electric-Hair-Trimmer-Clipper-Men-Professional-Digital-Beard-Trimer-Body-Face-Hair-Clippers-Adult-Cordless-Hair.jpg
252765,https://linhcorner.com/shop/uncategorized/hatteker-5-in-1-electric-hair-trimmer-hot-sale-professional-hair-clipper-usb-charging-beard-nose-trimer-men-haircut-machine/,"HATTEKER 5 in 1 Electric Hair Trimmer Hot sale Professional Hair Clipper USB Charging Beard Nose Trimer Men Haircut Machine",2020/09/HATTEKER-5-in-1-Electric-Hair-Trimmer-Hot-sale-Professional-Hair-Clipper-USB-Charging-Beard-Nose.jpg
252790,https://linhcorner.com/shop/uncategorized/hair-trimmer-12-in-1-multi-function-adult-children-household-professional-hair-trimmers-usb-rechargeable-waterproof-hair-trimmer/,"Hair Trimmer 12-In-1 Multi-Function Adult Children Household Professional Hair Trimmers USB Rechargeable Waterproof Hair Trimmer",2020/09/Hair-Trimmer-12-In-1-Multi-Function-Adult-Children-Household-Professional-Hair-Trimmers-USB-Rechargeable-Waterproof.jpg
252805,https://linhcorner.com/shop/uncategorized/xiaomi-enchen-boost-hair-trimmer-mens-electric-hair-clipper-usb-rechargeable-professional-hair-cutter-for-men-adult-razor/,"Xiaomi ENCHEN Boost Hair Trimmer Men's Electric Hair Clipper USB Rechargeable Professional Hair Cutter for Men Adult Razor",2020/09/Xiaomi-ENCHEN-Boost-Hair-Trimmer-Men-s-Electric-Hair-Clipper-USB-Rechargeable-Professional-Hair-Cutter-for.jpg
252808,https://linhcorner.com/shop/uncategorized/xiaomi-goodman-electric-hair-trimmer-for-men-professional-hair-clipper-usb-rechargeable-hair-cutter-for-men-adult-razor/,"Xiaomi GOODMAN Electric Hair Trimmer for Men Professional Hair Clipper USB Rechargeable Hair Cutter for Men Adult Razor",2020/09/Xiaomi-GOODMAN-Electric-Hair-Trimmer-for-Men-Professional-Hair-Clipper-USB-Rechargeable-Hair-Cutter-for-Men.jpg
252816,https://linhcorner.com/shop/uncategorized/barber-professional-hair-clipper-hair-trimmer-beard-hair-trimer-for-men-diy-cutter-electric-haircut-machine-with-limit-combs/,"Barber Professional Hair Clipper Hair Trimmer Beard Hair Trimer for Men DIY Cutter Electric Haircut Machine with Limit Combs",2020/09/Barber-Professional-Hair-Clipper-Hair-Trimmer-Beard-Hair-Trimer-for-Men-DIY-Cutter-Electric-Haircut-Machine.jpg
252819,https://linhcorner.com/shop/uncategorized/enchen-barber-hair-cutting-machine-professional-kit-rechargeable-cordless-electric-hair-clipper-trimmer-for-men-self-haircut/,"ENCHEN Barber Hair Cutting Machine Professional Kit Rechargeable Cordless Electric Hair Clipper Trimmer For Men Self Haircut",2020/09/ENCHEN-Barber-Hair-Cutting-Machine-Professional-Kit-Rechargeable-Cordless-Electric-Hair-Clipper-Trimmer-For-Men-Self.jpg
252831,https://linhcorner.com/shop/uncategorized/2020-newest-kemei-hair-trimmer-cordless-hair-cutter-barber-clipper-4-lever-blade-adjustment-lcd-display-beard-trimer-km-2010-pro/,"2020 Newest Kemei Hair Trimmer Cordless Hair Cutter Barber Clipper 4 Lever Blade Adjustment LCD Display Beard Trimer KM-2010 Pro",2020/09/2020-Newest-Kemei-Hair-Trimmer-Cordless-Hair-Cutter-Barber-Clipper-4-Lever-Blade-Adjustment-LCD-Display.jpg
252842,https://linhcorner.com/shop/uncategorized/kemei-hair-clipper-mens-beard-shaver-electric-hair-clipper-hair-trimmer-nose-trimmer-multifunction-shaver-cordless-haircut-5/,"Kemei hair clipper men's beard shaver electric Hair Clipper hair trimmer nose trimmer multifunction shaver cordless haircut 5",2020/09/Kemei-hair-clipper-men-s-beard-shaver-electric-Hair-Clipper-hair-trimmer-nose-trimmer-multifunction-shaver.jpg
252893,https://linhcorner.com/shop/uncategorized/hatteker-professional-hair-trimmer-waterproof-5-in1hair-clipper-electric-hair-cutting-machine-beard-trimer-body-men-haircut/,"HATTEKER professional hair trimmer waterproof 5 in1hair clipper electric hair cutting machine beard trimer body men haircut",2020/09/HATTEKER-professional-hair-trimmer-waterproof-5-in1hair-clipper-electric-hair-cutting-machine-beard-trimer-body-men.jpg
252898,https://linhcorner.com/shop/uncategorized/professional-waterproof-5-in-1-men-hair-trimmer-lcd-display-electric-hair-clipper-dual-charging-hair-cutter-machinecharge-base/,"Professional Waterproof 5 In 1 Men Hair Trimmer LCD Display Electric Hair Clipper Dual Charging Hair Cutter Machine+Charge Base",2020/09/Professional-Waterproof-5-In-1-Men-Hair-Trimmer-LCD-Display-Electric-Hair-Clipper-Dual-Charging-Hair.jpg
252901,https://linhcorner.com/shop/uncategorized/professional-hair-clippers-barber-haircut-men-cordless-0mm-bladhead-hair-trimmer-rechargeable-sculpture-cutter-shaving-machine/,"Professional Hair Clippers Barber Haircut Men Cordless 0mm Bladhead Hair Trimmer Rechargeable Sculpture Cutter Shaving Machine",2020/09/Professional-Hair-Clippers-Barber-Haircut-Men-Cordless-0mm-Bladhead-Hair-Trimmer-Rechargeable-Sculpture-Cutter-Shaving-Machine.jpg
252919,https://linhcorner.com/shop/uncategorized/enhanced-pet-dog-clipper-hair-trimmer-extra-blade-nozzles-integrated-cutter-head-3-6-9-13mm-for-baorun-x6-x7-a8s-p2-p3-p6-p9-s1/,"Enhanced Pet Dog Clipper Hair Trimmer Extra Blade Nozzles Integrated Cutter Head 3/6/9/13mm for BaoRun X6 X7 A8S P2 P3 P6 P9 S1",2020/09/Enhanced-Pet-Dog-Clipper-Hair-Trimmer-Extra-Blade-Nozzles-Integrated-Cutter-Head-3-6-9-13mm.jpg
252930,https://linhcorner.com/shop/uncategorized/kemei-electric-hair-clipper-rechargeable-cordless-precision-trimmer-kit-professional-scissors-barber-shop-lawn-mower/,"Kemei Electric-Hair Clipper Rechargeable Cordless Precision Trimmer Kit Professional Scissors  Barber Shop Lawn Mower",2020/09/Kemei-Electric-Hair-Clipper-Rechargeable-Cordless-Precision-Trimmer-Kit-Professional-Scissors-Barber-Shop-Lawn-Mower.jpg
252949,https://linhcorner.com/shop/uncategorized/mexi-8pcs-universal-hair-clipper-limit-comb-guide-attachment-size-barber-replacement/,"MEXI 8Pcs Universal Hair Clipper Limit Comb Guide Attachment Size Barber Replacement",2020/09/MEXI-8Pcs-Universal-Hair-Clipper-Limit-Comb-Guide-Attachment-Size-Barber-Replacement.jpg
252960,https://linhcorner.com/shop/uncategorized/hatteker-professional-hair-trimmer-electric-hair-cutting-machine-5-in1-hair-clipper-beard-trimer-for-men-58805-body-haircut/,"HATTEKER Professional Hair trimmer Electric Hair Cutting Machine 5 in1 Hair clipper Beard trimer for Men 58805 Body Haircut",2020/09/HATTEKER-Professional-Hair-trimmer-Electric-Hair-Cutting-Machine-5-in1-Hair-clipper-Beard-trimer-for-Men.jpg
252962,https://linhcorner.com/shop/uncategorized/hair-clipper-accessories-comb-cutting-combs-barber-back-housing-cover-high-quality-and-brand-new/,"Hair Clipper Accessories Comb Cutting Combs Barber Back Housing Cover High Quality and Brand New",2020/09/Hair-Clipper-Accessories-Comb-Cutting-Combs-Barber-Back-Housing-Cover-High-Quality-and-Brand-New.jpg
252964,https://linhcorner.com/shop/uncategorized/hair-grooming-comb-clipper-trimmer-razor-guide-attachment-for-philips-qc5130-qc5105-qc5115-3-21mm-adjustable-2pcs/,"Hair Grooming Comb Clipper Trimmer Razor Guide Attachment for Philips QC5130 QC5105 QC5115 3-21mm Adjustable 2Pcs",2020/09/Hair-Grooming-Comb-Clipper-Trimmer-Razor-Guide-Attachment-for-Philips-QC5130-QC5105-QC5115-3-21mm-Adjustable.jpg
252979,https://linhcorner.com/shop/uncategorized/replacement-hair-clipper-blade-titanium-steel-blade-for-kemei-km-2171-rc195h-60/,"Replacement Hair Clipper Blade Titanium Steel Blade For Kemei KM-2171  RC195H  60",2020/09/Replacement-Hair-Clipper-Blade-Titanium-Steel-Blade-For-Kemei-KM-2171-RC195H-60.jpg
252993,https://linhcorner.com/shop/uncategorized/electric-nose-hair-trimmer-rechargeable-eyebrow-hair-removal-shaver-clipper-face-care-nose-ear-hair-cutter-shaving-machine-35/,"Electric Nose Hair Trimmer Rechargeable Eyebrow Hair Removal Shaver Clipper Face Care Nose Ear Hair Cutter Shaving Machine 35",2020/09/Electric-Nose-Hair-Trimmer-Rechargeable-Eyebrow-Hair-Removal-Shaver-Clipper-Face-Care-Nose-Ear-Hair-Cutter.jpg
253001,https://linhcorner.com/shop/uncategorized/professional-hair-clipper-men-electric-beard-trimmer-t-blade-0mm-hair-cutting-machine-rechargeable-shaver-cordless-barber-cutter/,"Professional Hair Clipper Men Electric Beard Trimmer T-Blade 0mm Hair Cutting Machine Rechargeable Shaver Cordless Barber Cutter",2020/09/Professional-Hair-Clipper-Men-Electric-Beard-Trimmer-T-Blade-0mm-Hair-Cutting-Machine-Rechargeable-Shaver-Cordless.jpg
253009,https://linhcorner.com/shop/uncategorized/replacement-clipper-blade-cutter-hair-grooming-trimmer-head-shaver-comb-brush-u1je/,"Replacement Clipper Blade Cutter Hair Grooming Trimmer Head Shaver Comb Brush U1JE",2020/09/Replacement-Clipper-Blade-Cutter-Hair-Grooming-Trimmer-Head-Shaver-Comb-Brush-U1JE.jpg
253013,https://linhcorner.com/shop/uncategorized/usb-rechargeable-electric-hair-clipper-baldheaded-shaver-beard-trimmer-professional-barber-haircut-mower-cutting-machine-razor/,"USB Rechargeable Electric Hair Clipper Baldheaded Shaver Beard Trimmer Professional Barber Haircut Mower Cutting Machine Razor",2020/09/USB-Rechargeable-Electric-Hair-Clipper-Baldheaded-Shaver-Beard-Trimmer-Professional-Barber-Haircut-Mower-Cutting-Machine-Razor.jpg
253014,https://linhcorner.com/shop/uncategorized/mens-professional-hair-trimer-beard-trimer-for-men-usb-electric-stubble-edge-razor-hair-cuter-machine-hair-cut-mustache-face/,"Men's professional hair trimer beard trimer for men USB electric stubble edge razor hair cuter machine hair cut mustache face",2020/09/Men-s-professional-hair-trimer-beard-trimer-for-men-USB-electric-stubble-edge-razor-hair-cuter.jpg
253026,https://linhcorner.com/shop/uncategorized/new-6-0-inch-salon-hair-cutting-scissors-hairdressing-professional-hair-scissors-thinning-shear-barber-scissors-haircut/,"New 6.0 inch Salon Hair Cutting Scissors Hairdressing Professional Hair Scissors Thinning Shear Barber Scissors Haircut",2020/09/New-6-0-inch-Salon-Hair-Cutting-Scissors-Hairdressing-Professional-Hair-Scissors-Thinning-Shear-Barber-Scissors.jpg
253054,https://linhcorner.com/shop/uncategorized/cordless-barber-clippers-km2812-mini-salon-shaving-head-machine-for-shave-hairs-man-0-1mm-short-zero-gap-small-trimmer-for-edges/,"Cordless Barber Clippers KM2812 Mini Salon Shaving Head Machine for Shave Hairs Man 0.1mm Short Zero Gap Small Trimmer for Edges",2020/09/Cordless-Barber-Clippers-KM2812-Mini-Salon-Shaving-Head-Machine-for-Shave-Hairs-Man-0-1mm-Short.jpg
253058,https://linhcorner.com/shop/uncategorized/1pc-hair-clipper-limit-comb-guide-attachment-size-barber-replacement/,"1pc Hair Clipper Limit Comb Guide Attachment Size Barber Replacement",2020/09/1pc-Hair-Clipper-Limit-Comb-Guide-Attachment-Size-Barber-Replacement.jpg
253060,https://linhcorner.com/shop/uncategorized/retro-usb-rechargeable-hair-trimmer-cordless-barber-carving-hair-clipper-large-power-low-noise-t9-hair-cutting-for-kid-adults/,"Retro USB Rechargeable Hair Trimmer Cordless Barber Carving Hair Clipper Large Power Low Noise T9 Hair Cutting For Kid Adults",2020/09/Retro-USB-Rechargeable-Hair-Trimmer-Cordless-Barber-Carving-Hair-Clipper-Large-Power-Low-Noise-T9-Hair.jpg
