51571,http://linhcorner.com/shop/uncategorized/led-cob-lamp-chip-10w-20w-30w-50w-ac-220v-240v-ip65-smart-ic-no-need-driver-diy-flood-light-led-bulb-spotlight-outdoor-chip-lamp/,"LED COB Lamp Chip 10W 20W 30W 50W AC 220V 240V IP65 Smart IC No Need Driver DIY Flood light Led Bulb Spotlight Outdoor Chip Lamp",2020/09/LED-COB-Lamp-Chip-10W-20W-30W-50W-AC-220V-240V-IP65-Smart-IC-No-Need.jpg
51574,http://linhcorner.com/shop/uncategorized/living-room-lights-led-ceiling-lamp-ultra-thin-cold-white18w-24w-36w-48w-lighting-fixture-ceiling-lights-for-bedroom-and-kitchen/,"Living Room lights LED Ceiling Lamp Ultra-thin Cold White18W 24W 36W 48W lighting fixture Ceiling Lights for Bedroom and kitchen",2020/09/Living-Room-lights-LED-Ceiling-Lamp-Ultra-thin-Cold-White18W-24W-36W-48W-lighting-fixture-Ceiling.jpg
51577,http://linhcorner.com/shop/uncategorized/10pcs-led-bulb-lamps-e27-e14-220v-light-bulb-smart-ic-3w-6w-9w-12w-15w-18w-20w-high-brightness-lampada-led-bombilla-spotlight/,"10PCS LED Bulb Lamps E27 E14 220V Light Bulb Smart IC 3W 6W 9W 12W 15W 18W 20W High Brightness Lampada LED Bombilla Spotlight",2020/09/10PCS-LED-Bulb-Lamps-E27-E14-220V-Light-Bulb-Smart-IC-3W-6W-9W-12W-15W.jpg
51582,http://linhcorner.com/shop/uncategorized/usb-led-strip-1-meter-wire-smd3528-light-5v-adapter-string-christmas-desk-tape-tv-background-lighting-5v-50cm-1m-2m-3m-4m-5m/,"USB LED-Strip 1 Meter Wire SMD3528 light 5V adapter string Christmas desk tape TV Background Lighting 5V 50CM 1M 2M 3M 4M 5M",2020/09/USB-LED-Strip-1-Meter-Wire-SMD3528-light-5V-adapter-string-Christmas-desk-tape-TV-Background.jpg
51589,http://linhcorner.com/shop/uncategorized/modern-led-ceiling-lights-220v-motion-sensor-ceiling-lamp-12w-15w-18w-50w-light-fixture-for-living-room-home-lighting-kitchen/,"Modern Led Ceiling Lights 220V Motion Sensor Ceiling Lamp 12W 15W 18W 50W Light Fixture for Living Room Home Lighting Kitchen",2020/09/Modern-Led-Ceiling-Lights-220V-Motion-Sensor-Ceiling-Lamp-12W-15W-18W-50W-Light-Fixture-for.jpg
51626,http://linhcorner.com/shop/uncategorized/modern-led-ceiling-lights-220v-led-ceiling-lamp-lighting-fixtures-15-20-30w-18w-50w-led-lights-for-living-room-bedroom-kitchen/,"Modern Led Ceiling Lights 220V LED Ceiling Lamp Lighting Fixtures 15/20/30W 18W 50W Led Lights For Living Room Bedroom Kitchen",2020/09/Modern-Led-Ceiling-Lights-220V-LED-Ceiling-Lamp-Lighting-Fixtures-15-20-30W-18W-50W-Led.jpg
51687,http://linhcorner.com/shop/uncategorized/2pcs-lot-led-bulb-e14-e27-ac-220v-light-bulb-smd2835-real-power-3w-6w-9w-12w-15w-18w-20w-high-brightness-lampada-led-bombillas/,"2pcs/lot  LED Bulb E14 E27 AC 220V Light Bulb SMD2835 Real Power 3W 6W 9W 12W 15W 18W 20W High Brightness Lampada LED Bombillas",2020/09/2pcs-lot-LED-Bulb-E14-E27-AC-220V-Light-Bulb-SMD2835-Real-Power-3W-6W-9W.jpg
51771,http://linhcorner.com/shop/uncategorized/rgb-led-bulb-e27-e14-3w-5w-16-color-changing-rgb-magic-light-bulb-lamp-85-265v-110v-220v-rgb-led-spotlight-with-remote-control/,"RGB LED Bulb E27 E14 3W 5W 16 Color Changing RGB Magic Light Bulb Lamp 85-265V 110V 220V RGB Led Spotlight with Remote Control",2020/09/RGB-LED-Bulb-E27-E14-3W-5W-16-Color-Changing-RGB-Magic-Light-Bulb-Lamp-85.jpg
51810,http://linhcorner.com/shop/uncategorized/110v-220v-e27-led-bulbs-rgb-lampadas-led-lamp-for-home-5050smd-ampoule-led-light-bulb-24-keys-ir-remote-control-5w-10w-15w/,"110V 220V E27 Led Bulbs RGB Lampadas Led Lamp for Home 5050SMD Ampoule Led Light Bulb 24 Keys IR Remote Control 5w/10w/15w",2020/09/110V-220V-E27-Led-Bulbs-RGB-Lampadas-Led-Lamp-for-Home-5050SMD-Ampoule-Led-Light-Bulb.jpg
51880,http://linhcorner.com/shop/uncategorized/2m-usb-powered-led-strip-light-tv-backlighting-home-theater-lighting-for-tv-computer-screen-television-with-remote-control/,"2m USB Powered LED Strip Light TV Backlighting Home Theater Lighting for TV Computer Screen Television with Remote Control",2020/09/2m-USB-Powered-LED-Strip-Light-TV-Backlighting-Home-Theater-Lighting-for-TV-Computer-Screen-Television.jpg
51890,http://linhcorner.com/shop/uncategorized/led-strip-light-usb-2835smd-dc5v-flexible-led-lamp-tape-ribbon-rgb-0-5m-1m-2m-3m-4m-5m-tv-desktop-screen-backlight-diode-tape/,"LED Strip Light USB 2835SMD DC5V Flexible LED Lamp Tape Ribbon RGB 0.5M 1M 2M 3M 4M 5M TV Desktop Screen BackLight Diode Tape",2020/09/LED-Strip-Light-USB-2835SMD-DC5V-Flexible-LED-Lamp-Tape-Ribbon-RGB-0-5M-1M-2M.jpg
51917,http://linhcorner.com/shop/uncategorized/12v-neon-light-8mm-sewing-edge-el-wire-led-dance-party-decor-car-lights-neon-led-lamp-flexible-rope-tube-led-waterproof-strip/,"12V Neon Light 8mm Sewing Edge EL Wire Led Dance Party Decor Car Lights Neon LED lamp Flexible  Rope Tube LED Waterproof Strip",2020/09/12V-Neon-Light-8mm-Sewing-Edge-EL-Wire-Led-Dance-Party-Decor-Car-Lights-Neon-LED.jpg
51929,http://linhcorner.com/shop/uncategorized/modern-led-ceiling-lights-220v-15w-30w-20w-50w-surface-mount-round-ceiling-lamp-light-lighting-fixture-for-living-room-kitchen/,"Modern Led Ceiling Lights 220V 15W 30W 20W 50W Surface Mount Round Ceiling Lamp Light Lighting Fixture for Living Room Kitchen",2020/09/Modern-Led-Ceiling-Lights-220V-15W-30W-20W-50W-Surface-Mount-Round-Ceiling-Lamp-Light-Lighting.jpg
51975,http://linhcorner.com/shop/uncategorized/siccsaee-2m-5m-10m-100-led-strings-copper-wire-3xaa-battery-operated-christmas-wedding-party-decoration-led-string-fairy-lights/,"SICCSAEE 2M 5M 10M 100 Led Strings Copper Wire 3XAA Battery Operated Christmas Wedding Party Decoration LED String Fairy Lights",2020/09/SICCSAEE-2M-5M-10M-100-Led-Strings-Copper-Wire-3XAA-Battery-Operated-Christmas-Wedding-Party-Decoration.jpg
51987,http://linhcorner.com/shop/uncategorized/6pcs-e27-led-bulb-220v-led-lamp-3w-5w-7w-9w-12w-15w-18w-light-bulbs-ac-220v-110v-bombilla-led-spotlight-home-lighting-table-lamp/,"6PCS E27 LED Bulb 220V Led Lamp 3W 5W 7W 9W 12W 15W 18W Light Bulbs AC 220V 110V Bombilla Led Spotlight Home Lighting Table Lamp",2020/09/6PCS-E27-LED-Bulb-220V-Led-Lamp-3W-5W-7W-9W-12W-15W-18W-Light-Bulbs.jpg
52127,http://linhcorner.com/shop/uncategorized/led-night-light-mini-light-sensor-control-110v-220v-eu-us-plug-nightlight-lamp-for-children-kids-living-room-bedroom-lighting/,"LED Night Light Mini Light Sensor Control 110V 220V EU US Plug Nightlight Lamp For Children Kids Living Room Bedroom Lighting",2020/09/LED-Night-Light-Mini-Light-Sensor-Control-110V-220V-EU-US-Plug-Nightlight-Lamp-For-Children.jpg
52207,http://linhcorner.com/shop/uncategorized/smd2835-rgb-led-flexible-strip-lights-dimmable-usb-waterproof-led-light-strip-ip20-ip65-5v-led-ribbon-white-warm-white-led-tape/,"SMD2835 RGB LED Flexible Strip Lights Dimmable USB Waterproof LED Light Strip IP20 IP65 5V LED Ribbon White/Warm White LED Tape",2020/09/SMD2835-RGB-LED-Flexible-Strip-Lights-Dimmable-USB-Waterproof-LED-Light-Strip-IP20-IP65-5V-LED.jpg
52323,http://linhcorner.com/shop/uncategorized/led-bulb-lamps-e27-220v-light-bulb-smart-ic-real-power-3w-6w-9w-12w-15w-18w-20w-high-brightness-lampada-led-bombilla-spotlight/,"LED Bulb Lamps E27 220V Light Bulb Smart IC Real Power 3W 6W 9W 12W 15W 18W 20W High Brightness Lampada LED Bombilla Spotlight",2020/09/LED-Bulb-Lamps-E27-220V-Light-Bulb-Smart-IC-Real-Power-3W-6W-9W-12W-15W.jpg
52360,http://linhcorner.com/shop/uncategorized/wood-industrial-loft-wall-lamp-vintage-retro-decor-wall-light-fixtures-for-living-room-home-indoor-sconces-lighting-decorative/,"Wood Industrial Loft Wall Lamp Vintage Retro Decor Wall Light Fixtures For Living Room Home Indoor Sconces Lighting Decorative",2020/09/Wood-Industrial-Loft-Wall-Lamp-Vintage-Retro-Decor-Wall-Light-Fixtures-For-Living-Room-Home-Indoor.jpg
52389,http://linhcorner.com/shop/uncategorized/led-ceiling-lights-220v-modern-ceiling-lamp-lighting-15-20-30w-50w-panel-light-fixture-surface-mount-for-living-room-kitchen/,"Led Ceiling Lights 220V Modern Ceiling Lamp Lighting 15/20/30W 50W Panel Light Fixture Surface Mount for Living Room Kitchen",2020/09/Led-Ceiling-Lights-220V-Modern-Ceiling-Lamp-Lighting-15-20-30W-50W-Panel-Light-Fixture-Surface.jpg
52561,http://linhcorner.com/shop/uncategorized/100pcs-night-light-white-3d-stars-glow-in-the-dark-luminous-fluorescent-plastic-wall-white-stickers-living-home-kids-room/,"100pcs Night Light White 3D Stars Glow In The Dark Luminous Fluorescent Plastic Wall White Stickers Living Home Kids Room",2020/09/100pcs-Night-Light-White-3D-Stars-Glow-In-The-Dark-Luminous-Fluorescent-Plastic-Wall-White-Stickers.jpg
52593,http://linhcorner.com/shop/uncategorized/5v-led-strip-light-tv-light-3528-smd-hdtv-tv-tape-lamp-diode-flexible-pc-screen-backlight-bias-lighting-home-decorative-light/,"5V LED Strip Light TV Light 3528 SMD HDTV TV Tape Lamp Diode Flexible PC Screen Backlight &amp; Bias lighting Home Decorative Light",2020/09/5V-LED-Strip-Light-TV-Light-3528-SMD-HDTV-TV-Tape-Lamp-Diode-Flexible-PC-Screen.jpg
52697,http://linhcorner.com/shop/uncategorized/led-strip-outdoor-waterproof-warm-white-smd-led-strip-smd-5050-led-strip-light-1m-2m-5m-10m-20m-25m-220v-flexible-light-strip/,"LED Strip Outdoor Waterproof warm white SMD LED Strip SMD 5050 LED Strip Light 1M 2M 5M 10M 20M 25M 220V Flexible light strip",2020/09/LED-Strip-Outdoor-Waterproof-warm-white-SMD-LED-Strip-SMD-5050-LED-Strip-Light-1M-2M.jpg
52840,http://linhcorner.com/shop/uncategorized/ceiling-led-lights-for-living-room-bedroom-fixtures-ring-modern-gold-bedroom-lighting-indoor-home-decoration-plafon-lamp-lustre/,"Ceiling LED Lights For Living room Bedroom Fixtures Ring Modern Gold Bedroom Lighting Indoor Home Decoration Plafon Lamp Lustre",2020/09/Ceiling-LED-Lights-For-Living-room-Bedroom-Fixtures-Ring-Modern-Gold-Bedroom-Lighting-Indoor-Home-Decoration.jpg
52850,http://linhcorner.com/shop/uncategorized/led-ceiling-lights-for-room-18w-24w-36w-48w-cold-warm-white-natural-light-led-fixtures-ceiling-lamps-for-living-room-lighting/,"LED ceiling lights for room 18W 24W 36W 48W Cold Warm White Natural light LED fixtures ceiling lamps for living room lighting",2020/09/LED-ceiling-lights-for-room-18W-24W-36W-48W-Cold-Warm-White-Natural-light-LED-fixtures.jpg
52878,http://linhcorner.com/shop/uncategorized/ultra-thin-led-ceiling-lamp-ac85v-265v-18w-24w-36w-48w-modern-panel-light-fixture-surface-mount-for-living-room-kitchen-bathroom/,"Ultra-thin LED Ceiling Lamp AC85V-265V 18W 24W 36W 48W Modern Panel Light Fixture Surface Mount For Living Room Kitchen Bathroom",2020/09/Ultra-thin-LED-Ceiling-Lamp-AC85V-265V-18W-24W-36W-48W-Modern-Panel-Light-Fixture-Surface.jpg
52952,http://linhcorner.com/shop/uncategorized/6w-up-and-down-wall-lamps-dimmable-led-aluminium-wall-light-led-wall-lamp-for-bedroom-living-room-corridor-aside-lighting-bl06/,"6W Up and Down Wall Lamps Dimmable LED Aluminium Wall Light LED Wall Lamp For Bedroom Living Room Corridor Aside Lighting BL06",2020/09/6W-Up-and-Down-Wall-Lamps-Dimmable-LED-Aluminium-Wall-Light-LED-Wall-Lamp-For-Bedroom.jpg
52976,http://linhcorner.com/shop/uncategorized/remote-control-16-colors-changing-smart-led-light-bulb-220v-rgb-rgbw-rgbww-dimmable-led-lamp-e27-for-home-decor-bar-party/,"Remote Control 16 Colors Changing Smart LED Light Bulb 220V RGB RGBW RGBWW Dimmable Led Lamp E27 for Home Decor Bar Party",2020/09/Remote-Control-16-Colors-Changing-Smart-LED-Light-Bulb-220V-RGB-RGBW-RGBWW-Dimmable-Led-Lamp.jpg
53002,http://linhcorner.com/shop/uncategorized/e27-led-bulb-3w-5w-7w-9w-12w-15w-18w-led-lamp-220v-ampoule-spotlight-bombilla-smd2835-led-lampada-home-lighting-for-living-room/,"E27 Led Bulb 3W 5W 7W 9W 12W 15W 18W LED Lamp 220V Ampoule Spotlight Bombilla SMD2835 Led Lampada Home lighting for Living Room",2020/09/E27-Led-Bulb-3W-5W-7W-9W-12W-15W-18W-LED-Lamp-220V-Ampoule-Spotlight-Bombilla.jpg
53310,http://linhcorner.com/shop/uncategorized/6w-wall-sconce-led-up-down-wall-light-aluminum-wall-lamp-ac110v-ac220v-indoor-wall-lighting-for-bedroom-living-corridor-ml06/,"6w Wall Sconce LED Up Down Wall Light Aluminum Wall Lamp AC110V AC220V Indoor Wall Lighting For Bedroom Living Corridor ML06",2020/09/6w-Wall-Sconce-LED-Up-Down-Wall-Light-Aluminum-Wall-Lamp-AC110V-AC220V-Indoor-Wall-Lighting.jpg
53419,http://linhcorner.com/shop/uncategorized/led-strip-light-flexible-neon-strip-waterproof-diode-tape-220v-smd5050-60leds-m-ledstrip-decorative-led-ribbon-with-eu-plug/,"LED Strip Light Flexible Neon Strip Waterproof Diode Tape 220V SMD5050 60LEDs/m LEDstrip Decorative LED Ribbon With EU Plug",2020/09/LED-Strip-Light-Flexible-Neon-Strip-Waterproof-Diode-Tape-220V-SMD5050-60LEDs-m-LEDstrip-Decorative-LED.jpg
53456,http://linhcorner.com/shop/uncategorized/mini-led-string-light-2m-silver-wire-fairy-lights-for-garland-home-christmas-wedding-party-decoration-powered-by-cr2032-battery/,"Mini LED String light 2M Silver Wire Fairy Lights for Garland Home Christmas Wedding Party Decoration Powered by CR2032 Battery",2020/09/Mini-LED-String-light-2M-Silver-Wire-Fairy-Lights-for-Garland-Home-Christmas-Wedding-Party-Decoration.jpg
53650,http://linhcorner.com/shop/uncategorized/feimefeiyou-50-100-led-outdoor-light-string-fairy-garland-battery-power-copper-wire-lights-for-party-christmas-wedding-5-colors/,"Feimefeiyou 50 100 LED Outdoor Light String Fairy Garland Battery Power Copper Wire Lights For Party Christmas Wedding 5 Colors",2020/09/Feimefeiyou-50-100-LED-Outdoor-Light-String-Fairy-Garland-Battery-Power-Copper-Wire-Lights-For-Party.jpg
53669,http://linhcorner.com/shop/uncategorized/usb-led-strip-lamp-smd3528-dc5v-1m-2m-3m-4m-5m-with-switch-flexible-led-light-tape-ribbon-tv-desktop-screen-background-lighting/,"USB LED Strip Lamp SMD3528 DC5V 1M 2M 3M 4M 5M With Switch Flexible LED Light Tape Ribbon TV Desktop Screen Background Lighting",2020/09/USB-LED-Strip-Lamp-SMD3528-DC5V-1M-2M-3M-4M-5M-With-Switch-Flexible-LED-Light.jpg
53694,http://linhcorner.com/shop/uncategorized/rgb-led-strip-light-wifi-led-lights-strip-12v-rgb-tape-led-ribbon-smd-5050-neon-strip-bluetooth-diode-tape-backlight-for-room-tv/,"RGB LED Strip Light WIFI LED Lights Strip 12V RGB Tape LED Ribbon SMD 5050 Neon Strip Bluetooth Diode Tape BackLight for Room TV",2020/09/RGB-LED-Strip-Light-WIFI-LED-Lights-Strip-12V-RGB-Tape-LED-Ribbon-SMD-5050-Neon.jpg
53761,http://linhcorner.com/shop/uncategorized/5m-roll-led-strip-2835-luminous-flux-more-higher-than-old-3528-5630-5050-smd-led-strip-light-60leds-m-12v-lamp-string-decor/,"5M / Roll led strip 2835 Luminous Flux More Higher Than Old 3528 5630 5050 SMD LED Strip light 60LEDs/M 12V lamp String Decor",2020/09/5M-Roll-led-strip-2835-Luminous-Flux-More-Higher-Than-Old-3528-5630-5050-SMD-LED.jpg
54044,http://linhcorner.com/shop/uncategorized/5m-2835-led-strip-light-cri90-240-leds-m-flexible-ribbon-string-lamp-more-brighter-than-3528-3014-warm-white-white-4000k-white/,"5M 2835 LED Strip light CRI&gt;90 240 LEDs /m Flexible Ribbon String lamp More Brighter than 3528 3014 Warm White/White/4000k White",2020/09/5M-2835-LED-Strip-light-CRI-90-240-LEDs-m-Flexible-Ribbon-String-lamp-More-Brighter.jpg
54170,http://linhcorner.com/shop/uncategorized/3aa-battery-power-led-strip-light-smd2835-50cm-1m-2m-3m-4m-5m-flexible-lighting-ribbon-tape-white-warm-white-strip-backlight/,"3AA Battery Power Led Strip Light SMD2835 50cm 1M 2M 3M 4M 5M Flexible Lighting Ribbon Tape White/Warm White Strip Backlight",2020/09/3AA-Battery-Power-Led-Strip-Light-SMD2835-50cm-1M-2M-3M-4M-5M-Flexible-Lighting-Ribbon.jpg
54224,http://linhcorner.com/shop/uncategorized/smart-ic-high-power-led-matrix-for-projectors-20w-30w-50w-110v-220v-diy-flood-light-cob-led-diode-spotlight-outdoor-chip-lamp/,"Smart IC High Power LED Matrix For Projectors 20W 30W 50W 110V 220V DIY Flood Light COB LED Diode Spotlight Outdoor Chip Lamp",2020/09/Smart-IC-High-Power-LED-Matrix-For-Projectors-20W-30W-50W-110V-220V-DIY-Flood-Light.jpg
54239,http://linhcorner.com/shop/uncategorized/led-strip-digital-light-rgb-5v-addressable-ws2812b-ws2812-strip-for-pc-case-motherboard-3-pin-header-for-asus-aura-sync-light/,"LED Strip Digital Light RGB 5V Addressable ws2812b ws2812 Strip For PC case Motherboard 3 Pin Header for ASUS Aura SYNC Light",2020/09/LED-Strip-Digital-Light-RGB-5V-Addressable-ws2812b-ws2812-Strip-For-PC-case-Motherboard-3-Pin.jpg
54452,http://linhcorner.com/shop/uncategorized/10-20-40-50-led-star-light-string-twinkle-garlands-battery-powered-christmas-lamp-holiday-party-wedding-decorative-fairy-lights/,"10/20/40/50 LED Star Light String Twinkle Garlands Battery Powered Christmas Lamp Holiday Party Wedding Decorative Fairy Lights",2020/09/10-20-40-50-LED-Star-Light-String-Twinkle-Garlands-Battery-Powered-Christmas-Lamp-Holiday-Party.jpg
54474,http://linhcorner.com/shop/uncategorized/10-20-led-star-light-string-twinkle-garlands-battery-powered-lamp-holiday-new-year-christmas-decorations-for-home-fairy-lights/,"10/20 LED Star Light String Twinkle Garlands Battery Powered  Lamp Holiday New Year Christmas Decorations for Home Fairy Lights",2020/09/10-20-LED-Star-Light-String-Twinkle-Garlands-Battery-Powered-Lamp-Holiday-New-Year-Christmas-Decorations.jpg
54522,http://linhcorner.com/shop/uncategorized/led-wall-lamp-modern-living-room-bedroom-bedside-white-led-sconce-creative-circle-antlers-plum-blossom-aisle-corridor-wall-light/,"LED Wall Lamp Modern Living Room Bedroom Bedside White LED Sconce Creative Circle Antlers Plum Blossom Aisle Corridor Wall Light",2020/09/LED-Wall-Lamp-Modern-Living-Room-Bedroom-Bedside-White-LED-Sconce-Creative-Circle-Antlers-Plum-Blossom.jpg
54530,http://linhcorner.com/shop/uncategorized/%e2%80%8bled-bulb-e27-e14-mr16-gu10-gu5-3-lampada-led-6w-220v-240v-24-120-degree-bombillas-led-lamp-spotlight-lampara-led-spot-light/,"​LED Bulb E27 E14 MR16 GU10 GU5.3 Lampada Led 6W 220V-240V 24/120 degree Bombillas LED Lamp Spotlight Lampara LED Spot Light",2020/09/LED-Bulb-E27-E14-MR16-GU10-GU5-3-Lampada-Led-6W-220V-240V-24-120.jpg
54556,http://linhcorner.com/shop/uncategorized/luckyled-5m-led-strip-2835-5050-smd-60leds-m-waterproof-flexible-led-tape-12v-decoration-ribbon-led-lights-led-stripe-rgb/,"LUCKYLED 5M Led Strip 2835 5050 SMD 60Leds/M Waterproof Flexible Led Tape 12v Decoration Ribbon Led Lights  Led Stripe RGB",2020/09/LUCKYLED-5M-Led-Strip-2835-5050-SMD-60Leds-M-Waterproof-Flexible-Led-Tape-12v-Decoration-Ribbon.jpg
54621,http://linhcorner.com/shop/uncategorized/led-light-home-modern-panel-light-ceiling-lamp-natural-light-warm-white-cold-white-round-square-living-room-bedroom-kitchen/,"LED Light Home Modern Panel Light Ceiling Lamp Natural Light Warm White Cold White Round Square Living Room Bedroom Kitchen",2020/09/LED-Light-Home-Modern-Panel-Light-Ceiling-Lamp-Natural-Light-Warm-White-Cold-White-Round-Square.jpg
54637,http://linhcorner.com/shop/uncategorized/wenni-corn-bulb-e27-lampada-e14-candle-led-light-bulb-g9-led-lamp-gu10-220v-24-36-48-56-69-72leds-chandelier-light-b22-5730smd/,"WENNI Corn Bulb E27 Lampada E14 Candle LED Light Bulb G9 LED Lamp GU10 220V 24 36 48 56 69 72leds Chandelier Light B22 5730SMD",2020/09/WENNI-Corn-Bulb-E27-Lampada-E14-Candle-LED-Light-Bulb-G9-LED-Lamp-GU10-220V-24.jpg
54815,http://linhcorner.com/shop/uncategorized/led-fridge-light-bulb-e14-3w-refrigerator-corn-bulb-ac-220v-led-lamp-white-warm-white-smd2835-replace-halogen-chandelier-lights/,"LED Fridge Light Bulb E14 3W Refrigerator Corn bulb AC 220V LED Lamp White/Warm white SMD2835 Replace Halogen Chandelier Lights",2020/09/LED-Fridge-Light-Bulb-E14-3W-Refrigerator-Corn-bulb-AC-220V-LED-Lamp-White-Warm-white.jpg
54855,http://linhcorner.com/shop/uncategorized/modern-led-chandelier-lights-for-living-room-dining-kitchen-bedroom-home-black-rectangle-indoor-ceiling-lamp-lighting-fixtures/,"Modern led Chandelier Lights For Living Room Dining Kitchen Bedroom Home Black Rectangle indoor Ceiling Lamp Lighting Fixtures",2020/09/Modern-led-Chandelier-Lights-For-Living-Room-Dining-Kitchen-Bedroom-Home-Black-Rectangle-indoor-Ceiling-Lamp.jpg
54897,http://linhcorner.com/shop/uncategorized/led-ceiling-lights-modern-led-ceiling-lamps-220v-15w-20w-30w-50w-lighting-fixture-surface-mounted-for-home-decor-living-room/,"Led Ceiling Lights Modern Led Ceiling Lamps 220V 15W 20W 30W 50W Lighting Fixture Surface Mounted For Home Decor Living Room",2020/09/Led-Ceiling-Lights-Modern-Led-Ceiling-Lamps-220V-15W-20W-30W-50W-Lighting-Fixture-Surface-Mounted.jpg
54900,http://linhcorner.com/shop/uncategorized/holiday-string-5m-4m-3m-2m-1m-led-creative-7-color-button-battery-box-of-copper-lamp-series-mini-small-decorative-lights/,"Holiday string 5M 4M 3M 2M 1M LED Creative 7 Color Button Battery Box of Copper Lamp Series Mini Small Decorative lights",2020/09/Holiday-string-5M-4M-3M-2M-1M-LED-Creative-7-Color-Button-Battery-Box-of-Copper.jpg
55172,http://linhcorner.com/shop/uncategorized/2m-3m-5m-10m-100-led-strings-copper-wire-3xaa-battery-operated-christmas-wedding-party-decoration-led-string-fairy-lights/,"2M 3M 5M 10M 100 Led Strings Copper Wire 3XAA Battery Operated Christmas Wedding Party Decoration LED String Fairy Lights",2020/09/2M-3M-5M-10M-100-Led-Strings-Copper-Wire-3XAA-Battery-Operated-Christmas-Wedding-Party-Decoration.jpg
55241,http://linhcorner.com/shop/uncategorized/led-strip-light-rgb-5050-smd-2835-flexible-led-light-strip-5m-10m-15m-waterproof-tape-dc12v-strippower-adapterremote/,"LED Strip Light RGB 5050 SMD 2835 Flexible Led Light Strip 5M 10M 15M Waterproof Tape DC12V Strip+Power Adapter+Remote",2020/09/LED-Strip-Light-RGB-5050-SMD-2835-Flexible-Led-Light-Strip-5M-10M-15M-Waterproof-Tape.jpg
55281,http://linhcorner.com/shop/uncategorized/fairy-lights-battery-operated-100led-string-lights-remote-control-timer-twinkle-string-lights-8-modes-16-4-feet-firefly-lights/,"Fairy Lights Battery Operated 100LED String Lights Remote Control Timer Twinkle String Lights 8 Modes 16.4 Feet Firefly Lights",2020/09/Fairy-Lights-Battery-Operated-100LED-String-Lights-Remote-Control-Timer-Twinkle-String-Lights-8-Modes-16.jpg
55315,http://linhcorner.com/shop/uncategorized/smd-5050-ac220v-led-strip-flexible-light-60leds-m-waterproof-led-tape-led-light-with-power-plug-1m-2m-3m-5m-6m-8m-9m-10m-15m-20m/,"SMD 5050 AC220V LED Strip Flexible Light 60leds/m Waterproof Led Tape LED Light With Power Plug 1M/2M/3M/5M/6M/8M/9M/10M/15M/20M",2020/09/SMD-5050-AC220V-LED-Strip-Flexible-Light-60leds-m-Waterproof-Led-Tape-LED-Light-With-Power.jpg
55676,http://linhcorner.com/shop/uncategorized/new-2m-5m-10m-led-string-lights-waterproof-3-modes-flash-fairy-lights-holiday-garland-for-christmas-wedding-party-decoration/,"New 2M 5M 10M LED String Lights Waterproof 3 modes Flash Fairy Lights Holiday Garland For Christmas Wedding Party Decoration",2020/09/New-2M-5M-10M-LED-String-Lights-Waterproof-3-modes-Flash-Fairy-Lights-Holiday-Garland-For.jpg
55718,http://linhcorner.com/shop/uncategorized/1-2m-led-photo-picture-clips-string-light-copper-wire-string-garland-party-wedding-holiday-lights-christmas-decoration/,"1/2M LED Photo Picture Clips String Light Copper Wire String Garland Party Wedding Holiday Lights Christmas Decoration",2020/09/1-2M-LED-Photo-Picture-Clips-String-Light-Copper-Wire-String-Garland-Party-Wedding-Holiday-Lights.jpg
55865,http://linhcorner.com/shop/uncategorized/siccsaee-2019-new-1-5-2-3-4-5-10m-led-holiday-fairy-garland-ball-string-lights-globe-wedding-home-decoration-battery-rope-lights/,"SICCSAEE 2019 New 1.5/2/3/4/5/10M LED Holiday Fairy Garland Ball String Lights Globe Wedding Home Decoration Battery Rope Lights",2020/09/SICCSAEE-2019-New-1-5-2-3-4-5-10M-LED-Holiday-Fairy-Garland-Ball-String.jpg
55897,http://linhcorner.com/shop/uncategorized/e27-rgb-led-bulb-dimmable-led-light-220v-5w-10w-15w-colored-led-light-bulb-lampade-led-e27-with-remote-controlmemory-function/,"E27 Rgb Led Bulb Dimmable Led Light 220v 5W 10W 15W Colored LED Light Bulb Lampade Led E27 With Remote Control+Memory Function",2020/09/E27-Rgb-Led-Bulb-Dimmable-Led-Light-220v-5W-10W-15W-Colored-LED-Light-Bulb-Lampade.jpg
55934,http://linhcorner.com/shop/uncategorized/10-20-40-led-snowflake-light-string-twinkle-garlands-battery-powered-christmas-lamp-holiday-party-wedding-decorative-fairy-light/,"10/20/40 LED Snowflake Light String Twinkle Garlands Battery Powered Christmas Lamp Holiday Party Wedding Decorative Fairy Light",2020/09/10-20-40-LED-Snowflake-Light-String-Twinkle-Garlands-Battery-Powered-Christmas-Lamp-Holiday-Party-Wedding.jpg
57958,http://linhcorner.com/shop/uncategorized/crystal-led-flush-mount-ceiling-lights-fixture-mixed-crystal-home-ceiling-lamps-for-living-room-bedroom-kitchen/,"Crystal LED Flush Mount Ceiling Lights Fixture Mixed crystal Home Ceiling Lamps for Living Room Bedroom Kitchen",2020/09/Crystal-LED-Flush-Mount-Ceiling-Lights-Fixture-Mixed-crystal-Home-Ceiling-Lamps-for-Living-Room-Bedroom.jpg
57967,http://linhcorner.com/shop/uncategorized/aluminum-ceiling-light-colorful-surface-mounted-lamp-remote-control-rgb-smart-led-3w-dimmable-light-for-living-room-corridors/,"Aluminum Ceiling Light Colorful Surface Mounted Lamp Remote Control RGB Smart LED 3W Dimmable Light For Living Room Corridors",2020/09/Aluminum-Ceiling-Light-Colorful-Surface-Mounted-Lamp-Remote-Control-RGB-Smart-LED-3W-Dimmable-Light-For.jpg
57969,http://linhcorner.com/shop/uncategorized/lattuso-vintage-cob-e27-led-lamp-edison-lampada-led-bulb-ac-220v-st64-filament-light-4w-6w-8w-retro-light-ampoule/,"LATTUSO Vintage COB E27 LED Lamp Edison Lampada LED Bulb AC 220V ST64 Filament Light 4W 6W 8W Retro Light Ampoule",2020/09/LATTUSO-Vintage-COB-E27-LED-Lamp-Edison-Lampada-LED-Bulb-AC-220V-ST64-Filament-Light-4W.jpg
57980,http://linhcorner.com/shop/uncategorized/5pc-12v-10mm-waterproof-pre-wired-constant-led-ultra-bright-water-transparent-bulb-indicator-signals-light-red-yellow-blue-white/,"5PC 12V 10mm Waterproof Pre-Wired Constant LED Ultra Bright Water Transparent Bulb Indicator Signals Light Red/Yellow/Blue/White",2020/09/5PC-12V-10mm-Waterproof-Pre-Wired-Constant-LED-Ultra-Bright-Water-Transparent-Bulb-Indicator-Signals-Light.jpg
57986,http://linhcorner.com/shop/uncategorized/5pcs-lot-g4-g9-led-bulb-3w-5w-ac-220v-dc-12v-led-lamp-smd2835-spotlight-chandelier-high-quality-lighting-replace-halogen-lamps/,"5pcs/lot G4 G9 LED Bulb 3W 5W AC 220V DC 12V LED Lamp SMD2835 Spotlight Chandelier High Quality Lighting Replace Halogen Lamps",2020/09/5pcs-lot-G4-G9-LED-Bulb-3W-5W-AC-220V-DC-12V-LED-Lamp-SMD2835-Spotlight.jpg
57991,http://linhcorner.com/shop/uncategorized/2pcs-lot-led-lamp-e14-3w-4w-5w-7w-ac220v-230v-240v-bombillas-led-light-corn-bulb-smd2835-crystal-candle-for-chandeliers-lighting/,"2pcs/lot LED Lamp E14 3W 4W 5W 7W AC220V 230V 240V Bombillas LED Light Corn Bulb SMD2835 Crystal Candle For Chandeliers Lighting",2020/09/2pcs-lot-LED-Lamp-E14-3W-4W-5W-7W-AC220V-230V-240V-Bombillas-LED-Light-Corn.jpg
58001,http://linhcorner.com/shop/uncategorized/2m-5m-10m-100-leds-starry-string-battery-lights-fairy-micro-led-transparent-copper-wire-for-party-christmas-wedding-light-strip/,"2M 5M 10M 100 LEDS Starry String battery Lights Fairy Micro LED Transparent Copper Wire for Party Christmas Wedding light strip",2020/09/2M-5M-10M-100-LEDS-Starry-String-battery-Lights-Fairy-Micro-LED-Transparent-Copper-Wire-for.jpg
58042,http://linhcorner.com/shop/uncategorized/lattuso-led-light-edison-bulb-3d-decoration-bulb-220v-a60-st64-g95-g80-g125-e27-holiday-lights-novelty-christmas-lamp-lamparas/,"LATTUSO LED Light Edison Bulb 3D Decoration Bulb 220V A60 ST64 G95 G80 G125 E27 Holiday Lights Novelty Christmas Lamp Lamparas",2020/09/LATTUSO-LED-Light-Edison-Bulb-3D-Decoration-Bulb-220V-A60-ST64-G95-G80-G125-E27-Holiday.jpg
58047,http://linhcorner.com/shop/uncategorized/led-ceiling-lights-220v-ceiling-lamps-light-15w-20w-30w-50w-surface-mounted-light-fixtures-ceiling-lighting-for-living-room/,"LED Ceiling Lights 220V Ceiling Lamps Light 15W 20W 30W 50W Surface Mounted Light Fixtures Ceiling Lighting for Living Room",2020/09/LED-Ceiling-Lights-220V-Ceiling-Lamps-Light-15W-20W-30W-50W-Surface-Mounted-Light-Fixtures-Ceiling.jpg
58068,http://linhcorner.com/shop/uncategorized/e27-led-bulb-lamps-50w-lampada-led-light-bulb-ac-220v-230v-240v-bombilla-spotlight-cold-warm-white-for-indoor-lighting/,"E27 LED Bulb Lamps 50W Lampada LED Light Bulb AC 220V 230V 240V Bombilla Spotlight Cold/Warm White For Indoor Lighting",2020/09/E27-LED-Bulb-Lamps-50W-Lampada-LED-Light-Bulb-AC-220V-230V-240V-Bombilla-Spotlight-Cold.jpg
58110,http://linhcorner.com/shop/uncategorized/%e2%80%8b2pcs-lot-led-bulb-e27-e14-20w-18w-15w-12w-9w-6w-3w-lampada-led-light-ac-220v-bombilla-spotlight-lighting-cold-warm-white-lamp/,"​2pcs/lot LED Bulb E27 E14 20W 18W 15W 12W 9W 6W 3W Lampada LED Light AC 220V Bombilla Spotlight Lighting Cold/Warm White Lamp",2020/09/2pcs-lot-LED-Bulb-E27-E14-20W-18W-15W-12W-9W-6W-3W-Lampada-LED.jpg
58165,http://linhcorner.com/shop/uncategorized/40pcs-mini-g4-energy-saving-tungsten-halogen-jc-type-light-bulb-lamp-12v-20w-g4-spotlight-for-crystal-chandelier-halogen-lamp/,"40pcs Mini G4 Energy Saving Tungsten Halogen JC Type Light Bulb Lamp 12V 20W G4 Spotlight For Crystal Chandelier Halogen Lamp",2020/09/40pcs-Mini-G4-Energy-Saving-Tungsten-Halogen-JC-Type-Light-Bulb-Lamp-12V-20W-G4-Spotlight.jpg
58182,http://linhcorner.com/shop/uncategorized/10pcs-3w-high-brightness-light-source-smd5730-round-led-lamp-panel-32mm-pcb-with-led-for-modified-bulb-ceiling-spotlight/,"10pcs 3W High Brightness Light Source SMD5730 Round LED Lamp Panel 32mm PCB With LED For Modified bulb Ceiling Spotlight",2020/09/10pcs-3W-High-Brightness-Light-Source-SMD5730-Round-LED-Lamp-Panel-32mm-PCB-With-LED-For.jpg
58195,http://linhcorner.com/shop/uncategorized/dbfsquare-angle-adjust-stretchable-led-cob-recessed-downlight-14w-20w-24w-led-ceiling-spot-light-kitchen-living-room-indoor/,"[DBF]Square Angle Adjust Stretchable LED COB Recessed Downlight 14W 20W 24W LED Ceiling Spot Light Kitchen Living room Indoor",2020/09/DBF-Square-Angle-Adjust-Stretchable-LED-COB-Recessed-Downlight-14W-20W-24W-LED-Ceiling-Spot.jpg
58228,http://linhcorner.com/shop/uncategorized/hot-the-cheapest-10pcs-lot-hot-sale-super-bright-g4-12v-20w-tungsten-halogen-bulb-lamp-light-bulb-home-decor-indoor-lighting/,"HOT The Cheapest! 10pcs/lot Hot Sale Super Bright G4 12v 20w Tungsten Halogen Bulb Lamp Light Bulb Home Decor indoor lighting",2020/09/HOT-The-Cheapest-10pcs-lot-Hot-Sale-Super-Bright-G4-12v-20w-Tungsten-Halogen-Bulb-Lamp.jpg
58246,http://linhcorner.com/shop/uncategorized/touch-dimmable-lights-led-desk-lamp-usb-rechargeable-table-lamps-for-children-kids-reading-study-bedside-bedroom-living-room/,"Touch Dimmable Lights Led Desk Lamp USB Rechargeable Table Lamps for Children Kids Reading  Study Bedside Bedroom Living Room",2020/09/Touch-Dimmable-Lights-Led-Desk-Lamp-USB-Rechargeable-Table-Lamps-for-Children-Kids-Reading-Study-Bedside.jpg
58251,http://linhcorner.com/shop/uncategorized/christmas-decor-led-lamp-tape-for-tv-background-lighting-holiday-lighting-usb-cable-power-led-strip-flexible-controller/,"Christmas Decor LED Lamp Tape For TV Background Lighting Holiday Lighting USB Cable Power LED strip Flexible Controller",2020/09/Christmas-Decor-LED-Lamp-Tape-For-TV-Background-Lighting-Holiday-Lighting-USB-Cable-Power-LED-strip.jpg
58258,http://linhcorner.com/shop/uncategorized/e27-e14-lampada-led-corn-bulb-220v-bombillas-led-lamp-warm-white-cold-white-spotlight-24-36-48-56-69-72-leds-led-bulb-light/,"E27 E14 Lampada LED Corn Bulb 220V Bombillas LED Lamp Warm White Cold White Spotlight 24 36 48 56 69 72 LEDs Led Bulb Light",2020/09/E27-E14-Lampada-LED-Corn-Bulb-220V-Bombillas-LED-Lamp-Warm-White-Cold-White-Spotlight-24.jpg
58262,http://linhcorner.com/shop/uncategorized/5w-10w-15w-led-light-bulb-with-remote-controlmemory-function-e27-220v-led-lamps-spotlight-rgbw-rgbww-bombillas-led-lampada/,"5W 10W 15W LED Light Bulb With Remote Control+Memory Function E27 220V LED Lamps Spotlight RGBW RGBWW Bombillas Led Lampada",2020/09/5W-10W-15W-LED-Light-Bulb-With-Remote-Control-Memory-Function-E27-220V-LED-Lamps-Spotlight.jpg
58274,http://linhcorner.com/shop/uncategorized/modern-led-ceiling-lights-remote-control-for-living-room-bedroom-78w-72w-90w-120w-aluminum-boby-indoor-plafond-lamp-flush-mount/,"Modern LED Ceiling Lights Remote control for Living room Bedroom 78W 72W 90W 120W Aluminum boby indoor plafond Lamp flush mount",2020/09/Modern-LED-Ceiling-Lights-Remote-control-for-Living-room-Bedroom-78W-72W-90W-120W-Aluminum-boby.jpg
58275,http://linhcorner.com/shop/uncategorized/kaguyahime-led-e27-led-light-e14-led-bulb-ac-220v-240v-20w-15w-12w-9w-6w-3w-led-spotlight-table-lamp-bombilla-lighting-lampada/,"Kaguyahime LED E27 LED Light E14 LED Bulb AC 220V 240V 20W 15W 12W 9W 6W 3W LED Spotlight Table Lamp Bombilla Lighting Lampada",2020/09/Kaguyahime-LED-E27-LED-Light-E14-LED-Bulb-AC-220V-240V-20W-15W-12W-9W-6W.jpg
58469,http://linhcorner.com/shop/uncategorized/2pcs-lot-e14-led-lamp-3w-5w-7w-220v-240v-led-corn-bulb-33-51-75-smd2835-360-beam-high-quality-ceramic-mini-chandelier-lights/,"2pcs/lot E14 LED Lamp 3W 5W 7W 220V 240V LED Corn Bulb 33 51 75 SMD2835 360 Beam High Quality Ceramic Mini Chandelier Lights",2020/09/2pcs-lot-E14-LED-Lamp-3W-5W-7W-220V-240V-LED-Corn-Bulb-33-51-75.jpg
58604,http://linhcorner.com/shop/uncategorized/waterproof-ip67-led-strips-rgb-220v-eu-plug-2835smd-color-changing-led-strip-lights-for-bedroom-party-kitchen-outdoor-garden/,"Waterproof IP67 LED Strips RGB 220V EU Plug 2835SMD Color Changing LED Strip Lights for Bedroom Party Kitchen Outdoor Garden",2020/09/Waterproof-IP67-LED-Strips-RGB-220V-EU-Plug-2835SMD-Color-Changing-LED-Strip-Lights-for-Bedroom.jpg
58813,http://linhcorner.com/shop/uncategorized/usb-led-strip-5050-rgb-flexible-led-light-dc5v-rgb-color-changeable-tv-background-lighting/,"USB LED Strip 5050 RGB Flexible LED Light DC5V RGB Color Changeable TV Background Lighting",2020/09/USB-LED-Strip-5050-RGB-Flexible-LED-Light-DC5V-RGB-Color-Changeable-TV-Background-Lighting.jpg
58882,http://linhcorner.com/shop/uncategorized/ultra-thin-led-ceiling-lights-220v-50w-30w-20w-15w-10w-surface-mount-modern-ceiling-lamps-for-living-room-panel-lamp-lighting/,"Ultra Thin Led Ceiling Lights 220V 50W 30W 20W 15W 10W Surface Mount Modern Ceiling Lamps for Living Room Panel Lamp Lighting",2020/09/Ultra-Thin-Led-Ceiling-Lights-220V-50W-30W-20W-15W-10W-Surface-Mount-Modern-Ceiling-Lamps.jpg
58908,http://linhcorner.com/shop/uncategorized/led-string-lights-card-photo-clip-holder-fairy-garland-lamp-for-christmas-new-year-wedding-party-decoration-battery-holiday-lamp/,"LED String lights Card Photo Clip Holder Fairy Garland lamp For Christmas New Year Wedding Party Decoration Battery holiday lamp",2020/09/LED-String-lights-Card-Photo-Clip-Holder-Fairy-Garland-lamp-For-Christmas-New-Year-Wedding-Party.jpg
59067,http://linhcorner.com/shop/uncategorized/e14-corn-bulb-e27-led-lamps-220v-b22-g9-gu10-high-power-36-56-72-96-138leds-lights-smd-4014-lampada-led-ac-220v-led-lighting/,"E14 Corn Bulb E27 LED Lamps 220V B22 G9 GU10 High Power 36 56 72 96 138leds Lights SMD 4014 Lampada Led AC 220V LED Lighting",2020/09/E14-Corn-Bulb-E27-LED-Lamps-220V-B22-G9-GU10-High-Power-36-56-72-96.jpg
59098,http://linhcorner.com/shop/uncategorized/siccsaee-2m-5m-10m-100-led-strings-sliver-wire-3xaa-battery-operated-christmas-wedding-party-decoration-led-string-fairy-lights/,"SICCSAEE 2M 5M 10M 100 Led Strings Sliver Wire 3XAA Battery Operated Christmas Wedding Party Decoration LED String Fairy Lights",2020/09/SICCSAEE-2M-5M-10M-100-Led-Strings-Sliver-Wire-3XAA-Battery-Operated-Christmas-Wedding-Party-Decoration.jpg
59191,http://linhcorner.com/shop/uncategorized/pumpkin-led-holiday-lights-string-lights-fairy-lights-outdoor-battery-operated-garland-halloween-decoration-party-lamp/,"Pumpkin LED Holiday lights  String Lights Fairy Lights Outdoor Battery Operated Garland Halloween Decoration Party Lamp",2020/09/Pumpkin-LED-Holiday-lights-String-Lights-Fairy-Lights-Outdoor-Battery-Operated-Garland-Halloween-Decoration-Party-Lamp.jpg
59350,http://linhcorner.com/shop/uncategorized/fairy-light-string-battery-powered-usb-waterproof-2m-5m-10m-garland-strings-light-strip-33ft-firefly-lights-wedding-decoration/,"fairy light string battery powered USB waterproof 2M 5M 10M  garland strings light strip 33FT firefly lights wedding decoration",2020/09/fairy-light-string-battery-powered-USB-waterproof-2M-5M-10M-garland-strings-light-strip-33FT-firefly.jpg
59383,http://linhcorner.com/shop/uncategorized/4pcs-lampada-e27-led-light-bulb-18w-15w-12w-9w-6w-3w-220v-240v-ampoule-bombillas-led-lamp-spotlight-cold-warm-white/,"4pcs Lampada E27 LED Light Bulb 18W 15W 12W 9W 6W 3W 220V 240V Ampoule Bombillas LED Lamp Spotlight Cold Warm White",2020/09/4pcs-Lampada-E27-LED-Light-Bulb-18W-15W-12W-9W-6W-3W-220V-240V-Ampoule-Bombillas.jpg
59409,http://linhcorner.com/shop/uncategorized/110v-220v-e27-rgb-led-bulb-lights-5w-10w-15w-rgb-lampada-changeable-colorful-rgbw-led-lamp-with-ir-remote-controlmemory-mode/,"110V 220V E27 RGB LED Bulb Lights 5W 10W 15W RGB Lampada Changeable Colorful RGBW LED Lamp With IR Remote Control+Memory Mode",2020/09/110V-220V-E27-RGB-LED-Bulb-Lights-5W-10W-15W-RGB-Lampada-Changeable-Colorful-RGBW-LED.jpg
59487,http://linhcorner.com/shop/uncategorized/2pcs-lot-led-bulb-e14-3w-4w-5w-7w-220v-240v-mini-corn-bulb-light-2835smd-360-beam-angle-replace-halogen-chandelier-led-lamp/,"2pcs/lot LED Bulb E14 3W 4W 5W 7W 220V-240V Mini Corn Bulb Light 2835SMD 360 Beam Angle Replace Halogen Chandelier LED Lamp",2020/09/2pcs-lot-LED-Bulb-E14-3W-4W-5W-7W-220V-240V-Mini-Corn-Bulb-Light-2835SMD.jpg
59571,http://linhcorner.com/shop/uncategorized/2m-power-garland-extension-lengthened-line-cable-eu-plug-220v-us-plug-110v-extender-wire-for-christmas-lights-wedding-decoration/,"2M Power Garland Extension Lengthened Line Cable EU Plug 220V/US Plug 110V Extender Wire For Christmas Lights Wedding Decoration",2020/09/2M-Power-Garland-Extension-Lengthened-Line-Cable-EU-Plug-220V-US-Plug-110V-Extender-Wire-For.jpg
59588,http://linhcorner.com/shop/uncategorized/led-strip-5050-5630-2835-rgb-lights-12v-5m-flexible-home-kitchen-decoration-lamp-waterproof-300-led-tape-diode-ribbon-60leds-m/,"LED Strip 5050 5630 2835 RGB lights 12V 5M Flexible Home Kitchen Decoration lamp Waterproof 300 LED Tape Diode Ribbon 60LEDs/M",2020/09/LED-Strip-5050-5630-2835-RGB-lights-12V-5M-Flexible-Home-Kitchen-Decoration-lamp-Waterproof-300.jpg
59627,http://linhcorner.com/shop/uncategorized/dimmable-mini-ceramics-cob-e14-led-bulb-light-220v-led-lamp-e14-5w-6w-7w-9w-candle-spotlight-lampada-ampoule-bombilla/,"Dimmable Mini Ceramics COB E14 LED Bulb Light 220V Led Lamp E14 5W 6W 7W 9W Candle Spotlight Lampada Ampoule Bombilla",2020/09/Dimmable-Mini-Ceramics-COB-E14-LED-Bulb-Light-220V-Led-Lamp-E14-5W-6W-7W-9W.jpg
59777,http://linhcorner.com/shop/uncategorized/5v-led-strip-light-usb-2835smd-rgb-diode-tape-0-5m-1m-2m-3m-flexible-neon-ribbon-for-tv-backlight-pc-screen-background-lighting/,"5V LED Strip Light USB 2835SMD RGB Diode Tape 0.5M 1M 2M 3M Flexible Neon Ribbon for TV Backlight PC Screen Background Lighting",2020/09/5V-LED-Strip-Light-USB-2835SMD-RGB-Diode-Tape-0-5M-1M-2M-3M-Flexible-Neon.jpg
59873,http://linhcorner.com/shop/uncategorized/5v-1m-2m-3m-nowaterproof-rgb-2835-smd-led-strip-can-change-color-for-tv-background-lighting-with-usb-ir-controller-usb-led-strip/,"5V 1M/2M/3M Nowaterproof RGB 2835 SMD Led Strip Can Change Color For TV Background Lighting With USB IR Controller USB Led Strip",2020/09/5V-1M-2M-3M-Nowaterproof-RGB-2835-SMD-Led-Strip-Can-Change-Color-For-TV-Background.jpg
59883,http://linhcorner.com/shop/uncategorized/2x2-3x2-6x3m-curtain-led-icicle-string-light-christmas-fairy-led-garland-outdoor-lights-for-home-wedding-party-garden-decoration/,"2x2/3x2/6x3M Curtain LED Icicle String Light Christmas Fairy LED Garland Outdoor Lights For Home Wedding Party Garden Decoration",2020/09/2x2-3x2-6x3M-Curtain-LED-Icicle-String-Light-Christmas-Fairy-LED-Garland-Outdoor-Lights-For-Home.jpg
59957,http://linhcorner.com/shop/uncategorized/120x10mm-battery-usb-powered-cob-led-strip-light-3v-3-7v-5v-led-bulb-5w-for-diy-led-lighting-white-blue-red-green-color/,"120x10mm Battery USB Powered COB LED Strip Light 3V 3.7V 5V LED Bulb 5W for DIY LED Lighting White Blue Red Green Color",2020/09/120x10mm-Battery-USB-Powered-COB-LED-Strip-Light-3V-3-7V-5V-LED-Bulb-5W-for.jpg
59996,http://linhcorner.com/shop/uncategorized/2pcs-lot-mini-e14-led-lamp-3w-4w-5w-7w-ac-220v-230v-240v-led-corn-bulb-smd2835-360-beam-angle-replace-halogen-chandelier-lights/,"2pcs/lot Mini E14 LED Lamp 3W 4W 5W 7W AC 220V 230V 240V LED Corn Bulb SMD2835 360 Beam Angle Replace Halogen Chandelier Lights",2020/09/2pcs-lot-Mini-E14-LED-Lamp-3W-4W-5W-7W-AC-220V-230V-240V-LED-Corn.jpg
60087,http://linhcorner.com/shop/uncategorized/4pcs-led-lamp-light-bulb-no-flicker-5w-10w-15w-20w-30w-40w-50w-e27-220v-lampada-led-lights-for-living-room-corridor-home-lamp/,"4pcs LED Lamp Light Bulb No Flicker 5W 10W 15W 20W 30W 40W 50W E27 220V Lampada LED Lights For Living Room Corridor Home Lamp",2020/09/4pcs-LED-Lamp-Light-Bulb-No-Flicker-5W-10W-15W-20W-30W-40W-50W-E27-220V.jpg
60140,http://linhcorner.com/shop/uncategorized/motherboard-mutile-color-5050-rgb-led-strip-for-pc-case-for-asus-aura-syncmsi-mystic-light-syncrgb-fusion-2-0-4-pin-header/,"Motherboard mutile color 5050 RGB LED Strip For PC Case, for ASUS Aura SYNC,MSI Mystic Light SYNC,RGB Fusion 2.0, 4 Pin Header",2020/09/Motherboard-mutile-color-5050-RGB-LED-Strip-For-PC-Case-for-ASUS-Aura-SYNC-MSI-Mystic.jpg
60273,http://linhcorner.com/shop/uncategorized/5m-50leds-led-garland-card-photo-clip-string-lights-fairy-decor-lights-xmas-bedroom-diy-clothespin-shapes-battery-christmas-lamp/,"5M 50LEDS LED Garland Card Photo Clip String Lights Fairy Decor Lights Xmas Bedroom DIY Clothespin Shapes Battery Christmas Lamp",2020/09/5M-50LEDS-LED-Garland-Card-Photo-Clip-String-Lights-Fairy-Decor-Lights-Xmas-Bedroom-DIY-Clothespin.jpg
60296,http://linhcorner.com/shop/uncategorized/e27-e14-led-bulb-5w-7w-rgb-16-color-changeable-led-lamp-110v-220v-rgb-led-light-bulb-spotlight-with-ir-remote-control-home-decor/,"E27 E14 LED Bulb 5W 7W RGB 16 Color Changeable LED Lamp 110V 220V RGB LED Light Bulb Spotlight With IR Remote Control Home Decor",2020/09/E27-E14-LED-Bulb-5W-7W-RGB-16-Color-Changeable-LED-Lamp-110V-220V-RGB-LED.jpg
60398,http://linhcorner.com/shop/uncategorized/fairy-lights-garland-decorative-led-lights-string-battery-operated-wedding-window-decoration-curtain-lights-for-christmas-party/,"Fairy Lights Garland Decorative LED Lights String Battery-Operated Wedding Window Decoration  Curtain Lights For Christmas Party",2020/09/Fairy-Lights-Garland-Decorative-LED-Lights-String-Battery-Operated-Wedding-Window-Decoration-Curtain-Lights-For-Christmas.jpg
60441,http://linhcorner.com/shop/uncategorized/20-50-100leds-garland-string-lights-copper-wire-fairy-lights-holiday-lamp-for-christmas-tree-wedding-party-home-decoration/,"20/50/100Leds Garland String Lights Copper Wire Fairy Lights Holiday Lamp For Christmas Tree Wedding Party Home Decoration",2020/09/20-50-100Leds-Garland-String-Lights-Copper-Wire-Fairy-Lights-Holiday-Lamp-For-Christmas-Tree-Wedding.jpg
60524,http://linhcorner.com/shop/uncategorized/5v-usb-led-strip-light-1m-2m-pink-ice-blue-warm-white-white-rgb-2835-tv-background-lighting-decoracion-fairy-lights/,"5V USB LED Strip Light 1M 2M Pink / Ice blue / Warm White / White / RGB 2835 TV Background Lighting Decoracion Fairy Lights",2020/09/5V-USB-LED-Strip-Light-1M-2M-Pink-Ice-blue-Warm-White-White-RGB-2835-TV.jpg
60630,http://linhcorner.com/shop/uncategorized/zhinuo-eu-us-plug-led-strip-accessory-power-supply-light-smd-5050-3014-led-220v-strip-plug-lighting-special-plug-ac-220v-type/,"ZHINUO EU/US Plug LED Strip Accessory Power Supply Light SMD 5050 3014 LED 220V Strip Plug Lighting Special Plug AC 220V Type",2020/09/ZHINUO-EU-US-Plug-LED-Strip-Accessory-Power-Supply-Light-SMD-5050-3014-LED-220V-Strip.jpg
60938,http://linhcorner.com/shop/uncategorized/usb-battery-power-led-ball-garland-lights-fairy-string-waterproof-outdoor-lamp-christmas-holiday-wedding-party-lights-decoration/,"USB/Battery Power LED Ball Garland Lights Fairy String Waterproof Outdoor Lamp Christmas Holiday Wedding Party Lights Decoration",2020/09/USB-Battery-Power-LED-Ball-Garland-Lights-Fairy-String-Waterproof-Outdoor-Lamp-Christmas-Holiday-Wedding-Party.jpg
60960,http://linhcorner.com/shop/uncategorized/modern-led-chandelier-metal-molecular-lamp-pendant-ceiling-decor-glass-ball-lamp-living-room-bedroom-indoor-chandelier-lighting/,"Modern led chandelier metal Molecular Lamp Pendant Ceiling Decor Glass Ball Lamp Living Room Bedroom indoor chandelier lighting",2020/09/Modern-led-chandelier-metal-Molecular-Lamp-Pendant-Ceiling-Decor-Glass-Ball-Lamp-Living-Room-Bedroom-indoor.jpg
60972,http://linhcorner.com/shop/uncategorized/kaguyahime-round-mini-octopus-led-module-ceiling-lamp-light-12w-16w-18w-20w-24w-220v-magnetic-modified-source-ring-tube-bulb/,"Kaguyahime Round/Mini/Octopus LED Module Ceiling Lamp Light 12W 16W 18W 20W 24W 220V Magnetic Modified Source Ring Tube Bulb",2020/09/Kaguyahime-Round-Mini-Octopus-LED-Module-Ceiling-Lamp-Light-12W-16W-18W-20W-24W-220V-Magnetic.jpg
60986,http://linhcorner.com/shop/uncategorized/vintage-ceiling-light-retro-loft-industrial-nordic-iron-lamp-decor-for-living-room-bar-restaurant-room-hanging-fixtures-lamp/,"Vintage Ceiling Light Retro Loft Industrial Nordic Iron lamp Decor For Living Room Bar Restaurant Room Hanging Fixtures Lamp",2020/09/Vintage-Ceiling-Light-Retro-Loft-Industrial-Nordic-Iron-lamp-Decor-For-Living-Room-Bar-Restaurant-Room.jpg
61032,http://linhcorner.com/shop/uncategorized/led-strip-5050-rgb-changeable-60led-tv-background-lighting-usb-dc5v-1m-2m-3m-5m-diy-flexible-car-led-light-music-mini-controller/,"LED Strip 5050 RGB Changeable 60LED TV Background Lighting USB DC5V 1M 2M 3M 5M DIY Flexible car LED Light.Music mini controller",2020/09/LED-Strip-5050-RGB-Changeable-60LED-TV-Background-Lighting-USB-DC5V-1M-2M-3M-5M-DIY.jpg
61335,http://linhcorner.com/shop/uncategorized/5050-smd-flexible-led-strip-light-12v-dc-background-pc-computer-case-adhesive-strip-light-waterproof-50-100-120-200cm-tape-lamp/,"5050 SMD Flexible LED Strip Light 12V DC Background PC Computer Case Adhesive Strip Light Waterproof 50/100/120/200cm tape lamp",2020/09/5050-SMD-Flexible-LED-Strip-Light-12V-DC-Background-PC-Computer-Case-Adhesive-Strip-Light-Waterproof.jpg
61393,http://linhcorner.com/shop/uncategorized/round-square-led-chandelier-lighting-for-bedroom-living-room-new-lighting-fixture-lustre-avize-led-ceiling-chandelier-for-family/,"Round/Square LED Chandelier Lighting For Bedroom Living Room New Lighting Fixture Lustre Avize LED Ceiling Chandelier For Family",2020/09/Round-Square-LED-Chandelier-Lighting-For-Bedroom-Living-Room-New-Lighting-Fixture-Lustre-Avize-LED-Ceiling.jpg
61467,http://linhcorner.com/shop/uncategorized/ultra-bright-ceiling-lights-220v-led-ceiling-light-for-living-room-12w-24w-ceiling-lamp-lighting-fixtures-bedroom-real-watt/,"Ultra Bright Ceiling Lights 220V Led Ceiling Light for Living Room 12W 24W Ceiling Lamp Lighting Fixtures Bedroom Real Watt",2020/09/Ultra-Bright-Ceiling-Lights-220V-Led-Ceiling-Light-for-Living-Room-12W-24W-Ceiling-Lamp-Lighting.jpg
61495,http://linhcorner.com/shop/uncategorized/kaguyahime-led-gu10-lamp-mr16-led-bulb-e27-e14-7w-6w-5w-3w-ac-220v-lampada-aluminum-energy-saving-home-lighting-led-spotlight/,"Kaguyahime LED GU10 Lamp MR16 LED Bulb E27 E14 7W 6W 5W 3W AC 220V Lampada Aluminum Energy Saving Home Lighting LED Spotlight",2020/09/Kaguyahime-LED-GU10-Lamp-MR16-LED-Bulb-E27-E14-7W-6W-5W-3W-AC-220V-Lampada.jpg
61630,http://linhcorner.com/shop/uncategorized/g9-led-lamp-7w-9w-10w-11w-corn-bulb-ac-220v-smd-2835-3014-48-64-96-104leds-lampada-led-light-360-degrees-replace-halogen-lamp/,"G9 LED Lamp 7W 9W 10W 11W Corn Bulb AC 220V SMD 2835 3014 48 64 96 104Leds Lampada LED light 360 degrees Replace Halogen Lamp",2020/09/G9-LED-Lamp-7W-9W-10W-11W-Corn-Bulb-AC-220V-SMD-2835-3014-48-64.jpg
61809,http://linhcorner.com/shop/uncategorized/led-ceiling-lamp-octopus-light-12w-16w-20w-24w-led-light-board-220v-5730smd-energy-saving-expectancy-led-lamp-cold-warm-white/,"LED Ceiling Lamp Octopus Light 12W 16W 20W 24W LED Light Board 220V 5730SMD Energy Saving Expectancy LED Lamp Cold Warm white",2020/09/LED-Ceiling-Lamp-Octopus-Light-12W-16W-20W-24W-LED-Light-Board-220V-5730SMD-Energy-Saving.jpg
