200234,http://linhcorner.com/shop/uncategorized/summer-sex-a-line-mini-skirt-vintage-casual-women-plaid-skirt-chic-sashes-korean-irregular-lady-skirt-female-sweet-high-waist/,"Summer sex A-line Mini Skirt Vintage Casual Women Plaid Skirt Chic Sashes Korean Irregular Lady Skirt Female Sweet High Waist",2020/09/Summer-sex-A-line-Mini-Skirt-Vintage-Casual-Women-Plaid-Skirt-Chic-Sashes-Korean-Irregular-Lady.jpg
200237,http://linhcorner.com/shop/uncategorized/2020-new-women-skirt-mini-bodycon-skirt-office-women-slim-knee-length-high-waist-stretch-sexy-pencil-skirts-jupe-femme-aq801944/,"2020 New Women Skirt Mini Bodycon Skirt Office Women Slim Knee Length High Waist Stretch Sexy Pencil Skirts Jupe Femme AQ801944",2020/09/2020-New-Women-Skirt-Mini-Bodycon-Skirt-Office-Women-Slim-Knee-Length-High-Waist-Stretch-Sexy.jpg
200239,http://linhcorner.com/shop/uncategorized/cheapest-free-shipping-new-fashion-2020-summer-women-skirt-high-waist-candy-color-plus-size-elastic-pleated-sexy-short-skirt/,"Cheapest Free Shipping New Fashion 2020 Summer Women Skirt High Waist Candy Color Plus Size Elastic Pleated Sexy Short Skirt",2020/09/Cheapest-Free-Shipping-New-Fashion-2020-Summer-Women-Skirt-High-Waist-Candy-Color-Plus-Size-Elastic.jpg
200241,http://linhcorner.com/shop/uncategorized/women-pleat-skirt-mini-cute-japanese-school-uniforms-ladies-jupe-kawaii-skirt-harajuku-preppy-style-plaid-skirts-saia-faldasbelt/,"Women Pleat Skirt Mini Cute Japanese School Uniforms Ladies Jupe Kawaii Skirt Harajuku Preppy Style Plaid Skirts Saia FaldasBelt",2020/09/Women-Pleat-Skirt-Mini-Cute-Japanese-School-Uniforms-Ladies-Jupe-Kawaii-Skirt-Harajuku-Preppy-Style-Plaid.jpg
200243,http://linhcorner.com/shop/uncategorized/a-line-high-waist-pleated-mini-skirt-pink-pleated-satin-skirt-womens-fashion-slim-waist-casual-tennis-skirts-school-vacation/,"A-Line High Waist Pleated Mini Skirt Pink Pleated Satin Skirt Women's Fashion Slim Waist Casual Tennis Skirts school Vacation",2020/09/A-Line-High-Waist-Pleated-Mini-Skirt-Pink-Pleated-Satin-Skirt-Women-s-Fashion-Slim-Waist.jpg
200277,http://linhcorner.com/shop/uncategorized/bandage-skirts-16-colors-rayon-new-women-sexy-2020-celebrity-party-knee-length-red-blue-green-black-pink-white-yellow-beige/,"Bandage Skirts 16 Colors Rayon New Women Sexy 2020 Celebrity Party Knee-length red blue green black pink white yellow  beige",2020/09/Bandage-Skirts-16-Colors-Rayon-New-Women-Sexy-2020-Celebrity-Party-Knee-length-red-blue-green-scaled.jpg
200414,http://linhcorner.com/shop/uncategorized/amtivaya-style-korean-woman-clothes-kawaii-y2k-vintage-womens-summer-skirts-ladies-beach-floral-sexy-anime-wrap-skirt-for-girls/,"Amtivaya Style Korean Woman Clothes Kawaii Y2k Vintage Women's Summer Skirts Ladies Beach Floral Sexy Anime Wrap Skirt for Girls",2020/09/Amtivaya-Style-Korean-Woman-Clothes-Kawaii-Y2k-Vintage-Women-s-Summer-Skirts-Ladies-Beach-Floral-Sexy.jpg
200439,http://linhcorner.com/shop/uncategorized/qrwr-xs-3xl-plaid-summer-women-skirt-2020-high-waist-stitching-student-pleated-skirts-women-cute-sweet-girls-dance-mini-skirt/,"QRWR XS-3XL Plaid Summer Women Skirt 2020 High Waist Stitching Student Pleated Skirts Women Cute Sweet Girls Dance Mini Skirt",2020/09/QRWR-XS-3XL-Plaid-Summer-Women-Skirt-2020-High-Waist-Stitching-Student-Pleated-Skirts-Women-Cute.jpg
200458,http://linhcorner.com/shop/uncategorized/summer-fashion-women-high-waist-lady-office-skirt-sexy-slim-fit-polka-dot-mermaid-skirt-trumpet-ruffle-women-work-office-skirt/,"Summer Fashion Women High Waist Lady Office Skirt Sexy Slim Fit Polka Dot Mermaid Skirt Trumpet Ruffle Women Work Office Skirt",2020/09/Summer-Fashion-Women-High-Waist-Lady-Office-Skirt-Sexy-Slim-Fit-Polka-Dot-Mermaid-Skirt-Trumpet.jpg
200514,http://linhcorner.com/shop/uncategorized/2020-high-waist-skirt-black-skirt-korean-skirt-women-summer-high-waist-pleated-plaid-skirt-female-anime-short-skirts-skirt/,"2020 high waist skirt  black skirt  korean skirt Women Summer high waist pleated plaid skirt Female Anime Short Skirts skirt",2020/09/2020-high-waist-skirt-black-skirt-korean-skirt-Women-Summer-high-waist-pleated-plaid-skirt-Female.jpg
200524,http://linhcorner.com/shop/uncategorized/women-vintage-tulle-skirt-short-tutu-mini-skirts-adult-fancy-ballet-dancewear-party-costume-ball-gown-mini-skirt-summer-2020-hot/,"Women Vintage Tulle Skirt Short Tutu Mini Skirts Adult Fancy Ballet Dancewear Party Costume Ball Gown Mini skirt Summer 2020 Hot",2020/09/Women-Vintage-Tulle-Skirt-Short-Tutu-Mini-Skirts-Adult-Fancy-Ballet-Dancewear-Party-Costume-Ball-Gown.jpg
200578,http://linhcorner.com/shop/uncategorized/xs-xxl-high-waist-womens-skirts-striped-pleated-skirt-elastic-waist-female-skirts-sweet-mini-skirts-dance-skirt-plaid-skirt-y2k/,"XS-XXL High Waist Women's Skirts Striped Pleated Skirt Elastic Waist Female Skirts Sweet Mini Skirts Dance Skirt Plaid Skirt y2k",2020/09/XS-XXL-High-Waist-Women-s-Skirts-Striped-Pleated-Skirt-Elastic-Waist-Female-Skirts-Sweet-Mini.jpg
200719,http://linhcorner.com/shop/uncategorized/aonibeier-women-suede-solid-color-pencil-skirt-female-autumn-winter-high-waist-bodycon-vintage-split-thick-stretchy-skirts/,"Aonibeier Women Suede Solid Color Pencil Skirt Female Autumn Winter High Waist Bodycon Vintage Split Thick Stretchy Skirts",2020/09/Aonibeier-Women-Suede-Solid-Color-Pencil-Skirt-Female-Autumn-Winter-High-Waist-Bodycon-Vintage-Split-Thick.jpg
200761,http://linhcorner.com/shop/uncategorized/alsoto-2020-winter-and-summer-style-brand-women-skirt-elastic-faldas-ladies-midi-skirt-sexy-girl-mini-short-skirts-saia-feminina/,"ALSOTO 2020 Winter and Summer Style Brand Women Skirt Elastic Faldas Ladies Midi Skirt Sexy Girl Mini Short Skirts Saia Feminina",2020/09/ALSOTO-2020-Winter-and-Summer-Style-Brand-Women-Skirt-Elastic-Faldas-Ladies-Midi-Skirt-Sexy-Girl.jpg
200810,http://linhcorner.com/shop/uncategorized/womens-elastic-waist-chiffon-elegant-long-ladies-beach-holiday-floral-8m-big-swing-streetwear-female-bohemia-half-long-skirt/,"Womens Elastic Waist Chiffon Elegant Long Ladies Beach Holiday Floral 8M Big-Swing Streetwear Female Bohemia Half-Long Skirt",2020/09/Womens-Elastic-Waist-Chiffon-Elegant-Long-Ladies-Beach-Holiday-Floral-8M-Big-Swing-Streetwear-Female-Bohemia.jpg
200855,http://linhcorner.com/shop/uncategorized/women-denim-bodycon-mini-skirts-high-waist-sexy-pencil-jeans-short-skirts-women-2020-summer-fashion-pocket-skirt-female/,"Women Denim Bodycon Mini Skirts High Waist Sexy Pencil Jeans Short Skirts Women 2020 Summer Fashion Pocket Skirt Female",2020/09/Women-Denim-Bodycon-Mini-Skirts-High-Waist-Sexy-Pencil-Jeans-Short-Skirts-Women-2020-Summer-Fashion.jpg
200870,http://linhcorner.com/shop/uncategorized/summer-plaid-pleated-women-mini-skirts-harajuku-female-empire-casual-japanese-kawaii-cute-skirts-student-uniform-sailor-skirt/,"Summer Plaid Pleated Women Mini Skirts Harajuku Female Empire Casual Japanese Kawaii Cute Skirts Student Uniform Sailor Skirt",2020/09/Summer-Plaid-Pleated-Women-Mini-Skirts-Harajuku-Female-Empire-Casual-Japanese-Kawaii-Cute-Skirts-Student-Uniform.jpg
201041,http://linhcorner.com/shop/uncategorized/womens-sexy-skirt-summer-solid-color-ladies-pencil-skirt-elegant-evening-party-clothes-ruffle-ladies-mini-skirt/,"Womens Sexy Skirt Summer Solid Color Ladies Pencil Skirt Elegant Evening Party Clothes Ruffle Ladies Mini Skirt",2020/09/Womens-Sexy-Skirt-Summer-Solid-Color-Ladies-Pencil-Skirt-Elegant-Evening-Party-Clothes-Ruffle-Ladies-Mini.jpg
201107,http://linhcorner.com/shop/uncategorized/women-pleat-skirt-harajuku-preppy-style-plaid-skirts-mini-cute-japanese-school-uniforms-ladies-jupe-kawaii-skirt-saia-faldas/,"Women Pleat Skirt Harajuku Preppy Style Plaid Skirts Mini Cute Japanese School Uniforms Ladies Jupe Kawaii Skirt Saia Faldas",2020/09/Women-Pleat-Skirt-Harajuku-Preppy-Style-Plaid-Skirts-Mini-Cute-Japanese-School-Uniforms-Ladies-Jupe-Kawaii.jpg
201117,http://linhcorner.com/shop/uncategorized/new-coming-european-women-autumn-print-pencil-skirt-high-stretch-abstract-pattern-midi-slip-hip-skirt-female/,"New-Coming European Women Autumn Print Pencil Skirt High Stretch Abstract Pattern Midi Slip Hip Skirt Female",2020/09/New-Coming-European-Women-Autumn-Print-Pencil-Skirt-High-Stretch-Abstract-Pattern-Midi-Slip-Hip-Skirt.jpg
201152,http://linhcorner.com/shop/uncategorized/sexy-multi-color-suede-midi-pencil-skirt-women-2018-fashion-elastic-high-waist-office-lady-bodycon-skirts-saias/,"Sexy Multi Color Suede Midi Pencil Skirt Women 2018 Fashion Elastic High Waist Office Lady Bodycon Skirts Saias",2020/09/Sexy-Multi-Color-Suede-Midi-Pencil-Skirt-Women-2018-Fashion-Elastic-High-Waist-Office-Lady-Bodycon.jpg
201160,http://linhcorner.com/shop/uncategorized/pink-pleated-skirt-women-2020-plus-size-atumn-elegant-white-high-waist-long-skirt-black-casual-ladies-chiffon-skirt-mujer-faldas/,"pink pleated skirt Women 2020 Plus Size Atumn Elegant White High Waist Long Skirt Black Casual Ladies Chiffon Skirt mujer faldas",2020/09/pink-pleated-skirt-Women-2020-Plus-Size-Atumn-Elegant-White-High-Waist-Long-Skirt-Black-Casual.jpg
201234,http://linhcorner.com/shop/uncategorized/fairyshely-2020-autumn-winter-high-waist-umbrella-knee-skirt-women-casual-pocket-woolen-grid-skirt-female-flare-plaid-long-skirt/,"FairyShely 2020 Autumn Winter High Waist Umbrella Knee Skirt Women Casual Pocket Woolen Grid Skirt female Flare Plaid Long skirt",2020/09/FairyShely-2020-Autumn-Winter-High-Waist-Umbrella-Knee-Skirt-Women-Casual-Pocket-Woolen-Grid-Skirt-female.jpg
201235,http://linhcorner.com/shop/uncategorized/asapgot-fall-winter-korean-chic-ruffles-slim-high-waist-mermaid-skirts-women-wild-solid-wrap-hip-knitted-trumpet-skirt-faldas/,"Asapgot Fall Winter Korean Chic Ruffles Slim High Waist Mermaid Skirts Women Wild Solid Wrap Hip Knitted Trumpet Skirt Faldas",2020/09/Asapgot-Fall-Winter-Korean-Chic-Ruffles-Slim-High-Waist-Mermaid-Skirts-Women-Wild-Solid-Wrap-Hip.jpg
201324,http://linhcorner.com/shop/uncategorized/12-colors-sexy-solid-zipper-orange-blue-black-bandage-skirt-women-elastic-bodycon-summer-plus-size-xl-xxl-pencil-skirts-58cm/,"12 Colors Sexy Solid Zipper Orange Blue Black Bandage Skirt Women Elastic Bodycon Summer Plus Size XL XXL Pencil Skirts 58cm",2020/09/12-Colors-Sexy-Solid-Zipper-Orange-Blue-Black-Bandage-Skirt-Women-Elastic-Bodycon-Summer-Plus-Size.jpg
201332,http://linhcorner.com/shop/uncategorized/women-2020-summer-pleated-skirts-harajuku-fashion-high-waist-pleated-love-embroidery-skirt-woman-heart-a-line-mini-skirts/,"Women 2020 Summer Pleated Skirts Harajuku Fashion High Waist Pleated Love Embroidery Skirt Woman Heart A Line Mini Skirts",2020/09/Women-2020-Summer-Pleated-Skirts-Harajuku-Fashion-High-Waist-Pleated-Love-Embroidery-Skirt-Woman-Heart-A.jpg
201371,http://linhcorner.com/shop/uncategorized/fashion-cartoon-print-skirt-for-women-split-high-waist-pencil-skirt-spring-summer-womens-plus-size-bag-hip-mid-long-skirts/,"Fashion Cartoon Print Skirt For Women Split High waist Pencil Skirt Spring Summer Womens Plus size Bag Hip Mid Long Skirts",2020/09/Fashion-Cartoon-Print-Skirt-For-Women-Split-High-waist-Pencil-Skirt-Spring-Summer-Womens-Plus-size.jpg
201372,http://linhcorner.com/shop/uncategorized/women-plaid-skirt-2020-streetwear-slim-a-line-skirt-high-waist-split-short-skirt-harajuku-lattice-skirts-womens/,"Women Plaid Skirt 2020 Streetwear Slim A-line Skirt High Waist Split Short Skirt harajuku Lattice skirts womens",2020/09/Women-Plaid-Skirt-2020-Streetwear-Slim-A-line-Skirt-High-Waist-Split-Short-Skirt-harajuku-Lattice.jpg
201550,http://linhcorner.com/shop/uncategorized/womens-casual-mini-skirt-all-match-women-short-skirt-fashion-tartan-red-pleated-skirts-streatwear-plaid-side-button-skirt/,"Womens Casual Mini Skirt All Match Women Short Skirt Fashion Tartan Red Pleated Skirts Streatwear plaid Side Button skirt",2020/09/Womens-Casual-Mini-Skirt-All-Match-Women-Short-Skirt-Fashion-Tartan-Red-Pleated-Skirts-Streatwear-plaid.jpg
201660,http://linhcorner.com/shop/uncategorized/boofeenaa-sexy-black-high-waisted-a-line-suspender-skirts-womens-spring-summer-2020-women-high-split-long-maxi-skirt-c83-bz23/,"BOOFEENAA Sexy Black High Waisted A Line Suspender Skirts Womens Spring Summer 2020 Women High Split Long Maxi Skirt C83-BZ23",2020/09/BOOFEENAA-Sexy-Black-High-Waisted-A-Line-Suspender-Skirts-Womens-Spring-Summer-2020-Women-High-Split.jpg
201664,http://linhcorner.com/shop/uncategorized/sisterlinda-vintage-black-plaid-mini-y2k-skirt-women-fashion-high-waist-office-lady-party-side-zipper-skirts-mujer-2020-clothing/,"Sisterlinda Vintage Black Plaid Mini y2k Skirt Women Fashion High Waist Office Lady Party Side Zipper Skirts Mujer 2020 Clothing",2020/09/Sisterlinda-Vintage-Black-Plaid-Mini-y2k-Skirt-Women-Fashion-High-Waist-Office-Lady-Party-Side-Zipper.jpg
201690,http://linhcorner.com/shop/uncategorized/women-purple-black-gothic-pleated-plaid-skirt-summer-high-waist-korea-harajuku-japanese-cute-sexy-mini-a-line-skirts-cosplay/,"women purple black gothic  pleated plaid skirt summer high waist korea harajuku japanese cute sexy mini a-line skirts cosplay",2020/09/women-purple-black-gothic-pleated-plaid-skirt-summer-high-waist-korea-harajuku-japanese-cute-sexy-mini.jpg
201734,http://linhcorner.com/shop/uncategorized/womens-streetwear-tooling-half-length-pleated-skirt-safari-black-short-skirt-fashion-high-waist-harajuku-women-skirts/,"Womens Streetwear Tooling Half-length Pleated Skirt Safari Black Short Skirt Fashion High Waist Harajuku Women Skirts",2020/09/Womens-Streetwear-Tooling-Half-length-Pleated-Skirt-Safari-Black-Short-Skirt-Fashion-High-Waist-Harajuku-Women.jpg
201737,http://linhcorner.com/shop/uncategorized/harajuku-tartan-pink-women-skirt-sexy-plaid-pleated-skirts-fashion-mini-dance-skirt-side-button-high-waist-school-skirts-female/,"Harajuku Tartan Pink Women Skirt Sexy Plaid Pleated Skirts Fashion Mini Dance Skirt Side Button High Waist School Skirts Female",2020/09/Harajuku-Tartan-Pink-Women-Skirt-Sexy-Plaid-Pleated-Skirts-Fashion-Mini-Dance-Skirt-Side-Button-High.jpg
201753,http://linhcorner.com/shop/uncategorized/fashion-women-skirt-preppy-style-plaid-skirts-high-waist-chic-student-pleated-skirt-harajuku-uniforms-ladies-girls-dance-skirts/,"Fashion Women Skirt Preppy Style Plaid Skirts High Waist Chic Student Pleated Skirt Harajuku Uniforms Ladies Girls Dance Skirts",2020/09/Fashion-Women-Skirt-Preppy-Style-Plaid-Skirts-High-Waist-Chic-Student-Pleated-Skirt-Harajuku-Uniforms-Ladies.jpg
201845,http://linhcorner.com/shop/uncategorized/fairyshely-2020-autumn-winter-high-waist-umbrella-maxi-skirt-women-casual-pocket-woolen-grid-skirt-female-flare-plaid-long-skirt/,"FairyShely 2020 Autumn Winter High Waist Umbrella Maxi Skirt Women Casual Pocket Woolen Grid Skirt female Flare Plaid Long skirt",2020/09/FairyShely-2020-Autumn-Winter-High-Waist-Umbrella-Maxi-Skirt-Women-Casual-Pocket-Woolen-Grid-Skirt-female.jpg
201873,http://linhcorner.com/shop/uncategorized/high-waist-pleated-skirt-women-winter-vintage-black-velvet-skirt-ladies-2020-long-silver-maxi-elascity-casual-party-skirt/,"High Waist Pleated Skirt Women Winter Vintage Black Velvet Skirt Ladies 2020 Long Silver Maxi Elascity Casual Party Skirt",2020/09/High-Waist-Pleated-Skirt-Women-Winter-Vintage-Black-Velvet-Skirt-Ladies-2020-Long-Silver-Maxi-Elascity.jpg
201884,http://linhcorner.com/shop/uncategorized/2019-women-skirts-suede-split-thick-stretchy-skirt-female-pencil-skirts-plus-size-jupe-femme-faldas-mujer/,"2019 Women Skirts Suede Split Thick Stretchy Skirt Female Pencil Skirts Plus Size Jupe Femme Faldas Mujer",2020/09/2019-Women-Skirts-Suede-Split-Thick-Stretchy-Skirt-Female-Pencil-Skirts-Plus-Size-Jupe-Femme-Faldas.jpg
202006,http://linhcorner.com/shop/uncategorized/gigogou-60-80cm-elastic-band-women-skirts-autumn-winter-warm-knitted-straight-skirt-ribbed-ribbed-mid-long-skirt-black/,"GIGOGOU 60-80CM Elastic Band Women Skirts Autumn Winter Warm Knitted Straight Skirt Ribbed Ribbed Mid-Long Skirt Black",2020/09/GIGOGOU-60-80CM-Elastic-Band-Women-Skirts-Autumn-Winter-Warm-Knitted-Straight-Skirt-Ribbed-Ribbed-Mid.jpg
202089,http://linhcorner.com/shop/uncategorized/women-solid-long-skirts-knit-stretch-plus-size-pencil-skirt-fashion-female-elastic-high-waist-black-vintage-maxi-skirt/,"Women Solid Long Skirts Knit Stretch Plus Size Pencil Skirt Fashion Female Elastic High Waist Black Vintage Maxi Skirt",2020/09/Women-Solid-Long-Skirts-Knit-Stretch-Plus-Size-Pencil-Skirt-Fashion-Female-Elastic-High-Waist-Black.jpg
202103,http://linhcorner.com/shop/uncategorized/2020-summer-tulle-skirts-womens-midi-pleated-skirts-black-tulle-skirt-women-spring-fashion-elastic-high-waist-mesh-tutu-skirts/,"2020 Summer Tulle Skirts Womens Midi Pleated Skirts Black Tulle Skirt Women Spring Fashion Elastic High Waist Mesh Tutu Skirts",2020/09/2020-Summer-Tulle-Skirts-Womens-Midi-Pleated-Skirts-Black-Tulle-Skirt-Women-Spring-Fashion-Elastic-High.jpg
202180,http://linhcorner.com/shop/uncategorized/qrwr-summer-women-skirts-2020-new-korean-high-waist-plaid-mini-skirt-women-school-girls-sexy-cute-pleated-skirt-with-zipper/,"QRWR Summer Women Skirts 2020 New Korean High Waist Plaid Mini Skirt Women School Girls Sexy Cute Pleated Skirt with Zipper",2020/09/QRWR-Summer-Women-Skirts-2020-New-Korean-High-Waist-Plaid-Mini-Skirt-Women-School-Girls-Sexy.jpg
202195,http://linhcorner.com/shop/uncategorized/women-fashion-summer-high-waist-pleated-skirt-wind-cosplay-skirt-kawaii-female-mini-skirts-short-under-it-sweet-girls-danceskirt/,"Women Fashion Summer high waist pleated skirt Wind Cosplay skirt kawaii Female Mini Skirts Short Under it Sweet Girls DanceSkirt",2020/09/Women-Fashion-Summer-high-waist-pleated-skirt-Wind-Cosplay-skirt-kawaii-Female-Mini-Skirts-Short-Under.jpg
202207,http://linhcorner.com/shop/uncategorized/alsoto-fashion-summer-style-women-skirt-solid-color-sexy-high-waist-pleated-skirt-black-korean-version-mini-a-line-saia/,"ALSOTO Fashion Summer Style Women Skirt Solid Color Sexy High Waist Pleated Skirt black Korean Version Mini A-line Saia",2020/09/ALSOTO-Fashion-Summer-Style-Women-Skirt-Solid-Color-Sexy-High-Waist-Pleated-Skirt-black-Korean-Version.jpg
202267,http://linhcorner.com/shop/uncategorized/sexy-pencil-skirt-women-2020-fashion-solid-elastic-high-waist-office-lady-bodycon-skirts-saias-casual-sheath-wrap-split-skirts/,"Sexy Pencil Skirt Women 2020 Fashion solid Elastic High Waist Office Lady Bodycon Skirts Saias Casual Sheath Wrap Split Skirts",2020/09/Sexy-Pencil-Skirt-Women-2020-Fashion-solid-Elastic-High-Waist-Office-Lady-Bodycon-Skirts-Saias-Casual.jpg
202296,http://linhcorner.com/shop/uncategorized/skirts-womens-gothic-punk-witchcraft-moon-magic-spell-symbols-pleated-mini-skirt-faldas-mujer-moda-2020-jupe-femme/,"Skirts Womens Gothic Punk Witchcraft Moon Magic Spell Symbols Pleated Mini Skirt Faldas Mujer Moda 2020 Jupe Femme",2020/09/Skirts-Womens-Gothic-Punk-Witchcraft-Moon-Magic-Spell-Symbols-Pleated-Mini-Skirt-Faldas-Mujer-Moda-2020.jpg
202402,http://linhcorner.com/shop/uncategorized/2020-autumn-winter-a-line-thick-short-sweater-skirt-women-good-quality-cute-pleated-mini-skirt-female-elegant-knit-skirt/,"2020  Autumn winter a-line thick short SWEATER Skirt Women  good quality cute pleated mini skirt female elegant  knit skirt",2020/09/2020-Autumn-winter-a-line-thick-short-SWEATER-Skirt-Women-good-quality-cute-pleated-mini-skirt.jpg
202409,http://linhcorner.com/shop/uncategorized/ladies-vintage-autumn-winter-women-velvet-skirt-high-waisted-elegant-sexy-skinny-black-pleated-skirts-female-maxi-skirts-womens/,"Ladies Vintage Autumn Winter Women Velvet Skirt High Waisted Elegant Sexy Skinny Black Pleated Skirts Female Maxi Skirts Womens",2020/09/Ladies-Vintage-Autumn-Winter-Women-Velvet-Skirt-High-Waisted-Elegant-Sexy-Skinny-Black-Pleated-Skirts-Female.jpg
202444,http://linhcorner.com/shop/uncategorized/gothic-cartoon-cute-print-comic-skirt-2020-summer-a-line-short-streetwear-ulzzang-skirts-womens-gonne-donna-estive-faldas-cortas/,"Gothic Cartoon Cute Print Comic Skirt 2020 Summer A Line Short Streetwear Ulzzang Skirts Womens Gonne Donna Estive Faldas Cortas",2020/09/Gothic-Cartoon-Cute-Print-Comic-Skirt-2020-Summer-A-Line-Short-Streetwear-Ulzzang-Skirts-Womens-Gonne.jpg
202454,http://linhcorner.com/shop/uncategorized/magiray-high-waist-elastic-pencil-skirt-female-bodycon-skirts-womens-summer-2020-knee-length-back-split-ladies-office-saia-c571/,"Magiray High Waist Elastic Pencil Skirt Female Bodycon Skirts Womens Summer 2020 Knee Length Back Split Ladies Office Saia C571",2020/09/Magiray-High-Waist-Elastic-Pencil-Skirt-Female-Bodycon-Skirts-Womens-Summer-2020-Knee-Length-Back-Split.jpg
202516,http://linhcorner.com/shop/uncategorized/skirts-women-leather-high-waist-solid-slim-fit-midi-skirt-workout-slim-party-pencil-soft-highlight-your-figure-skirt/,"Skirts women Leather High Waist solid Slim fit Midi skirt workout Slim Party Pencil soft Highlight your figure skirt",2020/09/Skirts-women-Leather-High-Waist-solid-Slim-fit-Midi-skirt-workout-Slim-Party-Pencil-soft-Highlight.jpg
202584,http://linhcorner.com/shop/uncategorized/white-dots-floral-print-pleated-midi-skirt-women-elastic-high-waist-side-pockets-skirts-summer-2019-elegant-female-bottom/,"White Dots Floral Print Pleated Midi Skirt Women Elastic High Waist Side Pockets Skirts Summer 2019 Elegant Female Bottom",2020/09/White-Dots-Floral-Print-Pleated-Midi-Skirt-Women-Elastic-High-Waist-Side-Pockets-Skirts-Summer-2019.jpg
202615,http://linhcorner.com/shop/uncategorized/2018-fahsion-vintage-ethnic-style-stitching-irregular-chiffon-beach-skirt/,"2018 Fahsion  Vintage ethnic style stitching irregular chiffon beach skirt",2020/09/2018-Fahsion-Vintage-ethnic-style-stitching-irregular-chiffon-beach-skirt.jpg
202698,http://linhcorner.com/shop/uncategorized/2019-autumn-winter-women-skirt-pu-leather-sexy-mini-skirt-with-pockets-zipper-a-line-package-hip-high-waist-women-clothing/,"2019 Autumn Winter Women Skirt PU Leather Sexy Mini Skirt With Pockets Zipper A-line Package Hip High Waist Women Clothing",2020/09/2019-Autumn-Winter-Women-Skirt-PU-Leather-Sexy-Mini-Skirt-With-Pockets-Zipper-A-line-Package.jpg
202721,http://linhcorner.com/shop/uncategorized/high-quality-school-uniform-skirt-fashion-plaid-short-skirt-pleated-cotton-skirt-women-casual-japanese-preppy-mini-skirt/,"High Quality School Uniform Skirt Fashion Plaid Short Skirt Pleated Cotton Skirt Women Casual Japanese Preppy Mini Skirt",2020/09/High-Quality-School-Uniform-Skirt-Fashion-Plaid-Short-Skirt-Pleated-Cotton-Skirt-Women-Casual-Japanese-Preppy.jpg
202729,http://linhcorner.com/shop/uncategorized/lih-hua-womens-plus-size-casual-denim-skirt-high-flexibility-skirt/,"LIH HUA Women's Plus Size Casual Denim skirt  high flexibility skirt",2020/09/LIH-HUA-Women-s-Plus-Size-Casual-Denim-skirt-high-flexibility-skirt.jpg
202749,http://linhcorner.com/shop/uncategorized/korean-style-black-hip-skirts-irregular-micro-mini-skirt-mini-skirt-summer-fashion-harajuku-sexy-high-waist-bodycon-short-skirt/,"Korean Style Black Hip Skirts Irregular Micro Mini Skirt Mini Skirt Summer Fashion Harajuku Sexy High Waist Bodycon Short Skirt",2020/09/Korean-Style-Black-Hip-Skirts-Irregular-Micro-Mini-Skirt-Mini-Skirt-Summer-Fashion-Harajuku-Sexy-High.jpg
202825,http://linhcorner.com/shop/uncategorized/zevity-women-solid-color-diamond-button-pleated-slim-skirt-faldas-mujer-lady-back-zipper-vestidos-chic-hem-ruffles-skirts-qun666/,"Zevity Women solid color diamond button pleated slim skirt faldas mujer lady back zipper vestidos chic hem ruffles skirts QUN666",2020/09/Zevity-Women-solid-color-diamond-button-pleated-slim-skirt-faldas-mujer-lady-back-zipper-vestidos-chic.jpg
202828,http://linhcorner.com/shop/uncategorized/skirt-women-sexy-soft-party-skirts-plaid-zipper-wooden-ear-slim-high-waist-hip-comfortable-short-mini-skirts-mujer-short-cjh/,"Skirt Women Sexy Soft Party Skirts Plaid Zipper Wooden Ear Slim High Waist Hip Comfortable Short Mini Skirts Mujer Short #cjh",2020/09/Skirt-Women-Sexy-Soft-Party-Skirts-Plaid-Zipper-Wooden-Ear-Slim-High-Waist-Hip-Comfortable-Short.jpg
202830,http://linhcorner.com/shop/uncategorized/lih-hua-womens-plus-size-casual-denim-skirt-high-flexibility-fashion-skirt-knitted-denim/,"LIH HUA Women's Plus Size Casual Denim Skirt High Flexibility Fashion Skirt Knitted Denim",2020/09/LIH-HUA-Women-s-Plus-Size-Casual-Denim-Skirt-High-Flexibility-Fashion-Skirt-Knitted-Denim.jpg
203544,http://linhcorner.com/shop/uncategorized/2019-summer-tulle-long-skirts-women-black-beige-pink-gray-white-mesh-pleated-skirt-layers-a-line-girl-vacation-beach-skirts/,"2019 summer tulle long skirts Women black beige pink gray white Mesh pleated skirt Layers  A line Girl vacation beach skirts",2020/09/2019-summer-tulle-long-skirts-Women-black-beige-pink-gray-white-Mesh-pleated-skirt-Layers-A.jpg
203548,http://linhcorner.com/shop/uncategorized/2018-new-women-vintage-leopard-printing-pleated-midi-skirt-faldas-mujer-ladies-elastic-waist-sashes-chic-mid-calf-skirts-qun119/,"2018 New Women Vintage leopard printing pleated midi skirt faldas mujer ladies elastic waist sashes chic mid-calf skirts QUN119",2020/09/2018-New-Women-Vintage-leopard-printing-pleated-midi-skirt-faldas-mujer-ladies-elastic-waist-sashes-chic.jpg
203559,http://linhcorner.com/shop/uncategorized/ootn-vintage-leopard-print-long-skirts-women-high-waist-midi-skirt-bow-tie-2020-summer-sexy-split-wrap-skirt-ladies-green-beach/,"OOTN Vintage Leopard Print Long Skirts Women High Waist Midi Skirt Bow Tie 2020 Summer Sexy Split Wrap Skirt Ladies Green Beach",2020/09/OOTN-Vintage-Leopard-Print-Long-Skirts-Women-High-Waist-Midi-Skirt-Bow-Tie-2020-Summer-Sexy.jpg
203564,http://linhcorner.com/shop/uncategorized/fishtail-vintage-mini-skirt-women-2020-ruffled-summer-casual-a-line-high-waist-solid-fashion-female-turkey-skirts-new/,"Fishtail Vintage Mini Skirt Women 2020 Ruffled Summer Casual A-Line High Waist Solid Fashion Female Turkey Skirts New",2020/09/Fishtail-Vintage-Mini-Skirt-Women-2020-Ruffled-Summer-Casual-A-Line-High-Waist-Solid-Fashion-Female.jpg
203567,http://linhcorner.com/shop/uncategorized/print-skirt-women-sweet-high-waist-split-skirt-2020-summer-mini-skirt/,"Print Skirt Women Sweet High Waist Split Skirt 2020 Summer Mini Skirt",2020/09/Print-Skirt-Women-Sweet-High-Waist-Split-Skirt-2020-Summer-Mini-Skirt.jpg
203574,http://linhcorner.com/shop/uncategorized/sexmkl-knee-length-printed-pencil-skirts-womens-2020-korean-fashion-high-waist-skirt-office-sexy-lady-elegant-summer-plain-skirt/,"SEXMKL Knee Length Printed Pencil Skirts Womens 2020 Korean Fashion High Waist Skirt Office Sexy Lady Elegant Summer Plain Skirt",2020/09/SEXMKL-Knee-Length-Printed-Pencil-Skirts-Womens-2020-Korean-Fashion-High-Waist-Skirt-Office-Sexy-Lady.jpg
203722,http://linhcorner.com/shop/uncategorized/high-quality-drape-korean-style-skirt-women-high-waist-midi-long-skirts-for-women-streetwear-side-slit-solid-color-jupe-femme/,"High quality drape korean style skirt women high waist midi long skirts for women streetwear side slit solid color jupe femme",2020/09/High-quality-drape-korean-style-skirt-women-high-waist-midi-long-skirts-for-women-streetwear-side.jpg
203728,http://linhcorner.com/shop/uncategorized/skirts-womens-high-waist-trendy-ruffles-elegant-females-harajuku-mini-skirt-streetwear-simple-leisure-all-match-black-fashion/,"Skirts Womens High Waist Trendy Ruffles Elegant Females Harajuku Mini Skirt Streetwear Simple Leisure All-match Black Fashion",2020/09/Skirts-Womens-High-Waist-Trendy-Ruffles-Elegant-Females-Harajuku-Mini-Skirt-Streetwear-Simple-Leisure-All-match.jpg
203748,http://linhcorner.com/shop/uncategorized/vintage-winter-skirts-women-stretch-woolen-pencil-skirt-high-waist-office-lady-bodycon-skirts-saias-knee-length-skirt-jupe-zy406/,"Vintage Winter Skirts Women Stretch Woolen Pencil Skirt High Waist Office Lady Bodycon Skirts Saias Knee-Length Skirt Jupe ZY406",2020/09/Vintage-Winter-Skirts-Women-Stretch-Woolen-Pencil-Skirt-High-Waist-Office-Lady-Bodycon-Skirts-Saias-Knee.jpg
203785,http://linhcorner.com/shop/uncategorized/beiyingni-swing-women-skirt-buttons-elegant-korean-casual-solid-color-high-street-skirts-woman-spring-summer-saias-mujer-faldas/,"Beiyingni Swing Women Skirt Buttons Elegant Korean Casual Solid Color High Street Skirts Woman Spring Summer Saias Mujer Faldas",2020/09/Beiyingni-Swing-Women-Skirt-Buttons-Elegant-Korean-Casual-Solid-Color-High-Street-Skirts-Woman-Spring-Summer.jpg
203839,http://linhcorner.com/shop/uncategorized/2020-new-spring-summer-ladies-polka-dot-long-skirt-high-waist-casual-loose-pleated-skirt-female-elastic-waist-maxi-skirt/,"2020 New Spring Summer Ladies Polka Dot Long Skirt High Waist Casual Loose Pleated Skirt Female Elastic Waist Maxi Skirt",2020/09/2020-New-Spring-Summer-Ladies-Polka-Dot-Long-Skirt-High-Waist-Casual-Loose-Pleated-Skirt-Female.jpg
203863,http://linhcorner.com/shop/uncategorized/suchcute-womens-skirts-gothic-harajuku-bandage-faux-leather-korean-fashion-black-mini-pleated-skirts-2020-summer-party-pu-saias/,"SUCHCUTE Women's Skirts Gothic Harajuku Bandage Faux Leather Korean Fashion Black Mini Pleated Skirts 2020 Summer Party Pu Saias",2020/09/SUCHCUTE-Women-s-Skirts-Gothic-Harajuku-Bandage-Faux-Leather-Korean-Fashion-Black-Mini-Pleated-Skirts-2020.jpg
203934,http://linhcorner.com/shop/uncategorized/white-sexy-girl-bodycon-womens-2019-new-knee-length-midi-hl-pencil-office-high-waist-bandage-skirt/,"White Sexy Girl Bodycon Womens 2019 New Knee Length Midi hl Pencil Office High Waist Bandage Skirt",2020/09/White-Sexy-Girl-Bodycon-Womens-2019-New-Knee-Length-Midi-hl-Pencil-Office-High-Waist-Bandage.jpg
203981,http://linhcorner.com/shop/uncategorized/bandage-skirt-womens-mini-skirt-winter-sexy-woman-clothes-short-harajuku-women-skirts-2020-new-bodycon-plus-size-2xl/,"Bandage Skirt Womens Mini Skirt Winter Sexy Woman Clothes Short Harajuku Women Skirts 2020 New Bodycon Plus Size 2XL",2020/09/Bandage-Skirt-Womens-Mini-Skirt-Winter-Sexy-Woman-Clothes-Short-Harajuku-Women-Skirts-2020-New-Bodycon-scaled.jpg
204041,http://linhcorner.com/shop/uncategorized/lace-high-waist-shiny-skirt-oil-gloosy-ol-mini-skirt-sheer-tight-pencil-cute-skirt-see-through-micro-mini-skirt-candy-color-912/,"Lace High Waist Shiny Skirt Oil Gloosy OL MINI Skirt Sheer Tight Pencil Cute Skirt See Through Micro Mini Skirt Candy Color 912",2020/09/Lace-High-Waist-Shiny-Skirt-Oil-Gloosy-OL-MINI-Skirt-Sheer-Tight-Pencil-Cute-Skirt-See.jpg
204056,http://linhcorner.com/shop/uncategorized/quality-5-layers-fashion-tulle-skirt-pleated-tutu-skirts-womens-lolita-petticoat-bridesmaids-midi-skirt-jupe-saias-faldas/,"Quality 5 Layers Fashion Tulle Skirt Pleated TUTU Skirts Womens Lolita Petticoat Bridesmaids Midi Skirt Jupe Saias faldas",2020/09/Quality-5-Layers-Fashion-Tulle-Skirt-Pleated-TUTU-Skirts-Womens-Lolita-Petticoat-Bridesmaids-Midi-Skirt-Jupe.jpg
204057,http://linhcorner.com/shop/uncategorized/free-shipping-plus-size-xl-xxl-summer-fashion-sexy-zipper-bandage-skirt-2019-designer-a-line-pencil-skirt-faldas-58cm/,"Free Shipping Plus Size XL XXL Summer Fashion Sexy Zipper Bandage Skirt 2019 Designer A Line Pencil Skirt Faldas 58cm",2020/09/Free-Shipping-Plus-Size-XL-XXL-Summer-Fashion-Sexy-Zipper-Bandage-Skirt-2019-Designer-A-Line.jpg
204091,http://linhcorner.com/shop/uncategorized/fashion-5-layers-60cm-fashion-tulle-skirt-pleated-tutu-skirts-womens-lolita-petticoat-bridesmaids-midi-skirt-jupe-saias-faldas/,"Fashion 5 Layers 60cm Fashion Tulle Skirt Pleated TUTU Skirts Womens Lolita Petticoat Bridesmaids Midi Skirt Jupe Saias faldas",2020/09/Fashion-5-Layers-60cm-Fashion-Tulle-Skirt-Pleated-TUTU-Skirts-Womens-Lolita-Petticoat-Bridesmaids-Midi-Skirt.jpg
204264,http://linhcorner.com/shop/uncategorized/perhaps-u-black-punk-pleated-ruched-mini-short-empire-skirt-rock-and-roll-s0164/,"PERHAPS U Black Punk Pleated Ruched Mini Short Empire Skirt Rock And Roll S0164",2020/09/PERHAPS-U-Black-Punk-Pleated-Ruched-Mini-Short-Empire-Skirt-Rock-And-Roll-S0164.jpg
204450,http://linhcorner.com/shop/uncategorized/vintage-leopard-print-pleated-skirts-women-casual-sash-belt-skirt-streetwear-high-waist-ladies-midi-skirts/,"Vintage Leopard Print Pleated Skirts Women Casual Sash Belt Skirt Streetwear High Waist Ladies Midi Skirts",2020/09/Vintage-Leopard-Print-Pleated-Skirts-Women-Casual-Sash-Belt-Skirt-Streetwear-High-Waist-Ladies-Midi-Skirts.jpg
204512,http://linhcorner.com/shop/uncategorized/2020-sexy-women-work-skirt-slim-bodycon-summer-high-waist-pockets-split-formal-ol-office-ladies-black-plus-size-pencil-skirts/,"2020 Sexy Women Work Skirt Slim Bodycon Summer High Waist Pockets Split Formal OL Office Ladies Black Plus Size Pencil Skirts",2020/09/2020-Sexy-Women-Work-Skirt-Slim-Bodycon-Summer-High-Waist-Pockets-Split-Formal-OL-Office-Ladies.jpg
204636,http://linhcorner.com/shop/uncategorized/zevity-women-diamond-button-decoration-pleated-slim-skirt-faldas-mujer-ladies-back-zipper-vestido-chic-hem-ruffles-skirts-qun675/,"Zevity Women diamond button decoration pleated slim skirt faldas mujer ladies back zipper vestido chic hem ruffles skirts QUN675",2020/09/Zevity-Women-diamond-button-decoration-pleated-slim-skirt-faldas-mujer-ladies-back-zipper-vestido-chic-hem.jpg
204669,http://linhcorner.com/shop/uncategorized/2020-new-summer-tulle-skirts-womens-fashion-shining-star-mesh-tutu-skirt-pleated-long-skirts-midi-skirt-saias-faldas-jupe-femme/,"2020 New Summer Tulle Skirts Womens Fashion Shining Star Mesh Tutu Skirt Pleated Long Skirts Midi Skirt Saias Faldas Jupe Femme",2020/09/2020-New-Summer-Tulle-Skirts-Womens-Fashion-Shining-Star-Mesh-Tutu-Skirt-Pleated-Long-Skirts-Midi.jpg
204672,http://linhcorner.com/shop/uncategorized/women-black-package-hip-skirts-korean-style-irregular-hem-pencil-micro-skirt-sexy-slim-women-bodycon-party-skirts/,"Women Black Package Hip Skirts Korean Style Irregular Hem Pencil Micro Skirt Sexy Slim Women Bodycon Party Skirts",2020/09/Women-Black-Package-Hip-Skirts-Korean-Style-Irregular-Hem-Pencil-Micro-Skirt-Sexy-Slim-Women-Bodycon.jpg
204735,http://linhcorner.com/shop/uncategorized/13-colors-plus-size-xl-xxl-58cm-women-sexy-zipper-black-blue-orange-red-rayon-bandage-skirt-2018-designer-a-line-skirt-faldas/,"13 Colors Plus Size XL XXL 58cm Women Sexy Zipper Black Blue Orange Red Rayon Bandage Skirt 2018 Designer A Line Skirt Faldas",2020/09/13-Colors-Plus-Size-XL-XXL-58cm-Women-Sexy-Zipper-Black-Blue-Orange-Red-Rayon-Bandage.jpg
204778,http://linhcorner.com/shop/uncategorized/qickitout-skirts-2017-fashion-rose-skull-evil-funny-womens-sexy-3d-skirts-high-waist-package-hip-skirt-saia-midi-free-shipping/,"Qickitout Skirts 2017 Fashion Rose Skull Evil Funny Women's Sexy 3D Skirts High Waist Package Hip Skirt Saia Midi Free Shipping",2020/09/Qickitout-Skirts-2017-Fashion-Rose-Skull-Evil-Funny-Women-s-Sexy-3D-Skirts-High-Waist-Package.jpg
204933,http://linhcorner.com/shop/uncategorized/womens-summer-skirt-elastic-waist-slim-long-woman-skirt-heart-shaped-casual-loose-romantic-sweet-skirts-womens-femme-jupes/,"Women's Summer Skirt Elastic Waist Slim Long Woman Skirt Heart-shaped Casual Loose Romantic Sweet Skirts Womens Femme Jupes",2020/09/Women-s-Summer-Skirt-Elastic-Waist-Slim-Long-Woman-Skirt-Heart-shaped-Casual-Loose-Romantic-Sweet.jpg
204966,http://linhcorner.com/shop/uncategorized/beiyingni-summer-sashes-a-line-skirts-women-solid-elegant-kpop-tutu-skirts-office-lady-umbrella-midi-skirt-vintage-faldas-mujer/,"Beiyingni Summer Sashes A-line Skirts Women Solid Elegant Kpop Tutu Skirts Office Lady Umbrella Midi Skirt Vintage Faldas Mujer",2020/09/Beiyingni-Summer-Sashes-A-line-Skirts-Women-Solid-Elegant-Kpop-Tutu-Skirts-Office-Lady-Umbrella-Midi.jpg
204968,http://linhcorner.com/shop/uncategorized/colysmo-2-layers-high-waist-stretch-pencil-midi-skirt-2019-women-elegant-white-long-skirts-candy-colors-cotton-casual-skirt-gray/,"Colysmo 2 Layers High Waist Stretch Pencil Midi Skirt 2019 Women Elegant White Long Skirts Candy Colors Cotton Casual Skirt Gray",2020/09/Colysmo-2-Layers-High-Waist-Stretch-Pencil-Midi-Skirt-2019-Women-Elegant-White-Long-Skirts-Candy.jpg
204985,http://linhcorner.com/shop/uncategorized/woman-office-lady-intellectual-sexy-metal-ring-zipper-bag-hip-tight-skirt-women-girls-pencil-empire-plaid-skirts-drop-ship/,"Woman Office Lady Intellectual Sexy Metal Ring Zipper Bag Hip Tight Skirt Women Girls Pencil Empire Plaid Skirts Drop Ship",2020/09/Woman-Office-Lady-Intellectual-Sexy-Metal-Ring-Zipper-Bag-Hip-Tight-Skirt-Women-Girls-Pencil-Empire.jpg
205007,http://linhcorner.com/shop/uncategorized/women-skirts-korean-style-high-waist-skirt-2019-spring-summer-midi-skirts-womens-elastic-waist-a-line-ladies-skirts-with-belt/,"Women Skirts Korean Style High Waist Skirt 2019 Spring Summer Midi Skirts Womens Elastic Waist A Line Ladies Skirts With Belt",2020/09/Women-Skirts-Korean-Style-High-Waist-Skirt-2019-Spring-Summer-Midi-Skirts-Womens-Elastic-Waist-A.jpg
205169,http://linhcorner.com/shop/uncategorized/elegant-high-waist-satin-skirt-women-casual-a-line-midi-skirts-silk-slim-summer-autumn-skirt/,"Elegant High Waist Satin Skirt Women Casual A-Line Midi Skirts Silk Slim Summer Autumn Skirt",2020/09/Elegant-High-Waist-Satin-Skirt-Women-Casual-A-Line-Midi-Skirts-Silk-Slim-Summer-Autumn-Skirt.jpg
205335,http://linhcorner.com/shop/uncategorized/womens-skirts-ladies-clothing-kawaii-college-school-uniform-basic-multi-color-skirt-female-korean-harajuku-clothing-for-women/,"Women's Skirts Ladies Clothing Kawaii College School Uniform Basic Multi-color Skirt Female Korean Harajuku Clothing For Women",2020/09/Women-s-Skirts-Ladies-Clothing-Kawaii-College-School-Uniform-Basic-Multi-color-Skirt-Female-Korean-Harajuku.jpg
205355,http://linhcorner.com/shop/uncategorized/beiyingni-2020-autumn-summer-women-skirt-midi-with-belt-pleated-female-skirts-casual-luxury-korean-faldas-ladies-saias-chic-jupe/,"Beiyingni 2020 Autumn Summer Women Skirt Midi With Belt Pleated Female Skirts Casual Luxury Korean Faldas Ladies Saias Chic Jupe",2020/09/Beiyingni-2020-Autumn-Summer-Women-Skirt-Midi-With-Belt-Pleated-Female-Skirts-Casual-Luxury-Korean-Faldas.jpg
205406,http://linhcorner.com/shop/uncategorized/shemujersky-sexy-lace-up-mini-skirts-slim-skinny-khaki-elastic-high-waist-skirt-women-2020-summer-fashion-bandage-skirt/,"SheMujerSky Sexy Lace Up Mini Skirts Slim Skinny Khaki Elastic High Waist Skirt Women 2020 Summer Fashion Bandage Skirt",2020/09/SheMujerSky-Sexy-Lace-Up-Mini-Skirts-Slim-Skinny-Khaki-Elastic-High-Waist-Skirt-Women-2020-Summer.jpg
205442,http://linhcorner.com/shop/uncategorized/beiyingni-tulle-skirt-women-solid-color-high-elastic-waist-bow-tie-midi-skirts-lace-bridesmaids-pleated-tutu-skirt-faldas-mujer/,"Beiyingni Tulle Skirt Women Solid Color High Elastic Waist Bow Tie Midi Skirts Lace Bridesmaids Pleated Tutu Skirt Faldas Mujer",2020/09/Beiyingni-Tulle-Skirt-Women-Solid-Color-High-Elastic-Waist-Bow-Tie-Midi-Skirts-Lace-Bridesmaids-Pleated.jpg
205474,http://linhcorner.com/shop/uncategorized/jielur-high-waist-denim-skirts-plus-size-buttons-pockets-classic-jeans-skirt-for-women-s-5xl-fashion-korean-elegant-jupe-femme/,"Jielur High Waist Denim Skirts Plus Size Buttons Pockets Classic Jeans Skirt for Women S-5XL Fashion Korean Elegant Jupe Femme",2020/09/Jielur-High-Waist-Denim-Skirts-Plus-Size-Buttons-Pockets-Classic-Jeans-Skirt-for-Women-S-5XL.jpg
205562,http://linhcorner.com/shop/uncategorized/13colors-women-summer-fashion-sexy-black-red-beige-bandage-skirt-2020-knitted-elastic-sweet-pencil-skirt/,"13Colors Women Summer Fashion Sexy Black Red Beige Bandage Skirt 2020 Knitted Elastic Sweet Pencil Skirt",2020/09/13Colors-Women-Summer-Fashion-Sexy-Black-Red-Beige-Bandage-Skirt-2020-Knitted-Elastic-Sweet-Pencil-Skirt.jpg
205733,http://linhcorner.com/shop/uncategorized/new-women-skirt-sexy-mini-short-skirts-summer-high-waist-female-pleated-skirts-harajuku-zipper-ladies-girls-red-plaid-skirt/,"New Women Skirt Sexy Mini Short Skirts Summer High Waist Female Pleated Skirts Harajuku Zipper Ladies Girls Red Plaid Skirt",2020/09/New-Women-Skirt-Sexy-Mini-Short-Skirts-Summer-High-Waist-Female-Pleated-Skirts-Harajuku-Zipper-Ladies.jpg
205815,http://linhcorner.com/shop/uncategorized/skirts-womens-summer-style-sexy-skirt-for-girl-lady-korean-short-skater-fashion-female-mini-skirt-women-clothing-bottoms-suit/,"skirts womens Summer style sexy Skirt for Girl lady Korean Short Skater Fashion female mini Skirt Women Clothing Bottoms suit",2020/09/skirts-womens-Summer-style-sexy-Skirt-for-Girl-lady-Korean-Short-Skater-Fashion-female-mini-Skirt.jpg
205822,http://linhcorner.com/shop/uncategorized/70d-oil-gloosy-shiny-skirt-lace-high-waist-shape-ol-mini-skirt-tight-pencil-cute-skirt-sheer-smooth-see-through-micro-mini-skirt/,"70D Oil Gloosy Shiny Skirt Lace High Waist Shape OL MINI Skirt Tight Pencil Cute Skirt Sheer Smooth See Through Micro Mini Skirt",2020/09/70D-Oil-Gloosy-Shiny-Skirt-Lace-High-Waist-Shape-OL-MINI-Skirt-Tight-Pencil-Cute-Skirt.jpg
205856,http://linhcorner.com/shop/uncategorized/skirts-women-retro-skirt-female-2020-korean-version-chic-high-waist-a-line-students-trendy-womens-all-match-elegant-lovely-plaid/,"Skirts Women Retro Skirt Female 2020 Korean Version Chic High Waist A-Line Students Trendy Womens All-match Elegant Lovely Plaid",2020/09/Skirts-Women-Retro-Skirt-Female-2020-Korean-Version-Chic-High-Waist-A-Line-Students-Trendy-Womens.jpg
205875,http://linhcorner.com/shop/uncategorized/aoemq-casual-skirts-3-colors-solid-mermaid-fish-wave-draped-skirts-cotton-winter-warm-thick-girl-present-skirts-women-clothing/,"AOEMQ Casual Skirts 3 Colors Solid Mermaid Fish Wave Draped Skirts Cotton Winter Warm Thick Girl Present Skirts Women Clothing",2020/09/AOEMQ-Casual-Skirts-3-Colors-Solid-Mermaid-Fish-Wave-Draped-Skirts-Cotton-Winter-Warm-Thick-Girl.jpg
206091,http://linhcorner.com/shop/uncategorized/m-5xl-women-plus-size-tutu-school-short-skirt-pants-2020-summer-10-colors-mini-saia-high-waist-skirts-faldas-mujer-dropshipping/,"M-5XL Women Plus Size Tutu School Short Skirt Pants 2020 Summer 10 Colors Mini Saia High Waist Skirts Faldas Mujer Dropshipping",2020/09/M-5XL-Women-Plus-Size-Tutu-School-Short-Skirt-Pants-2020-Summer-10-Colors-Mini-Saia.jpg
206121,http://linhcorner.com/shop/uncategorized/pleated-skirts-women-2019-summer-jupe-femme-elastic-high-waist-vintage-gradient-color-party-falda-mujer-solid-casual-midi-skirt/,"Pleated Skirts Women 2019 Summer Jupe Femme Elastic High Waist Vintage Gradient Color Party Falda Mujer Solid Casual Midi Skirt",2020/09/Pleated-Skirts-Women-2019-Summer-Jupe-Femme-Elastic-High-Waist-Vintage-Gradient-Color-Party-Falda-Mujer.jpg
206128,http://linhcorner.com/shop/uncategorized/zoki-sexy-women-denim-mini-skirt-fashion-summer-high-waist-korean-black-skirt-blue-package-hip-jeans-harajuku-plus-size-cotton/,"Zoki Sexy Women Denim Mini Skirt Fashion Summer High Waist Korean Black Skirt Blue Package Hip Jeans Harajuku Plus Size Cotton",2020/09/Zoki-Sexy-Women-Denim-Mini-Skirt-Fashion-Summer-High-Waist-Korean-Black-Skirt-Blue-Package-Hip.jpg
206153,http://linhcorner.com/shop/uncategorized/high-waist-a-line-winter-woolen-skirt-women-2019-autumn-vintage-plaid-mini-shorts-skirts-ladies-office-work-skirt-faldas-mujer/,"High waist a-line winter woolen skirt women 2019 autumn vintage plaid mini shorts skirts ladies office work skirt faldas mujer",2020/09/High-waist-a-line-winter-woolen-skirt-women-2019-autumn-vintage-plaid-mini-shorts-skirts-ladies.jpg
206166,http://linhcorner.com/shop/uncategorized/women-ladies-summer-skirt-scottish-style-mid-waist-elastic-mini-single-layer-plaid-pleated-skirt-cute-sexy-party-cosplay-costume/,"Women Ladies Summer Skirt Scottish Style Mid Waist Elastic Mini Single Layer Plaid Pleated Skirt Cute Sexy Party Cosplay Costume",2020/09/Women-Ladies-Summer-Skirt-Scottish-Style-Mid-Waist-Elastic-Mini-Single-Layer-Plaid-Pleated-Skirt-Cute.jpg
206235,http://linhcorner.com/shop/uncategorized/2020-summer-vintage-leopard-print-long-skirts-woman-fashion-women-high-waist-midi-skirt-ladies-green-beach-sexy-wrap-skirt/,"2020 Summer Vintage Leopard Print Long Skirts woman fashion Women High Waist Midi Skirt Ladies Green Beach  Sexy  Wrap Skirt",2020/09/2020-Summer-Vintage-Leopard-Print-Long-Skirts-woman-fashion-Women-High-Waist-Midi-Skirt-Ladies-Green.jpg
206468,http://linhcorner.com/shop/uncategorized/guilantu-summer-print-floral-tulle-long-skirt-women-fashion-high-waist-vintage-mesh-pleated-length-skirts-casual-elastic-waist/,"Guilantu Summer Print Floral Tulle Long Skirt Women Fashion High Waist Vintage Mesh Pleated Length Skirts Casual Elastic Waist",2020/09/Guilantu-Summer-Print-Floral-Tulle-Long-Skirt-Women-Fashion-High-Waist-Vintage-Mesh-Pleated-Length-Skirts.jpg
206523,http://linhcorner.com/shop/uncategorized/vintage-floral-print-chiffon-skirts-women-sprint-summer-korean-a-line-pink-streetwear-high-waist-ladies-midi-skirt/,"Vintage floral print chiffon skirts women Sprint Summer korean A line Pink streetwear high waist ladies midi skirt",2020/09/Vintage-floral-print-chiffon-skirts-women-Sprint-Summer-korean-A-line-Pink-streetwear-high-waist-ladies.jpg
206525,http://linhcorner.com/shop/uncategorized/goth-dark-sexy-gothic-women-mini-skirt-high-waist-pleated-punk-grunge-black-summer-skirts-2020-chic-irregular-rivet-streetwear/,"Goth Dark Sexy Gothic Women Mini Skirt High Waist Pleated Punk Grunge Black Summer Skirts 2020 Chic Irregular  Rivet Streetwear",2020/09/Goth-Dark-Sexy-Gothic-Women-Mini-Skirt-High-Waist-Pleated-Punk-Grunge-Black-Summer-Skirts-2020.jpg
206627,http://linhcorner.com/shop/uncategorized/jielur-6-colors-korean-fashion-summer-skirt-female-chiffon-high-waist-pleated-skirts-womens-s-xl-harajuku-faldas-mujer/,"Jielur 6 Colors Korean Fashion Summer Skirt Female Chiffon High Waist Pleated Skirts Womens S-XL Harajuku Faldas Mujer",2020/09/Jielur-6-Colors-Korean-Fashion-Summer-Skirt-Female-Chiffon-High-Waist-Pleated-Skirts-Womens-S-XL.jpg
206700,http://linhcorner.com/shop/uncategorized/duanyskiy-women-summer-black-blue-solid-casual-high-waist-pencil-denim-skirts-high-street-pockets-button-all-matched-jeans-skirt/,"Duanyskiy Women Summer Black Blue Solid Casual High Waist Pencil Denim Skirts High Street Pockets Button All-matched Jeans Skirt",2020/09/Duanyskiy-Women-Summer-Black-Blue-Solid-Casual-High-Waist-Pencil-Denim-Skirts-High-Street-Pockets-Button.jpg
206713,http://linhcorner.com/shop/uncategorized/metersbonwe-denim-skirt-high-waist-a-line-mini-skirts-women-button-poke-male-skirt-summer-new-arrivals-wholesale/,"MetersBonwe Denim Skirt High Waist A-line Mini Skirts Women Button Poke Male skirt Summer New Arrivals Wholesale",2020/09/MetersBonwe-Denim-Skirt-High-Waist-A-line-Mini-Skirts-Women-Button-Poke-Male-skirt-Summer-New.jpeg
206753,http://linhcorner.com/shop/uncategorized/trytree-spring-summer-pleated-skirt-womens-vintage-high-waist-skirt-solid-long-skirts-new-fashion-casual-metallic-skirt-female/,"Trytree Spring Summer Pleated Skirt Womens Vintage High Waist Skirt Solid Long Skirts New Fashion Casual Metallic Skirt Female",2020/09/Trytree-Spring-Summer-Pleated-Skirt-Womens-Vintage-High-Waist-Skirt-Solid-Long-Skirts-New-Fashion-Casual.jpg
206781,http://linhcorner.com/shop/uncategorized/bonjean-pleated-skirt-girl-female-long-skirt-women-for-girls/,"BONJEAN Pleated Skirt Girl Female Long Skirt Women for Girls",2020/09/BONJEAN-Pleated-Skirt-Girl-Female-Long-Skirt-Women-for-Girls.jpg
206788,http://linhcorner.com/shop/uncategorized/shein-black-split-side-snake-embossed-party-bodycon-skirt-women-2019-autumn-high-waist-night-out-form-fitted-mini-sexy-skirts/,"SHEIN Black Split Side Snake Embossed Party Bodycon Skirt Women 2019 Autumn High Waist Night Out Form Fitted Mini Sexy Skirts",2020/09/SHEIN-Black-Split-Side-Snake-Embossed-Party-Bodycon-Skirt-Women-2019-Autumn-High-Waist-Night-Out.jpg
207020,http://linhcorner.com/shop/uncategorized/6-layers-65cm-long-women-skirt-princess-tutu-tulle-skirts-fashion-ball-gown-lolita-skirt-summer-saias-femininas-faldas-jupe/,"6 Layers 65cm Long Women Skirt Princess Tutu Tulle Skirts Fashion Ball Gown Lolita Skirt Summer Saias Femininas faldas Jupe",2020/09/6-Layers-65cm-Long-Women-Skirt-Princess-Tutu-Tulle-Skirts-Fashion-Ball-Gown-Lolita-Skirt-Summer.jpg
207221,http://linhcorner.com/shop/uncategorized/insdoit-gothic-harajuku-reflective-skirt-female-a-line-high-waist-mini-skirts-streetwear-punk-skirt-clubwear-party-girl-skirts/,"InsDoit Gothic Harajuku Reflective Skirt Female A-line High Waist Mini Skirts Streetwear Punk Skirt  Clubwear Party Girl Skirts",2020/09/InsDoit-Gothic-Harajuku-Reflective-Skirt-Female-A-line-High-Waist-Mini-Skirts-Streetwear-Punk-Skirt-Clubwear.jpg
207231,http://linhcorner.com/shop/uncategorized/ootn-asymmetry-gingham-plaid-skirt-women-button-down-red-skirt-long-elastic-waist-ruffled-skirts-female-2019-winter-fashion-new/,"OOTN Asymmetry Gingham Plaid Skirt Women Button Down Red Skirt Long Elastic Waist Ruffled Skirts Female 2019 Winter Fashion New",2020/09/OOTN-Asymmetry-Gingham-Plaid-Skirt-Women-Button-Down-Red-Skirt-Long-Elastic-Waist-Ruffled-Skirts-Female.jpg
207233,http://linhcorner.com/shop/uncategorized/drawstring-bandage-low-waist-pencil-skirt-jupe-femme-faldas-cortas-micro-mini-skirts-clubwear-saias-gonna-streetwear-falda-women/,"Drawstring Bandage Low Waist Pencil Skirt Jupe Femme Faldas Cortas Micro Mini Skirts Clubwear Saias Gonna Streetwear Falda Women",2020/09/Drawstring-Bandage-Low-Waist-Pencil-Skirt-Jupe-Femme-Faldas-Cortas-Micro-Mini-Skirts-Clubwear-Saias-Gonna.jpg
207246,http://linhcorner.com/shop/uncategorized/kawaii-campus-style-womens-plus-size-xs-3xl-uniforms-skirt-for-women-students-high-quality-high-waist-plaid-pleated-skirts/,"Kawaii Campus style Women's Plus Size XS-3XL Uniforms Skirt For Women Students High Quality High waist Plaid pleated skirts",2020/09/Kawaii-Campus-style-Women-s-Plus-Size-XS-3XL-Uniforms-Skirt-For-Women-Students-High-Quality.jpg
207249,http://linhcorner.com/shop/uncategorized/peonfly-sweet-women-pleated-skirt-fashion-plaid-a-line-mini-high-waist-chic-skirt-kawaii-summer-casual-ladies-plaid-skirt/,"PEONFLY Sweet Women Pleated Skirt Fashion Plaid A-Line Mini High Waist Chic Skirt Kawaii Summer Casual Ladies Plaid Skirt",2020/09/PEONFLY-Sweet-Women-Pleated-Skirt-Fashion-Plaid-A-Line-Mini-High-Waist-Chic-Skirt-Kawaii-Summer.jpg
207260,http://linhcorner.com/shop/uncategorized/mini-skirt-elegant-boho-skirts-womens-high-waist-skirt-floral-satin-skirt-short-kawaii-skirts-womens-purple-skirt-a-line/,"Mini skirt elegant boho skirts womens high waist skirt floral satin skirt short kawaii skirts womens purple skirt A line",2020/09/Mini-skirt-elegant-boho-skirts-womens-high-waist-skirt-floral-satin-skirt-short-kawaii-skirts-womens.jpg
207598,http://linhcorner.com/shop/uncategorized/zevity-new-women-animal-pattern-print-pleated-asymmetrical-skirt-faldas-mujer-female-back-zipper-chic-hem-ruffles-skirts-qun693/,"ZEVITY New Women animal pattern print pleated asymmetrical skirt faldas mujer female back zipper chic hem ruffles skirts QUN693",2020/09/ZEVITY-New-Women-animal-pattern-print-pleated-asymmetrical-skirt-faldas-mujer-female-back-zipper-chic-hem.jpg
207618,http://linhcorner.com/shop/uncategorized/new-2020-suspender-skirt-women-overalls-no-stretchy-maxi-long-skirt-mermaid-trumpet-empire-high-waist-jeans-j9d793/,"New 2020 Suspender Skirt Women Overalls No Stretchy Maxi Long Skirt Mermaid Trumpet Empire High Waist Jeans J9D793",2020/09/New-2020-Suspender-Skirt-Women-Overalls-No-Stretchy-Maxi-Long-Skirt-Mermaid-Trumpet-Empire-High-Waist.jpg
207650,http://linhcorner.com/shop/uncategorized/petticoat-5-layers-60cm-tutu-tulle-skirt-vintage-midi-pleated-skirts-womens-lolita-bridesmaid-wedding-faldas-mujer-saias-jupe/,"Petticoat 5 Layers 60cm Tutu Tulle Skirt Vintage Midi Pleated Skirts Womens Lolita Bridesmaid Wedding faldas Mujer saias jupe",2020/09/Petticoat-5-Layers-60cm-Tutu-Tulle-Skirt-Vintage-Midi-Pleated-Skirts-Womens-Lolita-Bridesmaid-Wedding-faldas.jpg
207697,http://linhcorner.com/shop/uncategorized/10-color-tulle-skirt-women-2020-summer-a-line-midi-skirts-elastic-high-waist-tutu-pleated-skirts-for-korean-knee-length-skirts/,"10 Color Tulle Skirt Women 2020 Summer A-line Midi Skirts Elastic High Waist Tutu Pleated Skirts For Korean Knee Length Skirts",2020/09/10-Color-Tulle-Skirt-Women-2020-Summer-A-line-Midi-Skirts-Elastic-High-Waist-Tutu-Pleated.jpg
207779,http://linhcorner.com/shop/uncategorized/summer-fall-2020-chiffon-lotus-edge-mermaid-long-skirts-wrap-skirt-with-slit-elegant-skirt-vintage-floral-print-femme-high-waist/,"Summer Fall 2020 Chiffon Lotus Edge Mermaid Long Skirts Wrap Skirt With Slit Elegant Skirt Vintage Floral Print Femme High Waist",2020/09/Summer-Fall-2020-Chiffon-Lotus-Edge-Mermaid-Long-Skirts-Wrap-Skirt-With-Slit-Elegant-Skirt-Vintage.jpg
207800,http://linhcorner.com/shop/uncategorized/cheap-wholesale-2019-new-autumn-winter-hot-selling-womens-fashion-casual-sexy-skirt-fw71/,"Cheap wholesale 2019 new Autumn Winter     Hot selling women's fashion casual  sexy Skirt FW71",2020/09/Cheap-wholesale-2019-new-Autumn-Winter-Hot-selling-women-s-fashion-casual-sexy-Skirt-FW71.jpg
207881,http://linhcorner.com/shop/uncategorized/party-train-puffy-5layer-60cm-fashion-women-tulle-skirt-tutu-wedding-bridal-bridesmaid-overskirt-petticoat-lolita-saia/,"Party Train Puffy 5Layer 60CM Fashion Women Tulle Skirt Tutu Wedding Bridal Bridesmaid Overskirt Petticoat Lolita Saia",2020/09/Party-Train-Puffy-5Layer-60CM-Fashion-Women-Tulle-Skirt-Tutu-Wedding-Bridal-Bridesmaid-Overskirt-Petticoat-Lolita.jpg
208058,http://linhcorner.com/shop/uncategorized/shein-plus-size-black-split-side-skinny-pu-skirt-women-autumn-solid-big-size-motor-storm-glamorous-mini-straight-skirts/,"SHEIN Plus Size Black Split Side Skinny PU Skirt Women Autumn Solid Big Size Motor Storm Glamorous Mini Straight Skirts",2020/09/SHEIN-Plus-Size-Black-Split-Side-Skinny-PU-Skirt-Women-Autumn-Solid-Big-Size-Motor-Storm.jpg
208080,http://linhcorner.com/shop/uncategorized/wholesale-free-shipping-candy-color-sexy-mini-bandage-skirt-2020-designer-pencil-skirt-faldas-43cm/,"Wholesale Free Shipping Candy Color Sexy Mini Bandage Skirt 2020 Designer Pencil Skirt Faldas 43cm",2020/09/Wholesale-Free-Shipping-Candy-Color-Sexy-Mini-Bandage-Skirt-2020-Designer-Pencil-Skirt-Faldas-43cm.jpg
208136,http://linhcorner.com/shop/uncategorized/slim-women-pink-satin-skirts-for-ladies-2020-yellow-skinny-pencil-skirt-girls-elegant-party-smooth-clothes-jupe-femme-faldas/,"Slim Women Pink Satin Skirts for Ladies 2020 Yellow Skinny Pencil Skirt Girls Elegant Party Smooth Clothes Jupe Femme Faldas",2020/09/Slim-Women-Pink-Satin-Skirts-for-Ladies-2020-Yellow-Skinny-Pencil-Skirt-Girls-Elegant-Party-Smooth.jpg
208155,http://linhcorner.com/shop/uncategorized/summer-women-skirt-high-slit-sexy-skirt-women-black-elegant-empire-slim-ol-midi-skirts-straight-autumn-fashion-work-long-skirt/,"Summer Women Skirt High Slit Sexy Skirt Women Black Elegant Empire Slim OL Midi Skirts Straight Autumn Fashion Work Long Skirt",2020/09/Summer-Women-Skirt-High-Slit-Sexy-Skirt-Women-Black-Elegant-Empire-Slim-OL-Midi-Skirts-Straight.jpg
208466,http://linhcorner.com/shop/uncategorized/women-athletic-tennis-golf-sports-trousers-skirt-2-in-1-stretchy-running-leggings-skorts-solid-color-workout-shorts-s-5xl/,"Women Athletic Tennis Golf Sports Trousers Skirt 2-In-1 Stretchy Running Leggings Skorts Solid Color Workout Shorts S-5XL",2020/09/Women-Athletic-Tennis-Golf-Sports-Trousers-Skirt-2-In-1-Stretchy-Running-Leggings-Skorts-Solid-Color.jpg
208528,http://linhcorner.com/shop/uncategorized/aproms-vintage-zebra-print-soft-velvet-skirt-women-sexy-side-split-high-waist-short-mini-skirts-female-back-zipper-bottoms-2020/,"Aproms Vintage Zebra Print Soft Velvet Skirt Women Sexy Side Split High Waist Short Mini Skirts Female Back Zipper Bottoms 2020",2020/09/Aproms-Vintage-Zebra-Print-Soft-Velvet-Skirt-Women-Sexy-Side-Split-High-Waist-Short-Mini-Skirts.jpg
208540,http://linhcorner.com/shop/uncategorized/original-girls-soft-plaid-mini-skirts-2020-vintage-ladies-elegant-slim-short-skirt-women-high-waist-fashion-skirts-female-chic/,"Original girls soft plaid mini skirts 2020 vintage ladies elegant slim short skirt women high waist fashion skirts female chic",2020/09/Original-girls-soft-plaid-mini-skirts-2020-vintage-ladies-elegant-slim-short-skirt-women-high-waist.jpg
208549,http://linhcorner.com/shop/uncategorized/2020-new-fashion-print-womens-skirts-spring-and-summer-straight-high-waist-vintage-skirt-midi-saias-womens-slim-pencil-skirt/,"2020 New Fashion Print Women's Skirts Spring And Summer Straight High Waist Vintage Skirt Midi Saias Women's Slim Pencil Skirt",2020/09/2020-New-Fashion-Print-Women-s-Skirts-Spring-And-Summer-Straight-High-Waist-Vintage-Skirt-Midi.jpg
208554,http://linhcorner.com/shop/uncategorized/shein-black-elastic-waist-textured-skirt-preppy-plain-fit-and-flare-a-line-skirts-women-autumn-high-waist-short-minimalist-skirt/,"SHEIN Black Elastic Waist Textured Skirt Preppy Plain Fit and Flare A Line Skirts Women Autumn High Waist Short Minimalist Skirt",2020/09/SHEIN-Black-Elastic-Waist-Textured-Skirt-Preppy-Plain-Fit-and-Flare-A-Line-Skirts-Women-Autumn.jpg
208790,http://linhcorner.com/shop/uncategorized/harajuku-plaid-skirts-women-kawaii-high-waist-a-line-pleated-mini-skirts-rainbow-korean-japanese-school-uniform/,"Harajuku Plaid Skirts Women Kawaii High Waist A-line Pleated Mini Skirts Rainbow Korean Japanese School Uniform",2020/09/Harajuku-Plaid-Skirts-Women-Kawaii-High-Waist-A-line-Pleated-Mini-Skirts-Rainbow-Korean-Japanese-School.jpg
208959,http://linhcorner.com/shop/uncategorized/skirts-women-vintage-plaid-a-line-slim-all-match-korean-style-high-waist-harajuku-streetwear-womens-mini-skirt-students-chic-new/,"Skirts Women Vintage Plaid A-Line Slim All-match Korean Style High Waist Harajuku Streetwear Womens Mini Skirt Students Chic New",2020/09/Skirts-Women-Vintage-Plaid-A-Line-Slim-All-match-Korean-Style-High-Waist-Harajuku-Streetwear-Womens.jpg
208963,http://linhcorner.com/shop/uncategorized/abasona-velvet-high-waist-long-pu-faux-leather-pencil-skirt-zip-split-knee-length-sexy-bodycon-midi-skirts-casual-spring-summer/,"Abasona Velvet High Waist Long Pu Faux Leather Pencil Skirt Zip Split Knee Length Sexy Bodycon Midi Skirts Casual Spring Summer",2020/09/Abasona-Velvet-High-Waist-Long-Pu-Faux-Leather-Pencil-Skirt-Zip-Split-Knee-Length-Sexy-Bodycon.jpg
208982,http://linhcorner.com/shop/uncategorized/wholesale-women-summer-fashion-sexy-gold-bronzing-bandage-skirt-2020-designer-night-club-bodycon-pencil-skirt-faldas-46cm/,"Wholesale Women Summer Fashion Sexy Gold Bronzing Bandage Skirt 2020 Designer Night Club bodycon Pencil Skirt Faldas 46cm",2020/09/Wholesale-Women-Summer-Fashion-Sexy-Gold-Bronzing-Bandage-Skirt-2020-Designer-Night-Club-bodycon-Pencil-Skirt.jpg
209006,http://linhcorner.com/shop/uncategorized/women-classic-vintage-midi-skirts-2020-new-spring-summer-fashion-plaid-skirt-female-a-line-single-breasted-skirt-faldas-mujer/,"Women Classic Vintage Midi Skirts 2020 New Spring Summer Fashion Plaid Skirt Female A Line Single Breasted Skirt Faldas Mujer",2020/09/Women-Classic-Vintage-Midi-Skirts-2020-New-Spring-Summer-Fashion-Plaid-Skirt-Female-A-Line-Single.jpg
209065,http://linhcorner.com/shop/uncategorized/gothic-6-layers-65cm-mix-colors-tutu-tulle-skirt-women-streetwear-high-waist-pleated-midi-skirts-spudniczki-jupe-rokken-faldas/,"Gothic 6 Layers 65cm Mix Colors Tutu Tulle Skirt Women Streetwear High Waist Pleated Midi Skirts spudniczki jupe rokken faldas",2020/09/Gothic-6-Layers-65cm-Mix-Colors-Tutu-Tulle-Skirt-Women-Streetwear-High-Waist-Pleated-Midi-Skirts.jpg
209094,http://linhcorner.com/shop/uncategorized/berrygo-elegant-women-skirt-2020-autumn-winter-vintange-short-skirt-leisure-plaid-high-waist-warp-summer-skirt-office-lady/,"BerryGo Elegant women skirt 2020 Autumn winter vintange short skirt Leisure plaid high waist warp summer skirt office lady",2020/09/BerryGo-Elegant-women-skirt-2020-Autumn-winter-vintange-short-skirt-Leisure-plaid-high-waist-warp-summer.jpg
209283,http://linhcorner.com/shop/uncategorized/bonjean-female-young-women-cartoon-print-pleated-skirt-mouse-girl-summer-spring-long-skirt-women-for-girls/,"BONJEAN Female Young Women Cartoon Print Pleated Skirt Mouse Girl Summer Spring Long Skirt Women for Girls",2020/09/BONJEAN-Female-Young-Women-Cartoon-Print-Pleated-Skirt-Mouse-Girl-Summer-Spring-Long-Skirt-Women-for.jpg
209293,http://linhcorner.com/shop/uncategorized/adult-female-tutu-skirt-5-layered-tutu-mini-ball-gown-skirt-women-ladys-tulle-princess-party-skirts-sexy-club-short-pettiskirt/,"Adult Female Tutu Skirt 5 Layered Tutu Mini Ball Gown Skirt Women Lady's Tulle Princess Party Skirts Sexy Club Short Pettiskirt",2020/09/Adult-Female-Tutu-Skirt-5-Layered-Tutu-Mini-Ball-Gown-Skirt-Women-Lady-s-Tulle-Princess.jpg
209330,http://linhcorner.com/shop/uncategorized/plus-size-women-back-slit-bodycon-elegant-midi-pencil-skirt-4xl-5xl-high-waist-casual-knitted-skirts-womens-jupe-femme-faldas/,"Plus Size Women Back Slit Bodycon Elegant Midi Pencil Skirt 4Xl 5Xl High Waist Casual Knitted Skirts Womens Jupe Femme Faldas",2020/09/Plus-Size-Women-Back-Slit-Bodycon-Elegant-Midi-Pencil-Skirt-4Xl-5Xl-High-Waist-Casual-Knitted.jpg
209370,http://linhcorner.com/shop/uncategorized/party-train-fashion-womens-lace-princess-fairy-4-layers-100-cm-voile-tulle-skirt-bouffant-puffy-fashion-skirt-long-tutu-skirts/,"Party Train Fashion Womens Lace Princess Fairy 4 layers 100 cm Voile Tulle Skirt Bouffant Puffy Fashion Skirt Long Tutu Skirts",2020/09/Party-Train-Fashion-Womens-Lace-Princess-Fairy-4-layers-100-cm-Voile-Tulle-Skirt-Bouffant-Puffy.jpg
209444,http://linhcorner.com/shop/uncategorized/skirts-vintage-50s-60s-women-ball-gown-tutu-skirt-swing-rockabilly-petticoat-underskirt-crinoline-fluffy-pettiskirt-for-wedding/,"Skirts Vintage 50s 60s Women Ball Gown Tutu Skirt Swing Rockabilly Petticoat Underskirt Crinoline Fluffy Pettiskirt for Wedding",2020/09/Skirts-Vintage-50s-60s-Women-Ball-Gown-Tutu-Skirt-Swing-Rockabilly-Petticoat-Underskirt-Crinoline-Fluffy-Pettiskirt.jpg
209762,http://linhcorner.com/shop/uncategorized/plegie-plus-size-4xl-shorts-skirts-womens-2020-summer-a-line-sun-school-high-waist-pleated-skirt-female-korean-elegant-skirt/,"Plegie Plus Size 4XL Shorts Skirts Womens 2020 Summer A Line Sun School High Waist Pleated Skirt Female Korean Elegant Skirt",2020/09/Plegie-Plus-Size-4XL-Shorts-Skirts-Womens-2020-Summer-A-Line-Sun-School-High-Waist-Pleated.jpg
209856,http://linhcorner.com/shop/uncategorized/2020-trend-pleat-skirt-long-women-chiffon-mesh-skirt-high-waist-a-line-vintage-pleat-maxi-skirt-fashion-femme-casual-party-skirt/,"2020 Trend Pleat Skirt Long Women Chiffon Mesh Skirt High Waist A Line Vintage Pleat Maxi skirt Fashion Femme Casual Party Skirt",2020/09/2020-Trend-Pleat-Skirt-Long-Women-Chiffon-Mesh-Skirt-High-Waist-A-Line-Vintage-Pleat-Maxi.jpg
209872,http://linhcorner.com/shop/uncategorized/plus-size-xl-xxl-women-summer-fashion-sexy-zipper-neon-green-bandage-skirt-2019-pencil-skirt-candy-color-night-club-skirts-women/,"Plus Size XL XXL Women Summer Fashion Sexy Zipper Neon Green Bandage Skirt 2019 Pencil Skirt Candy Color Night Club Skirts Women",2020/09/Plus-Size-XL-XXL-Women-Summer-Fashion-Sexy-Zipper-Neon-Green-Bandage-Skirt-2019-Pencil-Skirt.jpg
210003,http://linhcorner.com/shop/uncategorized/xs-5xl-plus-size-sexy-skirt-women-2018-solid-thick-tutu-skirts-high-waist-flared-super-mini-skater-super-short-skirt-0804-30/,"XS-5XL Plus Size Sexy Skirt Women 2018 Solid Thick Tutu Skirts High Waist Flared Super Mini Skater Super Short Skirt 0804-30",2020/09/XS-5XL-Plus-Size-Sexy-Skirt-Women-2018-Solid-Thick-Tutu-Skirts-High-Waist-Flared-Super.jpg
210026,http://linhcorner.com/shop/uncategorized/cnyishe-midi-high-waist-suede-pencil-skirts-women-2020-autumn-fashion-bodycon-sexy-slim-women-skirt-regular-office-lady-bottoms/,"CNYISHE Midi High Waist Suede Pencil Skirts Women 2020 Autumn Fashion Bodycon Sexy Slim Women Skirt Regular Office Lady Bottoms",2020/09/CNYISHE-Midi-High-Waist-Suede-Pencil-Skirts-Women-2020-Autumn-Fashion-Bodycon-Sexy-Slim-Women-Skirt.jpg
210123,http://linhcorner.com/shop/uncategorized/hspl-skirts-womens-high-waist-pleated-midi-2017-spring-summer-vintage-skirt-work-wear-hepburn-skirts-lady-europe-saia/,"HSPL Skirts Womens High Waist Pleated Midi 2017 Spring Summer Vintage Skirt Work Wear Hepburn Skirts Lady  Europe Saia",2020/09/HSPL-Skirts-Womens-High-Waist-Pleated-Midi-2017-Spring-Summer-Vintage-Skirt-Work-Wear-Hepburn-Skirts.jpg
210442,http://linhcorner.com/shop/uncategorized/summer-sexy-laser-high-waist-mini-pu-leather-skirt-club-party-dance-shiny-holographic-skirts-harajuku-jk-metallic-pleated-skirts/,"Summer Sexy Laser High Waist Mini PU Leather Skirt Club Party Dance Shiny Holographic Skirts Harajuku JK Metallic Pleated Skirts",2020/09/Summer-Sexy-Laser-High-Waist-Mini-PU-Leather-Skirt-Club-Party-Dance-Shiny-Holographic-Skirts-Harajuku.jpg
210515,http://linhcorner.com/shop/uncategorized/toppies-summer-purple-satin-skirts-womens-a-line-midi-skirts-high-waist-solid-color-streetwear/,"toppies summer purple satin skirts womens a-line midi skirts high waist solid color streetwear",2020/09/toppies-summer-purple-satin-skirts-womens-a-line-midi-skirts-high-waist-solid-color-streetwear.jpg
210555,http://linhcorner.com/shop/uncategorized/vitiana-women-sexy-party-long-skirt-summer-female-beach-elegant-lace-up-ankle-length-black-midi-skirts-casual-womens-streetwear/,"VITIANA Women Sexy Party Long Skirt Summer Female Beach Elegant Lace Up Ankle-Length Black Midi Skirts Casual Womens Streetwear",2020/09/VITIANA-Women-Sexy-Party-Long-Skirt-Summer-Female-Beach-Elegant-Lace-Up-Ankle-Length-Black-Midi.jpg
210641,http://linhcorner.com/shop/uncategorized/sexmkl-plus-size-elegant-elastic-black-skirt-women-2020-korean-winter-skirts-lace-patchwork-office-mini-high-waist-pencil-skirt/,"SEXMKL Plus Size Elegant Elastic Black Skirt Women 2020 Korean Winter Skirts Lace Patchwork Office Mini High Waist Pencil Skirt",2020/09/SEXMKL-Plus-Size-Elegant-Elastic-Black-Skirt-Women-2020-Korean-Winter-Skirts-Lace-Patchwork-Office-Mini.jpg
210667,http://linhcorner.com/shop/uncategorized/tonval-floral-vintage-plus-size-swing-skirt-retro-flowers-print-midi-skirts-womens-high-waist-cotton-a-line-skirt/,"Tonval Floral Vintage Plus Size Swing Skirt Retro Flowers Print Midi Skirts Womens High Waist Cotton A Line Skirt",2020/09/Tonval-Floral-Vintage-Plus-Size-Swing-Skirt-Retro-Flowers-Print-Midi-Skirts-Womens-High-Waist-Cotton.jpg
210807,http://linhcorner.com/shop/uncategorized/2019-shiny-metallic-color-sexy-mini-skirts-women-holographic-hot-micro-skirts-summer-beach-sexy-party-clubwear-for-girls/,"2019 Shiny Metallic Color Sexy Mini Skirts Women Holographic Hot Micro Skirts Summer Beach Sexy Party Clubwear for Girls",2020/09/2019-Shiny-Metallic-Color-Sexy-Mini-Skirts-Women-Holographic-Hot-Micro-Skirts-Summer-Beach-Sexy-Party.jpg
211084,http://linhcorner.com/shop/uncategorized/tulle-skirt-women-2019-summer-a-line-midi-skirts-elastic-high-waist-tutu-pleated-skirts-for-school-girl-korean-e9525/,"Tulle Skirt Women 2019 Summer A-line Midi Skirts Elastic High Waist Tutu Pleated Skirts For School Girl Korean E9525",2020/09/Tulle-Skirt-Women-2019-Summer-A-line-Midi-Skirts-Elastic-High-Waist-Tutu-Pleated-Skirts-For.jpg
211139,http://linhcorner.com/shop/uncategorized/women-ladies-japanese-school-pleated-skirt-sexy-micro-mini-preppy-harajuku-plaid-skirts-scottish-grid-a-line-miniskirt-club-wear/,"Women Ladies Japanese School Pleated Skirt Sexy Micro Mini Preppy Harajuku Plaid Skirts Scottish Grid A Line Miniskirt Club Wear",2020/09/Women-Ladies-Japanese-School-Pleated-Skirt-Sexy-Micro-Mini-Preppy-Harajuku-Plaid-Skirts-Scottish-Grid-A.jpg
211162,http://linhcorner.com/shop/uncategorized/women-elegant-ol-skirt-ladies-glossy-satin-skirt-plain-shiny-fashion-party-office-skirts-solid-high-waist-skirts/,"Women elegant OL Skirt Ladies Glossy Satin Skirt Plain Shiny  Fashion Party Office Skirts Solid  High Waist Skirts",2020/09/Women-elegant-OL-Skirt-Ladies-Glossy-Satin-Skirt-Plain-Shiny-Fashion-Party-Office-Skirts-Solid-High.jpg
211215,http://linhcorner.com/shop/uncategorized/lanmrem-2020-autumn-fashion-new-pu-leather-pleated-skirt-elastic-high-waist-all-match-females-bottoms-yf342/,"LANMREM 2020 autumn fashion new PU leather pleated skirt elastic high waist all-match female's bottoms YF342",2020/09/LANMREM-2020-autumn-fashion-new-PU-leather-pleated-skirt-elastic-high-waist-all-match-female-s.jpg
211233,http://linhcorner.com/shop/uncategorized/2020-new-style-for-autumn-and-winter-women-tweed-skirts-korean-of-the-cover-hip-plaid-skirt-female/,"2020 New Style for Autumn and Winter Women Tweed Skirts Korean of The Cover Hip Plaid Skirt Female",2020/09/2020-New-Style-for-Autumn-and-Winter-Women-Tweed-Skirts-Korean-of-The-Cover-Hip-Plaid.jpg
211293,http://linhcorner.com/shop/uncategorized/pleated-skirt-lady-2020-summer-korean-style-bright-fabric-ankle-length-silky-solid-elegant-style-long-skirt-women/,"Pleated Skirt Lady 2020 Summer Korean-Style Bright Fabric Ankle-Length Silky Solid Elegant-Style Long Skirt Women",2020/09/Pleated-Skirt-Lady-2020-Summer-Korean-Style-Bright-Fabric-Ankle-Length-Silky-Solid-Elegant-Style-Long.jpg
211629,http://linhcorner.com/shop/uncategorized/90s-vintage-daisy-mesh-midi-skirt-women-high-waist-sexy-skinny-pencil-skirts-harajuku-fashion-girls-floral-skirt-chic-streetwear/,"90s Vintage Daisy Mesh Midi Skirt Women High Waist Sexy Skinny Pencil Skirts Harajuku Fashion Girls Floral Skirt Chic Streetwear",2020/09/90s-Vintage-Daisy-Mesh-Midi-Skirt-Women-High-Waist-Sexy-Skinny-Pencil-Skirts-Harajuku-Fashion-Girls.jpg
211635,http://linhcorner.com/shop/uncategorized/tonval-peony-floral-vintage-a-line-black-flare-swing-skirts-womens-summer-plus-size-cotton-50s-retro-skater-skirt/,"Tonval Peony Floral Vintage A Line Black Flare Swing Skirts Womens Summer Plus Size Cotton 50S Retro Skater Skirt",2020/09/Tonval-Peony-Floral-Vintage-A-Line-Black-Flare-Swing-Skirts-Womens-Summer-Plus-Size-Cotton-50S.jpg
211726,http://linhcorner.com/shop/uncategorized/2-colors-high-elastic-waist-long-skirts-woman-2019-autumn-solid-color-irregular-a-line-skirts-womens-x224/,"2 colors high elastic waist Long Skirts Woman 2019 autumn solid color irregular A-line Skirts womens (X224)",2020/09/2-colors-high-elastic-waist-Long-Skirts-Woman-2019-autumn-solid-color-irregular-A-line-Skirts.jpg
211756,http://linhcorner.com/shop/uncategorized/tulle-skirts-korean-elastichigh-waist-mesh-skirt-womens-midi-pleated-skirt-black-pink-tulle-skirt-women-2020-white-skirt/,"Tulle Skirts Korean ElasticHigh Waist Mesh Skirt Womens Midi Pleated Skirt Black Pink Tulle Skirt Women 2020 White Skirt",2020/09/Tulle-Skirts-Korean-ElasticHigh-Waist-Mesh-Skirt-Womens-Midi-Pleated-Skirt-Black-Pink-Tulle-Skirt-Women.jpg
211790,http://linhcorner.com/shop/uncategorized/7layered-50cm-tulle-skirts-womens-26-colors-adult-tulle-skirt-elastic-high-waist-pleated-midi-skirt-fashion-wedding-jupe/,"7Layered 50cm Tulle Skirts Womens 26 Colors Adult Tulle Skirt Elastic High Waist Pleated Midi Skirt Fashion Wedding Jupe",2020/09/7Layered-50cm-Tulle-Skirts-Womens-26-Colors-Adult-Tulle-Skirt-Elastic-High-Waist-Pleated-Midi-Skirt.jpg
211812,http://linhcorner.com/shop/uncategorized/winter-autumn-womens-pleated-skirt-velvet-print-high-waist-long-skirts-women-young-girl-thick-large-size-fahion-female-falda/,"Winter Autumn Women's Pleated Skirt Velvet Print High Waist Long Skirts Women Young Girl Thick Large Size Fahion Female Falda",2020/09/Winter-Autumn-Women-s-Pleated-Skirt-Velvet-Print-High-Waist-Long-Skirts-Women-Young-Girl-Thick.jpg
211966,http://linhcorner.com/shop/uncategorized/2020-multilayer-mesh-midi-skirts-womens-butterfly-embroidery-long-skirt-high-waist-a-line-summer-pleated-skirt/,"2020 Multilayer Mesh Midi Skirts Womens Butterfly Embroidery Long Skirt High Waist A Line Summer Pleated Skirt",2020/09/2020-Multilayer-Mesh-Midi-Skirts-Womens-Butterfly-Embroidery-Long-Skirt-High-Waist-A-Line-Summer-Pleated.jpg
212420,http://linhcorner.com/shop/uncategorized/shein-black-solid-bodycon-skirts-womens-stretchy-bottoms-summer-autumn-high-waist-elegant-mini-skirt/,"SHEIN Black Solid Bodycon Skirts Womens Stretchy Bottoms Summer Autumn High Waist Elegant Mini Skirt",2020/09/SHEIN-Black-Solid-Bodycon-Skirts-Womens-Stretchy-Bottoms-Summer-Autumn-High-Waist-Elegant-Mini-Skirt.jpg
212421,http://linhcorner.com/shop/uncategorized/amii-spring-french-a-word-half-skirt-women-high-waist-plaid-knee-length-skirt-11920173/,"Amii Spring French A-word Half Skirt  Women High Waist Plaid Knee-Length Skirt 11920173",2020/09/Amii-Spring-French-A-word-Half-Skirt-Women-High-Waist-Plaid-Knee-Length-Skirt-11920173.jpg
212425,http://linhcorner.com/shop/uncategorized/2020-new-spring-and-summer-solid-fabrics-silk-skirt-women-a-line-midi-skirt-vintage-high-waist-wild-slim-hip-zipper-skirts-9645/,"2020 New Spring and Summer Solid Fabrics Silk Skirt Women A-line Midi Skirt Vintage High Waist Wild Slim Hip Zipper Skirts 9645",2020/09/2020-New-Spring-and-Summer-Solid-Fabrics-Silk-Skirt-Women-A-line-Midi-Skirt-Vintage-High.jpg
212428,http://linhcorner.com/shop/uncategorized/fashion-women-pleated-skirt-solid-color-summer-lady-a-line-mini-skirts-high-waist-chic-female-short-skirts-harajuku-sailor-skirt/,"Fashion Women Pleated Skirt Solid Color Summer Lady A-Line Mini Skirts High Waist Chic Female Short Skirts Harajuku Sailor Skirt",2020/09/Fashion-Women-Pleated-Skirt-Solid-Color-Summer-Lady-A-Line-Mini-Skirts-High-Waist-Chic-Female.jpg
212430,http://linhcorner.com/shop/uncategorized/faldas-mujer-moda-2020-new-summer-cotton-casual-lace-up-woman-skirts-patchwork-solid-pleated-long-skirts-for-women-mujer-faldas/,"Faldas Mujer Moda 2020 New Summer Cotton Casual Lace Up Woman Skirts Patchwork Solid Pleated Long Skirts for Women Mujer Faldas",2020/09/Faldas-Mujer-Moda-2020-New-Summer-Cotton-Casual-Lace-Up-Woman-Skirts-Patchwork-Solid-Pleated-Long.jpg
212432,http://linhcorner.com/shop/uncategorized/fitaylor-tulle-skirts-women-high-waist-mesh-skirt-hem-asymmetrical-pleated-midi-skirt-female-slim-black-casual-new-summer-skirts/,"Fitaylor Tulle Skirts Women High Waist Mesh Skirt Hem Asymmetrical Pleated Midi Skirt Female Slim Black Casual New Summer Skirts",2020/09/Fitaylor-Tulle-Skirts-Women-High-Waist-Mesh-Skirt-Hem-Asymmetrical-Pleated-Midi-Skirt-Female-Slim-Black.jpg
212504,http://linhcorner.com/shop/uncategorized/high-waist-womens-skirts-y2k-skirt-summer-sweet-mini-skirt-korean-plaid-skirt-short-pant-pleated-skirt-school-dance-skirt/,"High Waist Women's Skirts Y2k Skirt Summer Sweet Mini Skirt korean Plaid Skirt Short Pant Pleated Skirt School Dance Skirt",2020/09/High-Waist-Women-s-Skirts-Y2k-Skirt-Summer-Sweet-Mini-Skirt-korean-Plaid-Skirt-Short-Pant.jpg
212510,http://linhcorner.com/shop/uncategorized/pu-leather-skirt-women-pure-black-and-white-four-seasons-all-appropriate-high-waist-slim-a-line-sexy-fashion-wrap-hip-one-step/,"Pu Leather Skirt Women Pure Black And White Four Seasons All Appropriate High Waist Slim A -line Sexy Fashion Wrap Hip One Step",2020/09/Pu-Leather-Skirt-Women-Pure-Black-And-White-Four-Seasons-All-Appropriate-High-Waist-Slim-A.jpg
212517,http://linhcorner.com/shop/uncategorized/5layers-65cm-summer-vintage-skirts-women-elastic-high-waist-tulle-mesh-petticoat-pleated-tutu-skirt-women-saias-midi-faldas-jupe/,"5Layers 65cm Summer vintage skirts women Elastic High Waist tulle mesh Petticoat Pleated tutu skirt women Saias midi faldas jupe",2020/09/5Layers-65cm-Summer-vintage-skirts-women-Elastic-High-Waist-tulle-mesh-Petticoat-Pleated-tutu-skirt-women.jpg
212528,http://linhcorner.com/shop/uncategorized/lady-summer-sexy-club-bar-silver-gold-mini-skirts-imitation-leather-short-skirt-low-waist-pleated-a-line-bud-skirts/,"lady summer sexy club bar silver gold mini skirts imitation leather short skirt low waist pleated A line bud skirts",2020/09/lady-summer-sexy-club-bar-silver-gold-mini-skirts-imitation-leather-short-skirt-low-waist-pleated.jpg
212559,http://linhcorner.com/shop/uncategorized/tangada-2019-fashion-women-chiffon-skirt-faldas-mujer-retro-female-heart-printed-skirt-high-waist-beach-wear-skirts-1d100/,"Tangada 2019 fashion women chiffon skirt faldas mujer retro female heart printed skirt high waist beach wear skirts 1D100",2020/09/Tangada-2019-fashion-women-chiffon-skirt-faldas-mujer-retro-female-heart-printed-skirt-high-waist-beach.jpg
212585,http://linhcorner.com/shop/uncategorized/lanmrem-2020-autumn-fashion-new-elastic-high-waist-sequin-tassel-all-match-females-mesh-skirt-ye588/,"LANMREM 2020 autumn Fashion New Elastic High Waist Sequin Tassel All-match Female's Mesh Skirt YE588",2020/09/LANMREM-2020-autumn-Fashion-New-Elastic-High-Waist-Sequin-Tassel-All-match-Female-s-Mesh-Skirt.jpg
212692,http://linhcorner.com/shop/uncategorized/aproms-soft-satin-side-split-black-mini-skirts-women-summer-floral-high-waist-a-line-short-skirt-female-back-zipper-bottoms-2020/,"Aproms Soft Satin Side Split Black Mini Skirts Women Summer Floral High Waist A-line Short Skirt Female Back Zipper Bottoms 2020",2020/09/Aproms-Soft-Satin-Side-Split-Black-Mini-Skirts-Women-Summer-Floral-High-Waist-A-line-Short.jpg
212713,http://linhcorner.com/shop/uncategorized/long-skirts-womens-2020-summer-sexy-bandage-pencil-skirt-woman-clothes-plus-size-fashion-harajuku-vintage-elastic-ladies-skirts/,"Long Skirts Womens 2020 Summer Sexy Bandage Pencil Skirt Woman Clothes Plus Size Fashion Harajuku Vintage Elastic Ladies Skirts",2020/09/Long-Skirts-Womens-2020-Summer-Sexy-Bandage-Pencil-Skirt-Woman-Clothes-Plus-Size-Fashion-Harajuku-Vintage.jpg
212741,http://linhcorner.com/shop/uncategorized/summer-2019-new-arrivals-euro-style-midi-pleated-skirt-for-women-blue-apricot-skirts-womens-elastic-waist-saia/,"Summer 2019 New Arrivals Euro Style Midi Pleated Skirt For Women Blue Apricot Skirts Womens Elastic Waist Saia",2020/09/Summer-2019-New-Arrivals-Euro-Style-Midi-Pleated-Skirt-For-Women-Blue-Apricot-Skirts-Womens-Elastic.jpg
212844,http://linhcorner.com/shop/uncategorized/plaid-mini-skirt-women-bottoms-high-waist-woman-skirts-summer-streetwear-casual-a-line-ladies-skirts-vintage-female-short-skirt/,"Plaid Mini Skirt Women Bottoms High Waist Woman Skirts Summer Streetwear Casual A-Line Ladies Skirts Vintage Female Short Skirt",2020/09/Plaid-Mini-Skirt-Women-Bottoms-High-Waist-Woman-Skirts-Summer-Streetwear-Casual-A-Line-Ladies-Skirts.jpg
212845,http://linhcorner.com/shop/uncategorized/2020-summer-mini-skirt-sexy-a-line-skirt-high-waisted-skirt-office-ladies-split-skirts-back-zipper-skirts-blue-purple-black/,"2020 Summer mini skirt sexy a line skirt high waisted skirt office ladies split skirts back zipper skirts blue purple black",2020/09/2020-Summer-mini-skirt-sexy-a-line-skirt-high-waisted-skirt-office-ladies-split-skirts-back.jpg
212860,http://linhcorner.com/shop/uncategorized/digital-printing-christmas-style-skirts-women-elegant-cute-harajuku-dot-bird-watermelon-vintage-skirt/,"Digital Printing Christmas Style Skirts Women Elegant Cute Harajuku Dot Bird Watermelon Vintage Skirt",2020/09/Digital-Printing-Christmas-Style-Skirts-Women-Elegant-Cute-Harajuku-Dot-Bird-Watermelon-Vintage-Skirt.jpg
212982,http://linhcorner.com/shop/uncategorized/2019-women-sweet-tropical-flower-leaves-print-pleated-ruffles-mini-skirt-faldas-mujer-ladies-elastic-waist-lace-up-skirts-qun403/,"2019 Women sweet tropical flower leaves print pleated ruffles mini skirt faldas mujer ladies elastic waist lace up skirts QUN403",2020/09/2019-Women-sweet-tropical-flower-leaves-print-pleated-ruffles-mini-skirt-faldas-mujer-ladies-elastic-waist.jpg
212986,http://linhcorner.com/shop/uncategorized/ootn-casual-silk-black-skirt-women-summer-autumn-knee-length-office-lady-high-waist-elegant-satin-skirts-ladies-2019-fashion/,"OOTN Casual Silk Black Skirt Women Summer Autumn Knee-Length Office Lady High Waist Elegant Satin Skirts Ladies 2019 Fashion",2020/09/OOTN-Casual-Silk-Black-Skirt-Women-Summer-Autumn-Knee-Length-Office-Lady-High-Waist-Elegant-Satin.jpg
212994,http://linhcorner.com/shop/uncategorized/korean-sexy-summer-short-denim-skirt-women-vintage-high-waist-split-blue-jeans-skirt-gothic-mini-skirt-jupe-femme-faldas-mujer/,"Korean Sexy Summer Short Denim Skirt Women Vintage High Waist Split Blue Jeans Skirt Gothic Mini Skirt Jupe Femme Faldas Mujer",2020/09/Korean-Sexy-Summer-Short-Denim-Skirt-Women-Vintage-High-Waist-Split-Blue-Jeans-Skirt-Gothic-Mini.jpg
213005,http://linhcorner.com/shop/uncategorized/ootn-sexy-split-asymmetry-ruffle-skirt-ladies-summer-midi-skirt-women-high-waist-polka-dot-long-skirts-khaki-holiday-beach-2020/,"OOTN Sexy Split Asymmetry Ruffle Skirt Ladies Summer Midi Skirt Women High Waist Polka Dot Long Skirts Khaki Holiday Beach 2020",2020/09/OOTN-Sexy-Split-Asymmetry-Ruffle-Skirt-Ladies-Summer-Midi-Skirt-Women-High-Waist-Polka-Dot-Long.jpg
213013,http://linhcorner.com/shop/uncategorized/jielur-faux-leather-skirt-female-skinny-high-waist-womens-skirt-new-hot-sexy-lady-shiny-pu-yellow-blue-black-saias-zipper-s-xxl/,"Jielur Faux Leather Skirt Female Skinny High Waist Women's Skirt New Hot Sexy Lady Shiny PU Yellow Blue Black Saias Zipper S-XXL",2020/09/Jielur-Faux-Leather-Skirt-Female-Skinny-High-Waist-Women-s-Skirt-New-Hot-Sexy-Lady-Shiny.jpg
213060,http://linhcorner.com/shop/uncategorized/festivalqueen-sexy-rhinestones-women-mini-skirt-shiny-fake-diamond-crystal-metal-chain-patchwork-short-skirt-silver-gold/,"FestivalQueen Sexy Rhinestones Women Mini Skirt Shiny Fake Diamond Crystal Metal Chain Patchwork Short Skirt Silver Gold",2020/09/FestivalQueen-Sexy-Rhinestones-Women-Mini-Skirt-Shiny-Fake-Diamond-Crystal-Metal-Chain-Patchwork-Short-Skirt-Silver.jpg
213066,http://linhcorner.com/shop/uncategorized/shein-black-vintage-pearl-embellished-boxed-pleated-circle-knee-length-mid-waist-skirt-women-autumn-elegant-workwear-skirt/,"SHEIN Black Vintage Pearl Embellished Boxed Pleated Circle Knee Length Mid Waist Skirt Women Autumn Elegant Workwear Skirt",2020/09/SHEIN-Black-Vintage-Pearl-Embellished-Boxed-Pleated-Circle-Knee-Length-Mid-Waist-Skirt-Women-Autumn-Elegant.jpg
213074,http://linhcorner.com/shop/uncategorized/plus-size-2020-fashion-women-work-midi-skirt-ol-sexy-open-slit-button-slim-pencil-skirt-elegant-office-ladies-skirts-red-black/,"Plus Size 2020 Fashion Women Work Midi Skirt OL Sexy Open Slit Button Slim Pencil Skirt Elegant Office Ladies Skirts Red Black",2020/09/Plus-Size-2020-Fashion-Women-Work-Midi-Skirt-OL-Sexy-Open-Slit-Button-Slim-Pencil-Skirt.jpg
213091,http://linhcorner.com/shop/uncategorized/newasia-double-layers-high-waist-skirts-womens-cotton-long-skirt-2019-office-ladies-solid-color-slim-fit-sexy-bodycon-midi-skirt/,"NewAsia Double Layers High Waist Skirts Womens Cotton Long Skirt 2019 Office Ladies Solid Color Slim Fit Sexy Bodycon Midi Skirt",2020/09/NewAsia-Double-Layers-High-Waist-Skirts-Womens-Cotton-Long-Skirt-2019-Office-Ladies-Solid-Color-Slim.jpg
213105,http://linhcorner.com/shop/uncategorized/10-color-tulle-skirt-women-2020-summer-a-line-midi-skirts-elastic-high-waist-tutu-pleated-skirts-for-korean-knee-length-skirts-2/,"10 Color Tulle Skirt Women 2020 Summer A-line Midi Skirts Elastic High Waist Tutu Pleated Skirts For Korean Knee Length Skirts",2020/09/10-Color-Tulle-Skirt-Women-2020-Summer-A-line-Midi-Skirts-Elastic-High-Waist-Tutu-Pleated-6.jpg
213135,http://linhcorner.com/shop/uncategorized/twotwinstyle-patchwork-hit-color-sexy-skirt-women-high-waist-asymmetric-large-size-mini-female-skirts-clothes-2020-fashion-tide/,"TWOTWINSTYLE Patchwork Hit Color Sexy Skirt Women High Waist Asymmetric Large Size Mini Female Skirts Clothes 2020 Fashion Tide",2020/09/TWOTWINSTYLE-Patchwork-Hit-Color-Sexy-Skirt-Women-High-Waist-Asymmetric-Large-Size-Mini-Female-Skirts-Clothes.jpg
213145,http://linhcorner.com/shop/uncategorized/retro-high-waist-leopard-print-satin-skirt-like-silk-summer-women-elastic-waist-mid-long-a-line-skirts-femme/,"Retro High Waist Leopard Print Satin Skirt like Silk Summer Women Elastic Waist Mid Long A-line Skirts Femme",2020/09/Retro-High-Waist-Leopard-Print-Satin-Skirt-like-Silk-Summer-Women-Elastic-Waist-Mid-Long-A.jpg
213154,http://linhcorner.com/shop/uncategorized/beiyingni-elastic-high-waist-skirts-womens-pleated-korean-casual-a-line-fashion-all-match-skirt-woman-elegant-simple-ol-faldas/,"Beiyingni Elastic High Waist Skirts Womens Pleated Korean Casual A Line Fashion All-match Skirt Woman Elegant Simple OL Faldas",2020/09/Beiyingni-Elastic-High-Waist-Skirts-Womens-Pleated-Korean-Casual-A-Line-Fashion-All-match-Skirt-Woman.jpg
213216,http://linhcorner.com/shop/uncategorized/qickitout-skirts-2016-womens-new-sexy-colored-murals-3d-print-skirts-fashion-high-waist-package-hip-skirt-size-s-4xl-drop-ship/,"Qickitout Skirts 2016 Women's New Sexy Colored murals 3D Print Skirts Fashion High Waist Package Hip Skirt Size S-4XL Drop Ship",2020/09/Qickitout-Skirts-2016-Women-s-New-Sexy-Colored-murals-3D-Print-Skirts-Fashion-High-Waist-Package.jpg
213226,http://linhcorner.com/shop/uncategorized/cool-short-skirts-school-uniforms-high-waist-a-line-women-pleated-skirt-sweet-girls-dance-skirt-with-safety-pants-mini-skirt/,"Cool Short Skirts School-Uniforms High Waist A-Line Women Pleated Skirt Sweet Girls Dance Skirt With Safety pants Mini Skirt",2020/09/Cool-Short-Skirts-School-Uniforms-High-Waist-A-Line-Women-Pleated-Skirt-Sweet-Girls-Dance-Skirt.jpg
213233,http://linhcorner.com/shop/uncategorized/harajuku-fashion-high-waist-pleated-love-embroidery-skirt-woman-heart-a-line-mini-skirts/,"Harajuku Fashion High Waist Pleated Love Embroidery Skirt Woman Heart A Line Mini Skirts",2020/09/Harajuku-Fashion-High-Waist-Pleated-Love-Embroidery-Skirt-Woman-Heart-A-Line-Mini-Skirts.jpg
213255,http://linhcorner.com/shop/uncategorized/ocstrade-new-arrival-2020-fashion-long-bandage-skirt-women-lime-zebra-print-bodycon-bandage-skirt-midi-club-party-skirt/,"Ocstrade New Arrival 2020 Fashion Long Bandage Skirt Women Lime Zebra Print Bodycon Bandage Skirt Midi Club Party Skirt",2020/09/Ocstrade-New-Arrival-2020-Fashion-Long-Bandage-Skirt-Women-Lime-Zebra-Print-Bodycon-Bandage-Skirt-Midi.jpg
213285,http://linhcorner.com/shop/uncategorized/sweet-white-black-cosplay-skirt-three-layer-lace-lolita-petticoat-tutu-skirt/,"Sweet White/Black Cosplay Skirt Three Layer Lace Lolita Petticoat/Tutu Skirt",2020/09/Sweet-White-Black-Cosplay-Skirt-Three-Layer-Lace-Lolita-Petticoat-Tutu-Skirt.jpg
213329,http://linhcorner.com/shop/uncategorized/mini-bandage-skirts-sexy-women-summer-black-red-2020-new-arrival-bodycon-skirt-elegant-celebrity-party-club-ladies-clothes/,"Mini Bandage Skirts Sexy Women Summer Black Red 2020 New Arrival Bodycon Skirt Elegant Celebrity Party Club Ladies Clothes",2020/09/Mini-Bandage-Skirts-Sexy-Women-Summer-Black-Red-2020-New-Arrival-Bodycon-Skirt-Elegant-Celebrity-Party.jpg
213345,http://linhcorner.com/shop/uncategorized/zoki-korean-loose-women-denim-midi-skirt-summer-a-line-blue-female-jeans-vintage-casual-harajuku-cotton-skirt-plus-size-5xl-2020/,"Zoki Korean loose women denim midi skirt summer A-line blue female jeans vintage casual harajuku cotton skirt plus size 5XL 2020",2020/09/Zoki-Korean-loose-women-denim-midi-skirt-summer-A-line-blue-female-jeans-vintage-casual-harajuku.jpg
213367,http://linhcorner.com/shop/uncategorized/mini-skirt-high-cut-tight-pencil-cute-skirt-ice-silk-smooth-see-through-micro-mini-skirt-transparent-night-club-skirt-high-waist/,"Mini Skirt High Cut Tight Pencil Cute Skirt Ice Silk Smooth See Through Micro Mini Skirt Transparent Night Club Skirt High Waist",2020/09/Mini-Skirt-High-Cut-Tight-Pencil-Cute-Skirt-Ice-Silk-Smooth-See-Through-Micro-Mini-Skirt.jpg
213400,http://linhcorner.com/shop/uncategorized/black-elegant-office-lady-solid-color-front-zipper-mid-high-waist-skirts-spring-winter-women-suede-leater-package-hip-skirt/,"Black Elegant Office Lady Solid Color Front Zipper Mid High Waist Skirts Spring Winter Women Suede Leater Package Hip Skirt",2020/09/Black-Elegant-Office-Lady-Solid-Color-Front-Zipper-Mid-High-Waist-Skirts-Spring-Winter-Women-Suede.jpg
213444,http://linhcorner.com/shop/uncategorized/elastic-waist-vintage-skirts-plus-size-harajuku-new-korean-plaid-skirt-women-high-waist-school-girls-mid-carf-pleated-skirt/,"Elastic waist  Vintage Skirts Plus Size Harajuku New Korean Plaid Skirt Women High Waist School Girls mid carf Pleated skirt",2020/09/Elastic-waist-Vintage-Skirts-Plus-Size-Harajuku-New-Korean-Plaid-Skirt-Women-High-Waist-School-Girls.jpg
213464,http://linhcorner.com/shop/uncategorized/high-quality-red-black-white-gold-silver-waist-rayon-mini-bandage-skirt-night-club-party-skirt/,"High Quality Red Black White Gold Silver Waist Rayon Mini Bandage Skirt Night Club Party Skirt",2020/09/High-Quality-Red-Black-White-Gold-Silver-Waist-Rayon-Mini-Bandage-Skirt-Night-Club-Party-Skirt.jpg
213468,http://linhcorner.com/shop/uncategorized/sexmkl-plus-size-white-lace-skirt-women-2020-summer-high-waist-black-skirts-sexy-office-lady-ruffles-pencil-skirt-jupe-femme/,"SEXMKL Plus Size White Lace Skirt Women 2020 Summer High Waist Black Skirts Sexy Office Lady Ruffles Pencil Skirt Jupe Femme",2020/09/SEXMKL-Plus-Size-White-Lace-Skirt-Women-2020-Summer-High-Waist-Black-Skirts-Sexy-Office-Lady.jpg
213495,http://linhcorner.com/shop/uncategorized/5-layer-65cm-knee-length-tulle-skirt-elegant-pleated-tutu-skirts-womens-vintage-lolita-petticoat-faldas-mujer-saia-jupe/,"5 Layer 65cm Knee Length Tulle Skirt Elegant Pleated Tutu Skirts Womens Vintage Lolita Petticoat faldas mujer Saia Jupe",2020/09/5-Layer-65cm-Knee-Length-Tulle-Skirt-Elegant-Pleated-Tutu-Skirts-Womens-Vintage-Lolita-Petticoat-faldas.jpg
213549,http://linhcorner.com/shop/uncategorized/vintage-summer-bust-skirt-women-linen-skirts-all-match-casual-pleated-solid-color-skirts-fashion-womens-clothing-wj305/,"Vintage Summer Bust skirt Women Linen Skirts All-match Casual Pleated Solid Color skirts Fashion Women's clothing WJ305",2020/09/Vintage-Summer-Bust-skirt-Women-Linen-Skirts-All-match-Casual-Pleated-Solid-Color-skirts-Fashion-Women.jpg
213558,http://linhcorner.com/shop/uncategorized/high-waist-pencil-skirt-women-2020-autumn-winter-elegant-bodycon-knitted-skirt-black-solid-ladies-office-long-skirts-jupe-femme/,"High Waist Pencil Skirt Women 2020 Autumn Winter Elegant Bodycon Knitted Skirt Black Solid Ladies Office Long Skirts jupe femme",2020/09/High-Waist-Pencil-Skirt-Women-2020-Autumn-Winter-Elegant-Bodycon-Knitted-Skirt-Black-Solid-Ladies-Office.jpg
213566,http://linhcorner.com/shop/uncategorized/s-5xl-women-pencil-long-skirts-2020-high-waist-casual-summer-sexy-skirts-slim-red-office-lady-work-wear-plus-size-black-skirt/,"S-5XL Women Pencil Long Skirts 2020 High Waist Casual Summer Sexy Skirts Slim Red Office Lady Work Wear Plus Size Black Skirt",2020/09/S-5XL-Women-Pencil-Long-Skirts-2020-High-Waist-Casual-Summer-Sexy-Skirts-Slim-Red-Office.jpg
213692,http://linhcorner.com/shop/uncategorized/pleated-skirt-womens-summer-2020-new-mickey-cartoon-printing-womens-skirt-all-match-slim-expandable-high-waist-skirts-fashion/,"Pleated Skirt Women's Summer 2020 New Mickey Cartoon Printing Women's Skirt All-match Slim Expandable high waist Skirts Fashion",2020/09/Pleated-Skirt-Women-s-Summer-2020-New-Mickey-Cartoon-Printing-Women-s-Skirt-All-match-Slim.jpg
213796,http://linhcorner.com/shop/uncategorized/viifaa-blue-high-waist-workwear-bodycon-elegant-pencil-skirt-women-split-hem-streetwear-office-ladies-solid-skirts/,"Viifaa Blue High Waist Workwear Bodycon Elegant Pencil Skirt Women Split Hem Streetwear Office Ladies Solid Skirts",2020/09/Viifaa-Blue-High-Waist-Workwear-Bodycon-Elegant-Pencil-Skirt-Women-Split-Hem-Streetwear-Office-Ladies-Solid.jpg
213812,http://linhcorner.com/shop/uncategorized/women-2019-polka-dot-print-za-green-mini-skirt-summer-fashion-female-pleated-ruffles-skirts-for-sweet-lady-faldas-mujer-moda/,"Women 2019 Polka Dot Print Za Green Mini Skirt Summer Fashion Female Pleated Ruffles Skirts For Sweet Lady faldas mujer moda",2020/09/Women-2019-Polka-Dot-Print-Za-Green-Mini-Skirt-Summer-Fashion-Female-Pleated-Ruffles-Skirts-For.jpg
213814,http://linhcorner.com/shop/uncategorized/womens-pencil-skirt-2020-new-cartoon-mouse-print-high-waist-slim-skirts-young-girl-summer-large-size-japan-female-falda/,"Women's Pencil skirt 2020 New Cartoon Mouse Print High Waist Slim Skirts Young Girl Summer Large Size Japan Female Falda",2020/09/Women-s-Pencil-skirt-2020-New-Cartoon-Mouse-Print-High-Waist-Slim-Skirts-Young-Girl-Summer.jpg
213873,http://linhcorner.com/shop/uncategorized/womens-korean-pleated-skirt-summer-new-casual-elastic-high-waist-mesh-tulle-skirt-summer-solid-a-line-tutu-skirt/,"Womens Korean Pleated Skirt Summer New Casual Elastic High Waist Mesh Tulle Skirt Summer Solid A-Line Tutu Skirt",2020/09/Womens-Korean-Pleated-Skirt-Summer-New-Casual-Elastic-High-Waist-Mesh-Tulle-Skirt-Summer-Solid-A.jpg
213889,http://linhcorner.com/shop/uncategorized/spring-sweet-plaid-ruffles-mini-skirt-gray-pink-japanese-loose-fashion-a-line-girls-skirt-woman-lolita-jk-college-style-skirt/,"Spring Sweet Plaid Ruffles Mini Skirt Gray Pink Japanese Loose Fashion A-line Girls Skirt Woman Lolita Jk College Style Skirt",2020/09/Spring-Sweet-Plaid-Ruffles-Mini-Skirt-Gray-Pink-Japanese-Loose-Fashion-A-line-Girls-Skirt-Woman.jpg
213895,http://linhcorner.com/shop/uncategorized/2020-spring-summer-new-flower-floral-print-pleated-skater-skirt-tutu-midi-skirt-casual-high-waist-midi-ball-gown-saia-faldas/,"2020 Spring Summer New Flower Floral Print Pleated Skater Skirt Tutu Midi Skirt Casual High Waist Midi Ball Gown Saia Faldas",2020/09/2020-Spring-Summer-New-Flower-Floral-Print-Pleated-Skater-Skirt-Tutu-Midi-Skirt-Casual-High-Waist.jpg
213907,http://linhcorner.com/shop/uncategorized/simplee-vintage-high-waist-skirts-womens-bottom-boho-pencil-corduroy-winter-skirt-female-embroidery-autumn-sexy-green-mini-skirt/,"Simplee Vintage high waist skirts womens bottom Boho pencil corduroy winter skirt female Embroidery autumn sexy green mini skirt",2020/09/Simplee-Vintage-high-waist-skirts-womens-bottom-Boho-pencil-corduroy-winter-skirt-female-Embroidery-autumn-sexy.jpg
213975,http://linhcorner.com/shop/uncategorized/womens-skirts-korean-style-high-waist-plus-size-harajuku-a-line-pleated-plaid-mini-woman-skirts-mujer-faldas-mujer-moda-2020/,"Women's Skirts Korean Style High Waist Plus Size Harajuku A-line Pleated Plaid Mini Woman Skirts Mujer Faldas Mujer Moda 2020",2020/09/Women-s-Skirts-Korean-Style-High-Waist-Plus-Size-Harajuku-A-line-Pleated-Plaid-Mini-Woman.jpg
213995,http://linhcorner.com/shop/uncategorized/goth-dark-grunge-punk-summer-gothic-skirts-for-women-streetwear-zippper-rivet-pleated-metal-ring-skirt-pu-sexy-hollow-out-casual/,"Goth Dark Grunge Punk Summer Gothic Skirts For Women Streetwear Zippper Rivet Pleated Metal Ring Skirt PU Sexy Hollow Out Casual",2020/09/Goth-Dark-Grunge-Punk-Summer-Gothic-Skirts-For-Women-Streetwear-Zippper-Rivet-Pleated-Metal-Ring-Skirt.jpg
