134589,https://daisycorners.com/product/1pcs-flying-black-bird-disposable-waterproof-3d-tattoo-sticker-women-sexy-wrist-tattoo-body-art-temporary-tattoo-paper/,"1Pcs Flying Black Bird Disposable Waterproof 3D Tattoo Sticker Women Sexy Wrist Tattoo Body Art Temporary Tattoo Paper",2020/07/1Pcs-Flying-Black-Bird-Disposable-Waterproof-3D-Tattoo-Sticker-Women-Sexy-Wrist-Tattoo-Body-Art-Temporary.jpg
134594,https://daisycorners.com/product/1pc-temporary-tattoo-black-flower-tattoo-sleeves-water-transfer-tatoo-sticker-peony-rose-tattoos-body-art-sexy-tatoo-girl-arm-ho/,"1PC Temporary Tattoo Black Flower Tattoo Sleeves Water Transfer Tatoo Sticker Peony Rose Tattoos Body Art Sexy Tatoo Girl Arm Ho",2020/07/1PC-Temporary-Tattoo-Black-Flower-Tattoo-Sleeves-Water-Transfer-Tatoo-Sticker-Peony-Rose-Tattoos-Body-Art.jpg
134595,https://daisycorners.com/product/rose-peony-flower-girls-temporary-tattoos-for-women-waterproof-black-tattoo-stickers-3d-blossom-lady-shoulder-diy-tatoos/,"Rose Peony Flower Girls Temporary Tattoos For Women Waterproof Black Tattoo Stickers 3D Blossom Lady Shoulder DIY Tatoos",2020/07/Rose-Peony-Flower-Girls-Temporary-Tattoos-For-Women-Waterproof-Black-Tattoo-Stickers-3D-Blossom-Lady-Shoulder.jpg
134596,https://daisycorners.com/product/1-pc-fashion-women-girl-temporary-tattoo-sticker-black-roses-design-full-flower-arm-body-art-big-large-fake-tattoo-sticker/,"1 PC Fashion Women Girl Temporary Tattoo Sticker Black Roses Design Full Flower Arm Body Art Big Large Fake Tattoo Sticker",2020/07/1-PC-Fashion-Women-Girl-Temporary-Tattoo-Sticker-Black-Roses-Design-Full-Flower-Arm-Body-Art.jpg
134598,https://daisycorners.com/product/waterproof-temporary-tattoo-sticker-flower-rose-flash-tattoos-lalash-tattoos-snake-lion-body-art-arm-fake-sleeve-tatoo-women/,"Waterproof Temporary Tattoo Sticker Flower Rose Flash Tattoos Lalash Tattoos Snake Lion Body Art Arm Fake Sleeve Tatoo Women",2020/07/Waterproof-Temporary-Tattoo-Sticker-Flower-Rose-Flash-Tattoos-Lalash-Tattoos-Snake-Lion-Body-Art-Arm-Fake.jpg
134599,https://daisycorners.com/product/ophir-12-color-airbrush-tattoo-inks-with-color-wheel-30ml-bottle-body-art-paint-colors-for-temporary-tattoo-pigment_ta053ac128/,"OPHIR 12 Color Airbrush Tattoo Inks with Color Wheel 30ML/Bottle Body Art Paint Colors for Temporary Tattoo Pigment_TA053+AC128",2020/07/OPHIR-12-Color-Airbrush-Tattoo-Inks-with-Color-Wheel-30ML-Bottle-Body-Art-Paint-Colors-for.jpg
134731,https://daisycorners.com/product/1-pc-geometric-planet-fashion-women-temporary-tattoo-sticker-black-roses-design-flower-arm-body-art-large-fake-tattoo-sticker/,"1 PC Geometric Planet Fashion Women Temporary Tattoo Sticker Black Roses Design Flower Arm Body Art Large Fake Tattoo Sticker",2020/07/1-PC-Geometric-Planet-Fashion-Women-Temporary-Tattoo-Sticker-Black-Roses-Design-Flower-Arm-Body-Art.jpg
134912,https://daisycorners.com/product/10cm-wrist-tattoo-disposable-tattoo-bird-design-black-waterproof-tattoo-sticker-for-cool-girl-art-women-sexy-temporary-tattoos/,"10cm Wrist Tattoo Disposable Tattoo Bird Design Black Waterproof Tattoo Sticker For Cool Girl Art Women Sexy Temporary Tattoos",2020/07/10cm-Wrist-Tattoo-Disposable-Tattoo-Bird-Design-Black-Waterproof-Tattoo-Sticker-For-Cool-Girl-Art-Women.jpg
134917,https://daisycorners.com/product/temporary-armband-tattoos-waterproof-temporary-tattoo-sticker-flower-lotus-tattoo-sleeve-women-wrist-arm-sleeves-tatoo-fake-girl/,"temporary armband tattoos waterproof temporary tattoo sticker flower lotus tattoo sleeve women wrist arm sleeves tatoo fake girl",2020/07/temporary-armband-tattoos-waterproof-temporary-tattoo-sticker-flower-lotus-tattoo-sleeve-women-wrist-arm-sleeves-tatoo.jpg
135059,https://daisycorners.com/product/1-pcs-temporary-tattoo-stickers-party-decoration-body-art-big-large-fake-tattoo-sticker-temporary-tattoos/,"1 Pcs Temporary Tattoo Stickers Party Decoration Body Art Big Large Fake Tattoo Sticker Temporary Tattoos",2020/07/1-Pcs-Temporary-Tattoo-Stickers-Party-Decoration-Body-Art-Big-Large-Fake-Tattoo-Sticker-Temporary-Tattoos.jpg
135061,https://daisycorners.com/product/temporary-tattoo-sticker-horror-cat-bat-terror-wound-realistic-blood-injury-scar-tattoo-sticker-for-halloween-makeup-body-art/,"Temporary Tattoo Sticker Horror cat bat Terror Wound Realistic Blood Injury Scar Tattoo Sticker For Halloween Makeup Body Art",2020/07/Temporary-Tattoo-Sticker-Horror-cat-bat-Terror-Wound-Realistic-Blood-Injury-Scar-Tattoo-Sticker-For-Halloween.jpg
135154,https://daisycorners.com/product/10ml-waterproof-temporary-tattoos-ink-last-for-2-weeks-freehand-tattoo-organic-jagua-fruit-based-juice/,"10ml WaterProof Temporary Tattoos Ink Last for 2 Weeks Freehand Tattoo Organic Jagua Fruit Based Juice",2020/07/10ml-WaterProof-Temporary-Tattoos-Ink-Last-for-2-Weeks-Freehand-Tattoo-Organic-Jagua-Fruit-Based-Juice.jpg
135167,https://daisycorners.com/product/1pcs-artificial-flowers-arm-shoulder-tattoo-stickers-flash-henna-tattoo-fake-waterproof-temporary-tattoos-sticker-women/,"1PCS Artificial flowers arm shoulder tattoo stickers flash henna tattoo fake waterproof temporary tattoos sticker women",2020/07/1PCS-Artificial-flowers-arm-shoulder-tattoo-stickers-flash-henna-tattoo-fake-waterproof-temporary-tattoos-sticker-women.jpg
135332,https://daisycorners.com/product/1-pcs-waterproof-temporary-tattoo-sticker-body-arm-geometric-planet-jellyfish-tatoo-stickers-flash-fake-tattoos-for-men-women/,"1 Pcs Waterproof Temporary Tattoo Sticker Body Arm Geometric Planet Jellyfish Tatoo Stickers Flash Fake Tattoos for Men Women",2020/07/1-Pcs-Waterproof-Temporary-Tattoo-Sticker-Body-Arm-Geometric-Planet-Jellyfish-Tatoo-Stickers-Flash-Fake-Tattoos.jpg
135342,https://daisycorners.com/product/body-art-beauty-makeup-pink-sexy-ear-on-and-off-waterproof-temporary-tattoo-stickers-sexy/,"Body Art Beauty Makeup Pink Sexy Ear On and off Waterproof Temporary Tattoo Stickers Sexy",2020/07/Body-Art-Beauty-Makeup-Pink-Sexy-Ear-On-and-off-Waterproof-Temporary-Tattoo-Stickers-Sexy.jpg
135380,https://daisycorners.com/product/10x6cm-temporary-small-cute-fashion-tattoo-seagull-and-feathers/,"10x6cm Temporary Small Cute Fashion Tattoo Seagull And Feathers",2020/07/10x6cm-Temporary-Small-Cute-Fashion-Tattoo-Seagull-And-Feathers.jpg
135501,https://daisycorners.com/product/hot-black-english-words-tattoo-sticker-women-men-couple-body-art-temporary-fake-tattoo-sticker-waterproof/,"Hot Black English Words Tattoo Sticker Women Men Couple Body Art Temporary Fake Tattoo Sticker Waterproof",2020/07/Hot-Black-English-Words-Tattoo-Sticker-Women-Men-Couple-Body-Art-Temporary-Fake-Tattoo-Sticker-Waterproof.jpeg
135539,https://daisycorners.com/product/waterproof-temporary-tattoo-sticker-dragon-wing-cross-flash-tatto-wolf-scorpion-totem-body-art-arm-water-transfer-fake-tatoo-men/,"Waterproof Temporary Tattoo Sticker Dragon Wing Cross Flash Tatto Wolf Scorpion Totem Body Art Arm Water Transfer Fake Tatoo Men",2020/07/Waterproof-Temporary-Tattoo-Sticker-Dragon-Wing-Cross-Flash-Tatto-Wolf-Scorpion-Totem-Body-Art-Arm-Water.jpg
135655,https://daisycorners.com/product/rocooart-cartoon-unicorn-tattoo-for-kid-cute-fake-taty-children-tatouage-temporaire-body-art-waterproof-temporary-tattoo-sticker/,"Rocooart Cartoon Unicorn Tattoo For Kid Cute Fake Taty Children Tatouage Temporaire Body Art Waterproof Temporary Tattoo Sticker",2020/07/Rocooart-Cartoon-Unicorn-Tattoo-For-Kid-Cute-Fake-Taty-Children-Tatouage-Temporaire-Body-Art-Waterproof-Temporary.jpg
135722,https://daisycorners.com/product/3d-star-waterproof-temporary-tattoos-sticker-body-mans-half-sleeve-arm-star-temporary-totem-tattoo-stickers-body-art-tatoo/,"3D Star Waterproof Temporary Tattoos Sticker Body Man's Half Sleeve Arm Star Temporary Totem Tattoo Stickers Body Art Tatoo",2020/07/3D-Star-Waterproof-Temporary-Tattoos-Sticker-Body-Man-s-Half-Sleeve-Arm-Star-Temporary-Totem-Tattoo.jpg
135861,https://daisycorners.com/product/hot-sale-1pcs-cute-owl-waterproof-long-lasting-temporary-tattoo-stickers-body-art-makeup-water-resistant/,"Hot Sale 1pcs Cute OWL Waterproof Long Lasting Temporary Tattoo Stickers Body Art Makeup Water Resistant",2020/07/Hot-Sale-1pcs-Cute-OWL-Waterproof-Long-Lasting-Temporary-Tattoo-Stickers-Body-Art-Makeup-Water-Resistant.jpg
135982,https://daisycorners.com/product/1pcs-whale-sexy-women-girl-temporary-tattoo-sticker-black-fox-roses-design-flower-arm-body-art-big-large-fake-tattoo-sticker-op2/,"1PCS Whale Sexy Women Girl Temporary Tattoo Sticker Black Fox Roses Design Flower Arm Body Art Big Large Fake Tattoo Sticker OP2",2020/07/1PCS-Whale-Sexy-Women-Girl-Temporary-Tattoo-Sticker-Black-Fox-Roses-Design-Flower-Arm-Body-Art.jpg
136021,https://daisycorners.com/product/beauty-colorful-artificial-flowers-tattoo-stickers-flash-tattoo-fake-waterproof-temporary-tattoos-disposable-body-art-tattoo/,"Beauty Colorful Artificial Flowers Tattoo Stickers Flash Tattoo Fake Waterproof Temporary Tattoos Disposable Body Art Tattoo",2020/07/Beauty-Colorful-Artificial-Flowers-Tattoo-Stickers-Flash-Tattoo-Fake-Waterproof-Temporary-Tattoos-Disposable-Body-Art-Tattoo.jpg
136150,https://daisycorners.com/product/cute-animal-bird-with-dragon-tattoo-body-art-beauty-makeup-waterproof-temporary-tattoo-sticker/,"Cute animal bird with dragon tattoo body art beauty makeup waterproof temporary tattoo sticker",2020/07/Cute-animal-bird-with-dragon-tattoo-body-art-beauty-makeup-waterproof-temporary-tattoo-sticker.jpg
136337,https://daisycorners.com/product/waterproof-temporary-sticker-owl-body-arm-ankle-men-women-fake-tattoos-water-transfer-stickers-body-art-make-up/,"Waterproof Temporary Sticker Owl Body Arm Ankle Men Women Fake Tattoos Water Transfer Stickers Body Art Make Up",2020/07/Waterproof-Temporary-Sticker-Owl-Body-Arm-Ankle-Men-Women-Fake-Tattoos-Water-Transfer-Stickers-Body-Art.jpg
136352,https://daisycorners.com/product/water-transfer-fake-tattoo-disposable-waterproof-temporary-stickers-beauty-cool-body-art-beauty-makeup-words-paper-plane/,"Water Transfer Fake tattoo Disposable Waterproof Temporary Stickers beauty Cool Body Art Beauty Makeup Words $ Paper Plane",2020/07/Water-Transfer-Fake-tattoo-Disposable-Waterproof-Temporary-Stickers-beauty-Cool-Body-Art-Beauty-Makeup-Words-Paper.jpg
136369,https://daisycorners.com/product/1pcs-summer-body-art-3d-barcode-designed-waterproof-temporary-tattoo-stickers-fashion-printed-3d-barcode-tattoo-accessories/,"1PCs Summer Body Art 3D Barcode Designed Waterproof Temporary Tattoo Stickers Fashion Printed 3D Barcode Tattoo Accessories",2020/07/1PCs-Summer-Body-Art-3D-Barcode-Designed-Waterproof-Temporary-Tattoo-Stickers-Fashion-Printed-3D-Barcode-Tattoo.jpg
136469,https://daisycorners.com/product/hot-wolf-temporary-tattoo-sticker-men-women-black-animal-waterproof-tattoo-multi-styles-water-transfer-fake-tattoo/,"HOT Wolf Temporary Tattoo Sticker Men Women Black Animal Waterproof Tattoo Multi Styles Water Transfer Fake Tattoo",2020/07/HOT-Wolf-Temporary-Tattoo-Sticker-Men-Women-Black-Animal-Waterproof-Tattoo-Multi-Styles-Water-Transfer-Fake.jpg
136524,https://daisycorners.com/product/hxman-flower-temporary-tattoos-for-women-hand-tattoo-sticker-fashion-body-art-waterproof-arm-fake-tatoo-paper-9-8x6cm-p-013/,"HXMAN Flower Temporary Tattoos for Women Hand Tattoo Sticker Fashion Body Art Waterproof Arm Fake Tatoo Paper 9.8X6cm P-013",2020/07/HXMAN-Flower-Temporary-Tattoos-for-Women-Hand-Tattoo-Sticker-Fashion-Body-Art-Waterproof-Arm-Fake-Tatoo.jpg
136569,https://daisycorners.com/product/waterproof-temporary-tattoo-sticker-snake-flower-rose-flash-tattoos-lace-fox-lion-tree-body-art-arm-fake-sleeve-tattoo-women/,"Waterproof Temporary Tattoo Sticker Snake Flower Rose Flash Tattoos Lace Fox Lion Tree Body Art Arm Fake Sleeve Tattoo Women",2020/07/Waterproof-Temporary-Tattoo-Sticker-Snake-Flower-Rose-Flash-Tattoos-Lace-Fox-Lion-Tree-Body-Art-Arm.jpg
136583,https://daisycorners.com/product/1pcs-rose-snake-water-transfer-tattoo-stickers-women-body-chest-art-temporary-tattoo-girl-waist-bracelet-flash-tatoos-flower/,"1PCS Rose Snake Water Transfer Tattoo Stickers Women Body Chest Art Temporary Tattoo Girl Waist Bracelet Flash Tatoos Flower",2020/07/1PCS-Rose-Snake-Water-Transfer-Tattoo-Stickers-Women-Body-Chest-Art-Temporary-Tattoo-Girl-Waist-Bracelet.jpg
136668,https://daisycorners.com/product/full-flower-temporary-tattoo-sticker-arm-fake-tattoo-sticker-skull-lion-dragon-body-paint-waterproof-transfer-fake-tattoo-sleeve/,"Full Flower Temporary Tattoo Sticker Arm Fake Tattoo Sticker Skull Lion Dragon Body Paint Waterproof Transfer Fake Tattoo Sleeve",2020/07/Full-Flower-Temporary-Tattoo-Sticker-Arm-Fake-Tattoo-Sticker-Skull-Lion-Dragon-Body-Paint-Waterproof-Transfer.jpg
136858,https://daisycorners.com/product/rocooart-classic-black-tattoo-cat-bird-fake-tattoo-tatuajes-hand-tatouage-body-waterproof-temporary-tattoo-sticker-small-taty/,"Rocooart Classic Black Tattoo Cat Bird Fake Tattoo Tatuajes Hand Tatouage Body Waterproof Temporary Tattoo Sticker Small Taty",2020/07/Rocooart-Classic-Black-Tattoo-Cat-Bird-Fake-Tattoo-Tatuajes-Hand-Tatouage-Body-Waterproof-Temporary-Tattoo-Sticker.jpg
136896,https://daisycorners.com/product/1pcs-diamond-elk-temporary-tattoo-cute-star-tattoo-sticker-love-women-body-finger-art-waterproof-tatoo-kid-n4c9/,"1Pcs Diamond Elk Temporary Tattoo Cute Star Tattoo Sticker Love Women Body Finger Art Waterproof Tatoo Kid N4c9",2020/07/1Pcs-Diamond-Elk-Temporary-Tattoo-Cute-Star-Tattoo-Sticker-Love-Women-Body-Finger-Art-Waterproof-Tatoo.jpg
136967,https://daisycorners.com/product/2020-hot-black-temporary-tattoo-body-art-tattoos-3d-waterproof-temporary-tattoos-sticker-art-men-arm-leg-fake-tatoo-paper/,"2020 Hot Black Temporary Tattoo Body Art Tattoos 3D Waterproof Temporary Tattoos Sticker Art Men Arm Leg Fake Tatoo Paper",2020/07/2020-Hot-Black-Temporary-Tattoo-Body-Art-Tattoos-3D-Waterproof-Temporary-Tattoos-Sticker-Art-Men-Arm.jpg
136968,https://daisycorners.com/product/temporary-tattoo-sticker-music-note-flower-roses-peony-sketches-tattoo-designs-sexy-girls-model-tattoos-arm-leg-black-stickers/,"Temporary Tattoo Sticker Music Note Flower Roses Peony Sketches Tattoo Designs Sexy Girls Model Tattoos Arm Leg Black Stickers",2020/07/Temporary-Tattoo-Sticker-Music-Note-Flower-Roses-Peony-Sketches-Tattoo-Designs-Sexy-Girls-Model-Tattoos-Arm.jpg
137025,https://daisycorners.com/product/waterproof-temporary-tattoo-peony-body-art-tattoo-stickers/,"Waterproof Temporary Tattoo Peony Body Art Tattoo Stickers",2020/07/Waterproof-Temporary-Tattoo-Peony-Body-Art-Tattoo-Stickers.jpg
137154,https://daisycorners.com/product/waterproof-temporary-tattoo-sticker-small-cross-tattoo-on-finger-water-transfer-flash-tattoo-fake-tattoo-for-girl-women-men/,"Waterproof Temporary Tattoo Sticker small cross tattoo on finger water transfer flash tattoo fake tattoo for girl women men",2020/07/Waterproof-Temporary-Tattoo-Sticker-small-cross-tattoo-on-finger-water-transfer-flash-tattoo-fake-tattoo-for.jpg
137232,https://daisycorners.com/product/water-tattoo-body-for-kids-chest-girl-fake-women-sticker-sleeves-tatoo-temporales-mujer-tatu-tatto-temporary-tattoos/,"Water Tattoo Body For Kids Chest Girl Fake Women Sticker Sleeves Tatoo Temporales Mujer Tatu Tatto Temporary Tattoos",2020/07/Water-Tattoo-Body-For-Kids-Chest-Girl-Fake-Women-Sticker-Sleeves-Tatoo-Temporales-Mujer-Tatu-Tatto.jpg
137290,https://daisycorners.com/product/beautiful-sexy-waterproof-temporary-tattoos-for-women-and-men-3d-scorpion-design-large-arm-tattoo-sticker-qc2607/,"Beautiful sexy waterproof temporary tattoos for women and men 3D scorpion design large arm tattoo sticker QC2607",2020/07/Beautiful-sexy-waterproof-temporary-tattoos-for-women-and-men-3D-scorpion-design-large-arm-tattoo-sticker.jpg
137333,https://daisycorners.com/product/hot-small-sexy-lips-leaf-black-cartoon-temporary-tattoo-cute-star-tattoo-sticker-love-women-body-finger-art-waterproof-tatoo-kid/,"Hot Small Sexy Lips Leaf Black Cartoon Temporary Tattoo Cute Star Tattoo Sticker Love Women Body Finger Art Waterproof Tatoo Kid",2020/07/Hot-Small-Sexy-Lips-Leaf-Black-Cartoon-Temporary-Tattoo-Cute-Star-Tattoo-Sticker-Love-Women-Body.jpg
137403,https://daisycorners.com/product/rocooart-animal-waterproof-temporary-tattoo-sticker-flamingo-cat-fox-tatoo-body-art-women-new-fake-taty-tatuaje-cute-small-tatto-2/,"Rocooart Animal Waterproof Temporary Tattoo Sticker Flamingo Cat Fox Tatoo Body Art Women New Fake Taty Tatuaje Cute Small Tatto",2020/07/Rocooart-Animal-Waterproof-Temporary-Tattoo-Sticker-Flamingo-Cat-Fox-Tatoo-Body-Art-Women-New-Fake-Taty-6.jpg
137433,https://daisycorners.com/product/sexy-body-art-beauty-makeup-crow-feather-waterproof-temporary-tattoo-stickers/,"Sexy Body Art Beauty Makeup Crow Feather Waterproof Temporary Tattoo Stickers",2020/07/Sexy-Body-Art-Beauty-Makeup-Crow-Feather-Waterproof-Temporary-Tattoo-Stickers.jpg
137470,https://daisycorners.com/product/rocooart-butterfly-tattoo-sticker-for-children-birthday-gift-cute-fake-taty-kids-body-art-waterproof-temporary-tattoos-cartoon/,"Rocooart Butterfly Tattoo Sticker For Children Birthday Gift Cute Fake Taty Kids Body Art Waterproof Temporary Tattoos Cartoon",2020/07/Rocooart-Butterfly-Tattoo-Sticker-For-Children-Birthday-Gift-Cute-Fake-Taty-Kids-Body-Art-Waterproof-Temporary.jpg
137507,https://daisycorners.com/product/1-sheet-temporary-english-word-tattoo-stickers-black-letters-feather-body-art-tattoos-sticker-waterproof-for-temporary-tattoos/,"1 Sheet Temporary English Word Tattoo Stickers Black Letters Feather Body Art Tattoos Sticker Waterproof For Temporary Tattoos",2020/07/1-Sheet-Temporary-English-Word-Tattoo-Stickers-Black-Letters-Feather-Body-Art-Tattoos-Sticker-Waterproof-For.jpg
137579,https://daisycorners.com/product/little-gadgets-infinity-water-transfer-tattoo-black-compass-endless-tatoo-women-body-arm-hand-art-temporary-tattoo-stickers-men/,"Little Gadgets Infinity Water Transfer Tattoo Black Compass Endless Tatoo Women Body Arm Hand Art Temporary Tattoo Stickers Men",2020/07/Little-Gadgets-Infinity-Water-Transfer-Tattoo-Black-Compass-Endless-Tatoo-Women-Body-Arm-Hand-Art-Temporary.jpg
137608,https://daisycorners.com/product/rocooart-planet-sun-mountain-pine-tree-temporary-tattoos-sticker-triangle-wave-custom-tattoo-body-art-arm-black-small-fake-tatoo/,"Rocooart Planet Sun Mountain Pine Tree Temporary Tattoos Sticker Triangle Wave Custom Tattoo Body Art Arm Black Small Fake Tatoo",2020/07/Rocooart-Planet-Sun-Mountain-Pine-Tree-Temporary-Tattoos-Sticker-Triangle-Wave-Custom-Tattoo-Body-Art-Arm.jpg
137726,https://daisycorners.com/product/1sheet-temporary-tattoo-sticker-fashion-fake-tatoo-mermaid-flash-girl-princess-childrens-award-sticker-cartoon-small-tattoo/,"1Sheet Temporary Tattoo Sticker Fashion Fake Tatoo Mermaid Flash Girl Princess Children's award sticker Cartoon Small Tattoo",2020/07/1Sheet-Temporary-Tattoo-Sticker-Fashion-Fake-Tatoo-Mermaid-Flash-Girl-Princess-Children-s-award-sticker-Cartoon.jpg
137768,https://daisycorners.com/product/sexy-sun-moon-star-temporary-tattoo-women-party-body-arm-art-fake-flash-tatoos-gold-metallic-tattoo-stickers-girl-bracelet-wrist/,"Sexy Sun Moon Star Temporary Tattoo Women Party Body Arm Art Fake Flash Tatoos Gold Metallic Tattoo Stickers Girl Bracelet Wrist",2020/07/Sexy-Sun-Moon-Star-Temporary-Tattoo-Women-Party-Body-Arm-Art-Fake-Flash-Tatoos-Gold-Metallic.jpg
137784,https://daisycorners.com/product/body-art-waterproof-temporary-tattoos-for-women-3d-beautiful-butterfly-design-small-arm-tattoo-sticker-wholesales-rc2315/,"Body Art waterproof temporary tattoos for women 3d Beautiful butterfly design small arm tattoo sticker wholesales RC2315",2020/07/Body-Art-waterproof-temporary-tattoos-for-women-3d-Beautiful-butterfly-design-small-arm-tattoo-sticker-wholesales.jpg
137811,https://daisycorners.com/product/hot-flash-metallic-waterproof-temporary-tattoo-gold-silver-tatoo-women-henna-flower-taty-design-tattoo-sticker/,"Hot Flash Metallic Waterproof Temporary Tattoo Gold Silver Tatoo Women Henna Flower Taty Design Tattoo Sticker",2020/07/Hot-Flash-Metallic-Waterproof-Temporary-Tattoo-Gold-Silver-Tatoo-Women-Henna-Flower-Taty-Design-Tattoo-Sticker.jpg
164098,https://daisycorners.com/product/rocooart-flower-fairy-tattoo-for-kids-cute-fake-taty-children-tatouage-temporaire-body-art-waterproof-temporary-tattoo-stickers/,"Rocooart Flower Fairy Tattoo For Kids Cute Fake Taty Children Tatouage Temporaire Body Art Waterproof Temporary Tattoo Stickers",2020/07/Rocooart-Flower-Fairy-Tattoo-For-Kids-Cute-Fake-Taty-Children-Tatouage-Temporaire-Body-Art-Waterproof-Temporary-1.jpg
164102,https://daisycorners.com/product/large-arm-sleeve-tattoo-lion-crown-king-rose-waterproof-temporary-tatoo-sticker-wild-wolf-tiger-men-full-skull-totem-tatto/,"Large Arm Sleeve Tattoo Lion Crown King Rose Waterproof Temporary Tatoo Sticker Wild Wolf Tiger Men Full Skull Totem Tatto",2020/07/Large-Arm-Sleeve-Tattoo-Lion-Crown-King-Rose-Waterproof-Temporary-Tatoo-Sticker-Wild-Wolf-Tiger-Men.jpg
164104,https://daisycorners.com/product/water-resistant-temporary-tattoo-tattoo-sticker-make-up-safe-and-non-toxic-owl/,"Water Resistant Temporary Tattoo Tattoo Sticker Make-up Safe And Non-toxic (owl)",2020/07/Water-Resistant-Temporary-Tattoo-Tattoo-Sticker-Make-up-Safe-And-Non-toxic-owl-1.jpg
164125,https://daisycorners.com/product/peace-gigeon-dreamcatcher-henna-mandala-flower-bird-totem-temporary-tattoo-sticker-feather-waterproof-tattoo-body-art-fake-tatoo/,"Peace Gigeon DreamCatcher Henna Mandala Flower Bird Totem Temporary Tattoo Sticker Feather Waterproof Tattoo Body Art Fake Tatoo",2020/07/Peace-Gigeon-DreamCatcher-Henna-Mandala-Flower-Bird-Totem-Temporary-Tattoo-Sticker-Feather-Waterproof-Tattoo-Body-Art-1.jpg
164126,https://daisycorners.com/product/small-triangle-ankle-surfing-black-men-temporary-tattoos-sticker-women-arm-tattoo-waterproof-fake-tatouage-body-art-tatoos/,"Small Triangle Ankle Surfing Black Men Temporary Tattoos Sticker Women Arm Tattoo Waterproof Fake Tatouage Body Art Tatoos",2020/07/Small-Triangle-Ankle-Surfing-Black-Men-Temporary-Tattoos-Sticker-Women-Arm-Tattoo-Waterproof-Fake-Tatouage-Body.jpg
164200,https://daisycorners.com/product/waterproof-temporary-tattoo-mens-fire-tatoo-eagle-lotus-mandala-eye-flame-totem-1219cm-water-transfer-fake-tatto-for-man/,"Waterproof Temporary Tattoo men's fire tatoo eagle lotus Mandala eye flame totem 12*19cm Water Transfer Fake tatto for man",2020/07/Waterproof-Temporary-Tattoo-men-s-fire-tatoo-eagle-lotus-Mandala-eye-flame-totem-12-19cm-Water-2.jpg
164230,https://daisycorners.com/product/whale-planet-sea-animals-temporary-tattoos-waterproof-women-fake-body-art-arm-tattoo-sticker-hand-tatoo/,"Whale Planet Sea Animals Temporary Tattoos Waterproof Women Fake Body Art Arm Tattoo Sticker Hand Tatoo",2020/07/Whale-Planet-Sea-Animals-Temporary-Tattoos-Waterproof-Women-Fake-Body-Art-Arm-Tattoo-Sticker-Hand-Tatoo.jpg
164253,https://daisycorners.com/product/aacar-1pc-temporary-tattoos-3d-black-dragon-removable-waterproof-temporary-tattoo-arm-leg-body-art-sticker/,"AACAR 1pc Temporary Tattoos 3D Black Dragon Removable Waterproof Temporary Tattoo Arm Leg Body Art Sticker",2020/07/AACAR-1pc-Temporary-Tattoos-3D-Black-Dragon-Removable-Waterproof-Temporary-Tattoo-Arm-Leg-Body-Art-Sticker-1.jpg
164275,https://daisycorners.com/product/body-art-waterproof-temporary-tattoos-for-men-women-fashion-3d-english-letter-design-flash-tattoo-sticker-free-shipping-hc1134/,"Body Art waterproof temporary tattoos for men women fashion 3d English letter design flash tattoo sticker Free Shipping HC1134",2020/07/Body-Art-waterproof-temporary-tattoos-for-men-women-fashion-3d-English-letter-design-flash-tattoo-sticker-1.jpg
164292,https://daisycorners.com/product/body-art-waterproof-temporary-tattoos-for-women-and-men-3d-sexy-purple-flower-design-small-arm-tattoo-sticker-wholesale-rc2293/,"Body Art waterproof temporary tattoos for women and men 3d sexy purple flower design small arm tattoo sticker wholesale RC2293",2020/07/Body-Art-waterproof-temporary-tattoos-for-women-and-men-3d-sexy-purple-flower-design-small-arm-2.jpg
164312,https://daisycorners.com/product/1pc-new-high-quality-temporary-tattoo-pvc-non-toxic-environmental-protection-waterproof-and-waterproof-tattoo-stickers/,"1pc New High Quality Temporary Tattoo PVC Non-toxic Environmental Protection Waterproof And Waterproof Tattoo Stickers",2020/07/1pc-New-High-Quality-Temporary-Tattoo-PVC-Non-toxic-Environmental-Protection-Waterproof-And-Waterproof-Tattoo-Stickers-1.jpg
169363,https://daisycorners.com/product/rocooart-pink-tattoo-stickers-for-girls-birthday-party-present-fake-tatuajes-panda-sheep-waterproof-temporary-tattoo-kids-taty/,"Rocooart Pink Tattoo Stickers For Girls Birthday Party Present Fake Tatuajes Panda Sheep Waterproof Temporary Tattoo Kids Taty",2020/07/Rocooart-Pink-Tattoo-Stickers-For-Girls-Birthday-Party-Present-Fake-Tatuajes-Panda-Sheep-Waterproof-Temporary-Tattoo-1.jpg
169365,https://daisycorners.com/product/diy-geometric-animals-fox-plant-temporary-tattoo-women-sexy-waterproof-disposable-black-tatoos-body-art-painting-tattoo-stickers/,"DIY Geometric Animals Fox Plant Temporary Tattoo Women Sexy Waterproof Disposable Black Tatoos Body Art Painting Tattoo Stickers",2020/07/DIY-Geometric-Animals-Fox-Plant-Temporary-Tattoo-Women-Sexy-Waterproof-Disposable-Black-Tatoos-Body-Art-Painting-1.jpg
169476,https://daisycorners.com/product/fashion-temporary-waterproof-tattoo-stickers-body-art-viking-sailor-cultural-anchor-rudder-design-turkey-new-style-pirate-sailor/,"Fashion Temporary Waterproof Tattoo Stickers Body Art Viking Sailor Cultural Anchor Rudder Design Turkey new style Pirate Sailor",2020/07/Fashion-Temporary-Waterproof-Tattoo-Stickers-Body-Art-Viking-Sailor-Cultural-Anchor-Rudder-Design-Turkey-new-style-1.jpg
169519,https://daisycorners.com/product/body-art-waterproof-temporary-tattoos-paper-for-men-and-women-sex-simple-3d-crown-design-small-tattoo-sticker-wholesale-hc1165/,"Body Art waterproof temporary tattoos paper for men and women Sex simple 3D crown design small tattoo sticker Wholesale HC1165",2020/07/Body-Art-waterproof-temporary-tattoos-paper-for-men-and-women-Sex-simple-3D-crown-design-small-1.jpg
169603,https://daisycorners.com/product/hxman-flower-temporary-tattoos-sticker-waterproof-fashion-women-arm-face-fake-body-art-9-8x6cm-kids-adult-hand-tatoo-p-059/,"HXMAN Flower Temporary Tattoos Sticker Waterproof Fashion Women Arm Face Fake Body Art 9.8X6cm Kids Adult Hand Tatoo P-059",2020/07/HXMAN-Flower-Temporary-Tattoos-Sticker-Waterproof-Fashion-Women-Arm-Face-Fake-Body-Art-9-8X6cm-Kids-2.jpg
169612,https://daisycorners.com/product/spiders-insects-large-pattern-water-transfer-temporary-tattoos-sticker-disposable-waterproof-tattoo-stickers-3d-color/,"Spiders Insects Large Pattern Water Transfer Temporary Tattoos Sticker Disposable Waterproof Tattoo Stickers 3d Color",2020/07/Spiders-Insects-Large-Pattern-Water-Transfer-Temporary-Tattoos-Sticker-Disposable-Waterproof-Tattoo-Stickers-3d-Color-1.jpg
169625,https://daisycorners.com/product/10-56cm-1-sheet-of-temporary-tattoo-sticker-fake-flash-tattoo-sticker-fingers-toes-body-art-sexy-waterproof-temporary-tattoo/,"10.5*6cm 1 Sheet of Temporary Tattoo Sticker Fake Flash Tattoo Sticker Fingers Toes Body Art Sexy Waterproof Temporary Tattoo",2020/07/10-5-6cm-1-Sheet-of-Temporary-Tattoo-Sticker-Fake-Flash-Tattoo-Sticker-Fingers-Toes-Body-1.jpg
169634,https://daisycorners.com/product/black-line-tattoo-stickers-removable-water-transfer-fake-tattoos-disposable-waterproof-temporary-sticker-curve-love-anchor/,"Black Line Tattoo Stickers Removable Water Transfer Fake tattoos disposable Waterproof Temporary Sticker curve Love anchor",2020/07/Black-Line-Tattoo-Stickers-Removable-Water-Transfer-Fake-tattoos-disposable-Waterproof-Temporary-Sticker-curve-Love-anchor.jpg
169657,https://daisycorners.com/product/baby-child-fake-temporary-tattoos-cartoon-yellow-minions-moive-body-art-tatoos-for-boy-girl-kids-waterproof-flash-tattoo-sticker/,"Baby Child Fake Temporary Tattoos Cartoon Yellow Minions Moive Body Art Tatoos For Boy Girl Kids Waterproof Flash Tattoo Sticker",2020/07/Baby-Child-Fake-Temporary-Tattoos-Cartoon-Yellow-Minions-Moive-Body-Art-Tatoos-For-Boy-Girl-Kids.jpg
169671,https://daisycorners.com/product/1-pc-waterproof-temporary-tattoos-stickers-body-art-removable-flash-tattoo-love-letters-pattern-wholesale/,"1 Pc Waterproof Temporary Tattoos Stickers Body Art Removable Flash Tattoo Love Letters Pattern Wholesale",2020/07/1-Pc-Waterproof-Temporary-Tattoos-Stickers-Body-Art-Removable-Flash-Tattoo-Love-Letters-Pattern-Wholesale-1.jpg
170209,https://daisycorners.com/product/temporary-tattoo-sticker-hot-sale-diy-always-fashion-body-art-waterproof-love-friendship/,"Temporary Tattoo Sticker Hot Sale DIY Always Fashion Body Art Waterproof Love Friendship",2020/07/Temporary-Tattoo-Sticker-Hot-Sale-DIY-Always-Fashion-Body-Art-Waterproof-Love-Friendship-1.jpg
170232,https://daisycorners.com/product/glaryyears-1-sheet-kids-temporary-tattoo-sticker-hot-fake-unicorn-flash-waterproof-fashion-small-body-art-for-children/,"glaryyears 1 Sheet Kids Temporary Tattoo Sticker Hot Fake Unicorn Flash Waterproof  Fashion Small Body Art For Children",2020/07/glaryyears-1-Sheet-Kids-Temporary-Tattoo-Sticker-Hot-Fake-Unicorn-Flash-Waterproof-Fashion-Small-Body-Art-1.jpg
170359,https://daisycorners.com/product/rc-458-10pcs-5pcs-temporary-tattoo-stickers-waterproof-fake-tattoo-stickers-diy-tattoos-cute-owl-tattoo-stickers-drop-shipping/,"RC-458 10pcs/5pcs Temporary Tattoo Stickers Waterproof Fake Tattoo Stickers DIY Tattoos Cute Owl Tattoo Stickers Drop Shipping",2020/07/RC-458-10pcs-5pcs-Temporary-Tattoo-Stickers-Waterproof-Fake-Tattoo-Stickers-DIY-Tattoos-Cute-Owl-Tattoo-1.jpg
170372,https://daisycorners.com/product/3d-waterproof-temporary-exotic-tattoo-stickers-sexy-oriental-carp-beauty-makeup-body-art/,"3D Waterproof Temporary Exotic Tattoo Stickers Sexy Oriental Carp Beauty Makeup Body Art",2020/07/3D-Waterproof-Temporary-Exotic-Tattoo-Stickers-Sexy-Oriental-Carp-Beauty-Makeup-Body-Art.jpg
170425,https://daisycorners.com/product/glow-in-the-dark-luminous-tattoo-fake-tattoo-dark-waterproof-temporary-tattoo-stickers-body-art-fluorescent-tattoo-sticke/,"Glow in the dark Luminous Tattoo Fake Tattoo Dark Waterproof Temporary Tattoo Stickers  Body Art Fluorescent Tattoo Sticke",2020/07/Glow-in-the-dark-Luminous-Tattoo-Fake-Tattoo-Dark-Waterproof-Temporary-Tattoo-Stickers-Body-Art-Fluorescent.jpg
170818,https://daisycorners.com/product/hxman-mermaid-women-temporary-tattoo-sticker-waterproof-fashion-fake-body-art-arm-tattoos-9-8x6cm-kids-hand-tatoo-a-087/,"HXMAN Mermaid Women Temporary Tattoo Sticker Waterproof Fashion Fake Body Art Arm Tattoos 9.8X6cm Kids Hand Tatoo A-087",2020/07/HXMAN-Mermaid-Women-Temporary-Tattoo-Sticker-Waterproof-Fashion-Fake-Body-Art-Arm-Tattoos-9-8X6cm-Kids.jpg
170829,https://daisycorners.com/product/hxman-cat-women-temporary-tattoo-sticker-tattoos-for-men-fashion-body-art-kids-children-hand-fake-tatoo-10-5x6cm-a-198/,"HXMAN Cat Women Temporary Tattoo Sticker Tattoos for Men Fashion Body Art Kids Children Hand Fake Tatoo 10.5X6cm A-198",2020/07/HXMAN-Cat-Women-Temporary-Tattoo-Sticker-Tattoos-for-Men-Fashion-Body-Art-Kids-Children-Hand-Fake.jpg
170846,https://daisycorners.com/product/harajuku-waterproof-butterfly-design-temporary-tattoos-paper-for-lady-and-women-3d-sexy-colours-tattoo-sticker/,"harajuku waterproof butterfly design temporary tattoos paper for lady and women 3d sexy colours tattoo sticker",2020/07/harajuku-waterproof-butterfly-design-temporary-tattoos-paper-for-lady-and-women-3d-sexy-colours-tattoo-sticker.jpg
170855,https://daisycorners.com/product/temporary-tattoos-for-children-women-gold-tattoo-sticker-horse-unicorn-tattoo-cartoon-kids-metal-temporary-tattoo-stickers-tatoo/,"temporary tattoos for children women gold tattoo sticker horse unicorn tattoo cartoon kids metal temporary tattoo stickers tatoo",2020/07/temporary-tattoos-for-children-women-gold-tattoo-sticker-horse-unicorn-tattoo-cartoon-kids-metal-temporary-tattoo.jpg
170896,https://daisycorners.com/product/new-eagle-waterproof-temporary-body-art-arm-shoulder-chest-tattoo-sticker-women-men-hot-sale/,"New Eagle Waterproof Temporary Body Art Arm Shoulder Chest Tattoo Sticker Women/Men Hot Sale",2020/07/New-Eagle-Waterproof-Temporary-Body-Art-Arm-Shoulder-Chest-Tattoo-Sticker-Women-Men-Hot-Sale.jpg
170909,https://daisycorners.com/product/triangle-tattoos-modern-style-unisex-body-tattoos-body-paint-waterproof-tattoos-geometric-temporary-tattoos/,"Triangle Tattoos Modern Style Unisex Body Tattoos Body Paint Waterproof Tattoos Geometric Temporary Tattoos",2020/07/Triangle-Tattoos-Modern-Style-Unisex-Body-Tattoos-Body-Paint-Waterproof-Tattoos-Geometric-Temporary-Tattoos-1.jpg
170931,https://daisycorners.com/product/waterproof-temporary-tattoo-sticker-japan-anime-supernatural-fake-tatto-flash-tatoo-tatouage-wrist-foot-hand-for-men-girl-women/,"Waterproof Temporary Tattoo Sticker Japan anime Supernatural Fake Tatto Flash Tatoo Tatouage Wrist Foot Hand For Men Girl Women",2020/07/Waterproof-Temporary-Tattoo-Sticker-Japan-anime-Supernatural-Fake-Tatto-Flash-Tatoo-Tatouage-Wrist-Foot-Hand-For.jpg
175562,https://daisycorners.com/product/waterproof-temporary-tattoo-stickers-chinese-character-win-every-exam-small-size-tatto-flash-tatoo-fake-tattoos-for-man-women/,"Waterproof Temporary Tattoo Stickers Chinese Character Win Every Exam Small Size Tatto  Flash Tatoo Fake Tattoos for Man Women",2020/07/Waterproof-Temporary-Tattoo-Stickers-Chinese-Character-Win-Every-Exam-Small-Size-Tatto-Flash-Tatoo-Fake-Tattoos.jpg
175631,https://daisycorners.com/product/waterproof-temporary-tattoo-sticker-sailor-moon-cartoon-girl-cute-tatto-flash-tatoo-fake-tattoos-for-kids-girls-men-women/,"Waterproof Temporary Tattoo Sticker Sailor Moon cartoon girl cute tatto flash tatoo fake tattoos for kids girls men women",2020/07/Waterproof-Temporary-Tattoo-Sticker-Sailor-Moon-cartoon-girl-cute-tatto-flash-tatoo-fake-tattoos-for-kids.jpg
175648,https://daisycorners.com/product/ommgo-geometric-mountain-small-temporary-tattoos-sticker-wave-colorful-forest-custom-tattoo-body-art-arm-fake-tatoos-women-men/,"OMMGO Geometric Mountain Small Temporary Tattoos Sticker Wave Colorful Forest Custom Tattoo Body Art Arm Fake Tatoos Women Men",2020/07/OMMGO-Geometric-Mountain-Small-Temporary-Tattoos-Sticker-Wave-Colorful-Forest-Custom-Tattoo-Body-Art-Arm-Fake.jpg
175701,https://daisycorners.com/product/sexy-wife-temporary-tattoo-sticker-fake-tattoo-body-art-henna-tatoo-stickers-tattoo-waterproof-tattoo-men/,"Sexy Wife Temporary Tattoo Sticker Fake Tattoo &amp; Body Art Henna Tatoo Stickers Tattoo waterproof  tattoo Men",2020/07/Sexy-Wife-Temporary-Tattoo-Sticker-Fake-Tattoo-Body-Art-Henna-Tatoo-Stickers-Tattoo-waterproof-tattoo-Men.jpg
175768,https://daisycorners.com/product/waterproof-temporary-tattoo-sticker-10-56-cm-dragon-tattoo-water-transfer-fake-tattoo-flash-tattoos-for-men-women-422/,"Waterproof Temporary Tattoo Sticker 10.5*6 cm Dragon Tattoo Water Transfer Fake Tattoo Flash Tattoos For Men Women #422",2020/07/Waterproof-Temporary-Tattoo-Sticker-10-5-6-cm-Dragon-Tattoo-Water-Transfer-Fake-Tattoo-Flash-Tattoos.jpg
175820,https://daisycorners.com/product/sleeve-tattoo-tatoo-temporaire-femme-waterproof-stickers-kids-sticker-cool-tattoos-for-hand-girl-tatto-temporary-fake/,"Sleeve Tattoo Tatoo Temporaire Femme Waterproof Stickers Kids Sticker Cool Tattoos For Hand Girl Tatto Temporary Fake",2020/07/Sleeve-Tattoo-Tatoo-Temporaire-Femme-Waterproof-Stickers-Kids-Sticker-Cool-Tattoos-For-Hand-Girl-Tatto-Temporary.jpg
175947,https://daisycorners.com/product/hxman-panther-temporary-tattoo-sticker-animal-tattoos-for-women-sexy-body-art-waterproof-men-hand-fake-tatoo-9-8x6cm-a-264/,"HXMAN Panther Temporary Tattoo Sticker Animal Tattoos for Women Sexy Body Art Waterproof Men Hand Fake Tatoo 9.8X6cm A-264",2020/07/HXMAN-Panther-Temporary-Tattoo-Sticker-Animal-Tattoos-for-Women-Sexy-Body-Art-Waterproof-Men-Hand-Fake.jpg
176010,https://daisycorners.com/product/waterproof-temporary-tattoo-sticker-anchor-big-size-fake-tatto-flash-tatoo-tatouage-temporaire-body-art-for-women-girl-men/,"Waterproof Temporary Tattoo Sticker Anchor big size fake tatto flash tatoo tatouage temporaire body art for women girl men",2020/07/Waterproof-Temporary-Tattoo-Sticker-Anchor-big-size-fake-tatto-flash-tatoo-tatouage-temporaire-body-art-for.jpg
176015,https://daisycorners.com/product/classical-letter-words-body-art-beauty-makeup-waterproof-temporary-tattoo-stickers-black/,"Classical Letter Words Body Art Beauty Makeup Waterproof Temporary Tattoo Stickers Black",2020/07/Classical-Letter-Words-Body-Art-Beauty-Makeup-Waterproof-Temporary-Tattoo-Stickers-Black.jpg
176057,https://daisycorners.com/product/death-midnight-waterproof-temporary-tattoo-sticker-maquiagem-soul-reaper-fake-tattoo-the-flash-kids-tatoo-stickers-tatuaje/,"Death Midnight Waterproof Temporary Tattoo Sticker maquiagem  Soul Reaper Fake Tattoo The flash Kids Tatoo Stickers Tatuaje",2020/07/Death-Midnight-Waterproof-Temporary-Tattoo-Sticker-maquiagem-Soul-Reaper-Fake-Tattoo-The-flash-Kids-Tatoo-Stickers.jpg
176093,https://daisycorners.com/product/kids-cartoon-temporary-tattooo-stickers-women-body-art-flower-fake-tattoo-cute-paw-girls-morning-glory-waterproof-tatoos-gifts/,"Kids Cartoon Temporary Tattooo Stickers Women Body Art Flower Fake Tattoo Cute Paw Girls Morning Glory Waterproof Tatoos Gifts",2020/07/Kids-Cartoon-Temporary-Tattooo-Stickers-Women-Body-Art-Flower-Fake-Tattoo-Cute-Paw-Girls-Morning-Glory-1.jpg
176096,https://daisycorners.com/product/waterproof-temporary-tattoo-sticker-dragons-china-totem-tatto-stickers-flash-tatoo-fake-tattoos-for-men-women/,"Waterproof Temporary Tattoo Sticker  dragons China totem tatto stickers flash tatoo fake tattoos for men women",2020/07/Waterproof-Temporary-Tattoo-Sticker-dragons-China-totem-tatto-stickers-flash-tatoo-fake-tattoos-for-men-women.jpg
177678,https://daisycorners.com/product/10-sheets-dinosaur-makeup-temporary-tattoo-sticker-cute-fake-tatoo-flash-tatto-waterproof-small-body-art-for-children/,"10 Sheets Dinosaur Makeup Temporary Tattoo Sticker Cute Fake Tatoo Flash Tatto Waterproof Small Body Art For Children",2020/07/10-Sheets-Dinosaur-Makeup-Temporary-Tattoo-Sticker-Cute-Fake-Tatoo-Flash-Tatto-Waterproof-Small-Body-Art.jpg
177709,https://daisycorners.com/product/black-english-words-tattoo-sticker-women-men-couple-body-art-temporary-fake-tattoo-sticker-waterproof-temporary-tattoos-1pc-set/,"Black English Words Tattoo Sticker Women Men Couple Body Art Temporary Fake Tattoo Sticker Waterproof Temporary Tattoos 1Pc/set",2020/07/Black-English-Words-Tattoo-Sticker-Women-Men-Couple-Body-Art-Temporary-Fake-Tattoo-Sticker-Waterproof-Temporary.jpg
177714,https://daisycorners.com/product/1sheet-waterproof-temporary-tattoo-stickers-flash-fake-body-art-neck-tatoo-3d-black-spider-designs/,"1sheet waterproof temporary tattoo stickers Flash fake Body Art neck Tatoo 3d Black Spider designs",2020/07/1sheet-waterproof-temporary-tattoo-stickers-Flash-fake-Body-Art-neck-Tatoo-3d-Black-Spider-designs.jpg
177744,https://daisycorners.com/product/something-about-you-waterproof-temporary-tattoo-sticker-flower-body-art-tatoo-sleeve-men-glitter-tattoos-men-tatuajes-temporales/,"Something about you Waterproof Temporary Tattoo sticker Flower body art tatoo sleeve men Glitter tattoos Men tatuajes temporales",2020/07/Something-about-you-Waterproof-Temporary-Tattoo-sticker-Flower-body-art-tatoo-sleeve-men-Glitter-tattoos-Men.jpg
177815,https://daisycorners.com/product/black-letter-water-transfer-fake-tattoos-disposable-waterproof-temporary-words-stickers-beauty-women-men-sexy-cool-body-art/,"Black Letter Water Transfer Fake tattoos Disposable Waterproof Temporary Words Stickers beauty Women Men Sexy Cool Body Art",2020/07/Black-Letter-Water-Transfer-Fake-tattoos-Disposable-Waterproof-Temporary-Words-Stickers-beauty-Women-Men-Sexy-Cool.jpg
177828,https://daisycorners.com/product/geometric-fack-rose-flower-temporary-tattoo-stickers-for-women-unicorn-blossom-tattoos-sexy-flower-waterproof-snake-tatoos-paste/,"Geometric Fack Rose Flower Temporary Tattoo Stickers For Women Unicorn Blossom Tattoos Sexy Flower Waterproof Snake Tatoos Paste",2020/07/Geometric-Fack-Rose-Flower-Temporary-Tattoo-Stickers-For-Women-Unicorn-Blossom-Tattoos-Sexy-Flower-Waterproof-Snake-1.jpg
177830,https://daisycorners.com/product/ommgo-geometric-cat-line-temporary-tattoos-sticker-diamond-black-small-custom-tattoo-diy-body-art-wrist-fake-tatoos-women-men/,"OMMGO Geometric Cat Line Temporary Tattoos Sticker Diamond Black Small Custom Tattoo DIY Body Art Wrist Fake Tatoos Women Men",2020/07/OMMGO-Geometric-Cat-Line-Temporary-Tattoos-Sticker-Diamond-Black-Small-Custom-Tattoo-DIY-Body-Art-Wrist.jpg
177833,https://daisycorners.com/product/hxman-watercolor-octopus-temporary-fake-tattoo-body-art-sticker-waterproof-hand-tattoo-for-men-hot-design-9-8x6cm-a-247/,"HXMAN Watercolor Octopus Temporary Fake Tattoo Body Art Sticker Waterproof Hand Tattoo for Men Hot Design 9.8X6cm A-247",2020/07/HXMAN-Watercolor-Octopus-Temporary-Fake-Tattoo-Body-Art-Sticker-Waterproof-Hand-Tattoo-for-Men-Hot-Design.jpg
179352,https://daisycorners.com/product/waterproof-temporary-tattoo-sticker-on-body-thorns-vines-tattoo-totem-tatto-stickers-flash-tatoo-fake-tattoos-for-men-girl-women/,"Waterproof Temporary Tattoo Sticker on body thorns vines tattoo totem tatto stickers flash tatoo fake tattoos for men girl women",2020/07/Waterproof-Temporary-Tattoo-Sticker-on-body-thorns-vines-tattoo-totem-tatto-stickers-flash-tatoo-fake-tattoos.jpg
179369,https://daisycorners.com/product/waterproof-temporary-tattoo-sticker-pink-lotus-rose-lace-flowers-flash-tattoos-snake-dragon-body-art-arm-fake-tatoo-women-men/,"Waterproof Temporary Tattoo Sticker Pink Lotus Rose Lace Flowers Flash Tattoos Snake Dragon Body Art Arm Fake Tatoo Women Men",2020/07/Waterproof-Temporary-Tattoo-Sticker-Pink-Lotus-Rose-Lace-Flowers-Flash-Tattoos-Snake-Dragon-Body-Art-Arm.jpg
179420,https://daisycorners.com/product/1-sheet-cute-cheese-cat-temporary-tattoo-stickers-sweet-home-cat-kids-flash-tattoo-paste-waterproof-fake-tatoo-child/,"1 Sheet Cute Cheese Cat Temporary Tattoo Stickers  Sweet Home Cat Kids Flash Tattoo Paste Waterproof Fake Tatoo Child",2020/07/1-Sheet-Cute-Cheese-Cat-Temporary-Tattoo-Stickers-Sweet-Home-Cat-Kids-Flash-Tattoo-Paste-Waterproof.jpg
179434,https://daisycorners.com/product/sexy-bunch-of-flower-temporary-tattoos-for-women-henna-lion-tatoos-adults-body-art-realistic-3d-fake-rose-bouquet-tattoo-sticker/,"Sexy Bunch Of Flower Temporary Tattoos For Women Henna Lion Tatoos Adults Body Art Realistic 3D Fake Rose Bouquet Tattoo Sticker",2020/07/Sexy-Bunch-Of-Flower-Temporary-Tattoos-For-Women-Henna-Lion-Tatoos-Adults-Body-Art-Realistic-3D.jpg
179472,https://daisycorners.com/product/1pcs-fashion-style-body-art-love-letters-design-waterproof-tattoo-body-art-removable-flash-tattoo/,"1Pcs Fashion Style Body Art Love Letters Design Waterproof Tattoo Body Art Removable Flash Tattoo",2020/07/1Pcs-Fashion-Style-Body-Art-Love-Letters-Design-Waterproof-Tattoo-Body-Art-Removable-Flash-Tattoo.jpg
179486,https://daisycorners.com/product/henna-fake-flash-tattoo-sticker-fingers-toes-body-art-sexy-harajuku-waterproof-temporary-tattoo-10-56cm/,"Henna Fake Flash Tattoo Sticker Fingers Toes Body Art Sexy Harajuku Waterproof Temporary Tattoo 10.5*6cm",2020/07/Henna-Fake-Flash-Tattoo-Sticker-Fingers-Toes-Body-Art-Sexy-Harajuku-Waterproof-Temporary-Tattoo-10-5-4.jpg
179490,https://daisycorners.com/product/1pcs-water-transfer-sexy-lace-stocking-fake-flash-tattoo-for-girl-women-waterproof-temporary-tattoo-sticker-on-body-leg/,"1Pcs Water Transfer Sexy Lace Stocking Fake Flash Tattoo for Girl Women Waterproof Temporary Tattoo Sticker on Body Leg",2020/07/1Pcs-Water-Transfer-Sexy-Lace-Stocking-Fake-Flash-Tattoo-for-Girl-Women-Waterproof-Temporary-Tattoo-Sticker.jpg
179492,https://daisycorners.com/product/stylish-3d-new-mans-half-sleeve-arm-temporary-totem-tattoo-stickers-body-art-tatoos-boys-beauty-tools/,"Stylish 3D New Man's Half Sleeve Arm Temporary Totem Tattoo Stickers Body Art Tatoos Boys Beauty Tools",2020/07/Stylish-3D-New-Man-s-Half-Sleeve-Arm-Temporary-Totem-Tattoo-Stickers-Body-Art-Tatoos-Boys.jpg
181776,https://daisycorners.com/product/blue-rose-and-butterfly-waterproof-temporary-tattoo-sticker-blue-flowers-fake-tattoo-the-flash-stickers-tatuagem-tatoo/,"Blue Rose And Butterfly Waterproof Temporary Tattoo Sticker Blue Flowers Fake Tattoo The Flash Stickers Tatuagem Tatoo",2020/07/Blue-Rose-And-Butterfly-Waterproof-Temporary-Tattoo-Sticker-Blue-Flowers-Fake-Tattoo-The-Flash-Stickers-Tatuagem.jpg
181786,https://daisycorners.com/product/flower-butterfly-fake-tattoo-pattern-metallic-gold-sliver-waterproof-temporary-stickers-water-transfer-sexy-beauty-body-art/,"Flower Butterfly Fake Tattoo Pattern Metallic Gold Sliver Waterproof Temporary Stickers Water Transfer Sexy Beauty Body Art",2020/07/Flower-Butterfly-Fake-Tattoo-Pattern-Metallic-Gold-Sliver-Waterproof-Temporary-Stickers-Water-Transfer-Sexy-Beauty-Body.jpg
181788,https://daisycorners.com/product/sexy-women-temporary-tattoo-sticker-realistic-rose-flower-bloosom-tattoo-body-arm-art-waterproof-jelly-bouquet-tatoo-on-back-leg/,"Sexy Women Temporary Tattoo Sticker Realistic Rose Flower Bloosom Tattoo Body Arm Art Waterproof Jelly Bouquet Tatoo On Back Leg",2020/07/Sexy-Women-Temporary-Tattoo-Sticker-Realistic-Rose-Flower-Bloosom-Tattoo-Body-Arm-Art-Waterproof-Jelly-Bouquet.jpg
181793,https://daisycorners.com/product/lovely-black-compass-arrow-temporary-tattoo-red-plum-tiger-waterproof-tattoo-men-body-arm-art-tatoo-stickers-women-hands-paste/,"Lovely Black Compass Arrow Temporary Tattoo Red Plum Tiger Waterproof Tattoo Men Body Arm Art Tatoo Stickers Women Hands Paste",2020/07/Lovely-Black-Compass-Arrow-Temporary-Tattoo-Red-Plum-Tiger-Waterproof-Tattoo-Men-Body-Arm-Art-Tatoo.jpg
181855,https://daisycorners.com/product/new-flash-temporary-tattoo-set-with-12-glitter-powder-hollow-1-tattoo-template-1-glue-5-brushes-for-children-teenagers-adults/,"New Flash Temporary Tattoo Set with 12 Glitter Powder Hollow 1 Tattoo Template 1 Glue 5 Brushes for Children Teenagers Adults",2020/07/New-Flash-Temporary-Tattoo-Set-with-12-Glitter-Powder-Hollow-1-Tattoo-Template-1-Glue-5.jpg
181873,https://daisycorners.com/product/eagle-fake-tattoo-water-transfer-waterproof-temporary-sticker-flower-arm-women-men-sexy-beauty-body-art-cool-stuff-cheap-fine/,"Eagle Fake tattoo Water Transfer Waterproof Temporary Sticker Flower Arm Women Men sexy Beauty Body Art Cool Stuff Cheap fine",2020/07/Eagle-Fake-tattoo-Water-Transfer-Waterproof-Temporary-Sticker-Flower-Arm-Women-Men-sexy-Beauty-Body-Art.jpg
181918,https://daisycorners.com/product/4pcs-lot-temporary-tattoo-sticker-fake-gold-and-silver-tatoo-sheets-flash-henna-tatouage-metallic-tatto-aramex-tatuajes-dorados/,"4pcs/lot Temporary Tattoo Sticker Fake Gold and silver Tatoo sheets Flash Henna Tatouage Metallic Tatto Aramex Tatuajes Dorados",2020/07/4pcs-lot-Temporary-Tattoo-Sticker-Fake-Gold-and-silver-Tatoo-sheets-Flash-Henna-Tatouage-Metallic-Tatto.jpg
181921,https://daisycorners.com/product/temporary-tatoo-fake-tattoo-sticker-unicorn-flower-rose-waterproof-flash-tatto-tatouage-temporaire-hand-foot-for-girl-women-kids/,"Temporary Tatoo Fake Tattoo Sticker Unicorn Flower Rose Waterproof Flash Tatto Tatouage Temporaire Hand Foot For Girl Women Kids",2020/07/Temporary-Tatoo-Fake-Tattoo-Sticker-Unicorn-Flower-Rose-Waterproof-Flash-Tatto-Tatouage-Temporaire-Hand-Foot-For-1.jpg
185159,https://daisycorners.com/product/sult-waterproof-temporary-tattoos-men-spades-temporary-tatoo-stickers-tatouage-temporaire-henna-tattoo-sleeve/,"Sult Waterproof Temporary Tattoos Men Spades Temporary Tatoo Stickers Tatouage Temporaire Henna Tattoo Sleeve",2020/07/Sult-Waterproof-Temporary-Tattoos-Men-Spades-Temporary-Tatoo-Stickers-Tatouage-Temporaire-Henna-Tattoo-Sleeve.jpg
185189,https://daisycorners.com/product/waterproof-temporary-sticker-creative-luminous-twelve-constellations-body-arm-unisex-sexy-fake-tattoos-water-transfer-body-art/,"Waterproof Temporary Sticker Creative Luminous Twelve Constellations Body Arm Unisex Sexy Fake Tattoos Water Transfer Body Art",2020/07/Waterproof-Temporary-Sticker-Creative-Luminous-Twelve-Constellations-Body-Arm-Unisex-Sexy-Fake-Tattoos-Water-Transfer-Body.jpg
185248,https://daisycorners.com/product/new-1pc-waterproof-temporary-tattoo-sticker-feather-body-pattern-decals-fake-tatoo-art-taty-tattoo-sticker/,"NEW 1PC Waterproof Temporary Tattoo Sticker Feather Body Pattern Decals Fake tatoo Art Taty Tattoo Sticker",2020/07/NEW-1PC-Waterproof-Temporary-Tattoo-Sticker-Feather-Body-Pattern-Decals-Fake-tatoo-Art-Taty-Tattoo-Sticker.jpg
185290,https://daisycorners.com/product/hxman-flower-temporary-tattoos-sticker-waterproof-fashion-women-arm-face-fake-body-art-9-8x6cm-kids-adult-hand-tatoo-p-060/,"HXMAN Flower Temporary Tattoos Sticker Waterproof Fashion Women Arm Face Fake Body Art 9.8X6cm Kids Adult Hand Tatoo P-060",2020/07/HXMAN-Flower-Temporary-Tattoos-Sticker-Waterproof-Fashion-Women-Arm-Face-Fake-Body-Art-9-8X6cm-Kids-4.jpg
185314,https://daisycorners.com/product/1-pc-temporary-tattoos-stickers-waterproof-body-art-removable-flash-tattoo-love-letters-pattern-wholesale/,"1 Pc Temporary Tattoos Stickers Waterproof Body Art Removable Flash Tattoo Love Letters Pattern Wholesale",2020/07/1-Pc-Temporary-Tattoos-Stickers-Waterproof-Body-Art-Removable-Flash-Tattoo-Love-Letters-Pattern-Wholesale.jpg
