360090,https://wallcorners.com/product/6-pcs-sets-vintage-hand-knuckle-rings-set-for-women-gold-color-metal-spring-shape-hyperbole-style-fashion-jewelry-kb149-kb150/,"6 Pcs/Sets Vintage Hand Knuckle Rings Set For Women Gold-color Metal Spring Shape Hyperbole Style Fashion Jewelry KB149 KB150",2020/04/6-Pcs-Sets-Vintage-Hand-Knuckle-Rings-Set-For-Women-Gold-color-Metal-Spring-Shape-Hyperbole.jpg
360091,https://wallcorners.com/product/budong-rings-for-women-valentine-present-fashion-spiral-cz-crystal-gold-color-mid-ring-cubic-zirconia-promise-jewelry-xur247/,"BUDONG Rings for Women Valentine Present Fashion Spiral CZ Crystal Gold-Color Mid Ring Cubic Zirconia Promise Jewelry xuR247",2020/04/BUDONG-Rings-for-Women-Valentine-Present-Fashion-Spiral-CZ-Crystal-Gold-Color-Mid-Ring-Cubic-Zirconia.jpg
360092,https://wallcorners.com/product/modyle-big-white-cubic-zircon-wedding-jewelry-luxury-gold-color-two-layers-crown-engagement-ring-for-woman-dropshipping/,"Modyle Big White Cubic Zircon Wedding Jewelry Luxury Gold Color Two layers Crown engagement Ring for Woman Dropshipping",2020/04/Modyle-Big-White-Cubic-Zircon-Wedding-Jewelry-Luxury-Gold-Color-Two-layers-Crown-engagement-Ring-for.jpg
360093,https://wallcorners.com/product/rose-gold-color-twist-classical-cubic-zirconia-wedding-engagement-ring-for-woman-girls-austrian-crystals-gift-rings-bague-femme/,"Rose Gold Color Twist Classical Cubic Zirconia Wedding Engagement Ring for Woman Girls Austrian Crystals Gift Rings Bague Femme",2020/04/Rose-Gold-Color-Twist-Classical-Cubic-Zirconia-Wedding-Engagement-Ring-for-Woman-Girls-Austrian-Crystals-Gift.jpg
360094,https://wallcorners.com/product/rscvonm-2pcs-lot-boho-gold-color-ring-set-for-women-hollow-out-round-coin-knuckle-midi-finger-rings-jewelry-bague-homme-rings/,"RscvonM 2Pcs/lot Boho Gold Color Ring Set For Women hollow Out Round Coin Knuckle Midi Finger Rings Jewelry Bague Homme Rings",2020/04/RscvonM-2Pcs-lot-Boho-Gold-Color-Ring-Set-For-Women-hollow-Out-Round-Coin-Knuckle-Midi.jpg
360095,https://wallcorners.com/product/kuololit-diaspore-zultanite-gemstone-ring-for-women-solid-925-sterling-silver-color-change-ring-for-wedding-engagement-jewelry/,"Kuololit Diaspore Zultanite Gemstone Ring for Women Solid 925 Sterling Silver Color Change Ring for Wedding Engagement Jewelry",2020/04/Kuololit-Diaspore-Zultanite-Gemstone-Ring-for-Women-Solid-925-Sterling-Silver-Color-Change-Ring-for-Wedding.jpg
360147,https://wallcorners.com/product/wlp-4-11-pcs-set-bohemian-ring-set-vintage-punk-antique-silver-color-resin-finger-rings-for-women-boho-midi-ring-finger-knuckle/,"WLP 4-11 pcs/Set Bohemian ring set Vintage Punk Antique silver-Color Resin Finger Rings for Women Boho midi ring finger knuckle",2020/04/WLP-4-11-pcs-Set-Bohemian-ring-set-Vintage-Punk-Antique-silver-Color-Resin-Finger-Rings.jpg
360152,https://wallcorners.com/product/silver-gun-imitation-ring-statement-316l-stainless-steel-gun-ring-polishing-motorcycle-cowboy-biker-punk-men-women-cool-ring/,"Silver Gun Imitation Ring Statement 316L Stainless Steel Gun Ring Polishing Motorcycle Cowboy Biker Punk Men Women Cool Ring",2020/04/Silver-Gun-Imitation-Ring-Statement-316L-Stainless-Steel-Gun-Ring-Polishing-Motorcycle-Cowboy-Biker-Punk-Men.jpg
360157,https://wallcorners.com/product/2019-new-vintage-fashion-printing-grain-resin-ring-square-cool-wind-ring-wide-ivory-color-acrylic-rings-for-girl-jewelry-gift/,"2019 New Vintage Fashion Printing Grain Resin Ring Square Cool Wind Ring Wide Ivory Color Acrylic Rings For Girl Jewelry Gift",2020/04/2019-New-Vintage-Fashion-Printing-Grain-Resin-Ring-Square-Cool-Wind-Ring-Wide-Ivory-Color-Acrylic.jpg
360275,https://wallcorners.com/product/minimalist-gold-silver-thin-metal-hollow-heart-love-charm-size-6-7-8-9-10-rings-for-women-gift-for-her-stackable-finger-jewelry/,"minimalist gold silver thin metal hollow heart love charm size 6 7 8 9 10 rings for women gift for her stackable finger jewelry",2020/04/minimalist-gold-silver-thin-metal-hollow-heart-love-charm-size-6-7-8-9-10-rings.jpg
360316,https://wallcorners.com/product/bamoer-hot-sale-authentic-925-sterling-silver-feather-wings-adjustable-finger-ring-for-women-sterling-silver-jewelry-gift-scr313/,"BAMOER Hot Sale Authentic 925 Sterling Silver Feather Wings Adjustable Finger Ring for Women Sterling Silver Jewelry Gift SCR313",2020/04/BAMOER-Hot-Sale-Authentic-925-Sterling-Silver-Feather-Wings-Adjustable-Finger-Ring-for-Women-Sterling-Silver.jpg
360318,https://wallcorners.com/product/retro-punk-snake-ring-for-men-women-exaggerated-antique-siver-color-opening-adjustable-rings-anillo-hombre-bijoux/,"Retro Punk Snake Ring for Men Women Exaggerated Antique Siver Color Opening Adjustable Rings Anillo Hombre Bijoux",2020/04/Retro-Punk-Snake-Ring-for-Men-Women-Exaggerated-Antique-Siver-Color-Opening-Adjustable-Rings-Anillo-Hombre.jpg
360325,https://wallcorners.com/product/beiver-clear-3-stones-zircon-women-ring-white-gold-filled-wedding-party-engagement-rings-created-sapphirejewelry-bijoux/,"Beiver Clear 3 Stones Zircon Women Ring White Gold Filled Wedding Party Engagement Rings Created SapphireJewelry Bijoux",2020/04/Beiver-Clear-3-Stones-Zircon-Women-Ring-White-Gold-Filled-Wedding-Party-Engagement-Rings-Created-SapphireJewelry.jpg
360326,https://wallcorners.com/product/stainless-steel-rings-for-women-ladies-rings-engagement-ring-for-woman-luxury-jewelry-gold-ring/,"Stainless Steel Rings For Women Ladies Rings Engagement Ring For Woman Luxury Jewelry Gold Ring",2020/04/Stainless-Steel-Rings-For-Women-Ladies-Rings-Engagement-Ring-For-Woman-Luxury-Jewelry-Gold-Ring.jpg
360383,https://wallcorners.com/product/mixed-bohemia-style-natural-blue-red-stone-rings-tibetan-silver-tone-size-16-17-18-finger-rings-jewelry-for-woman-10pcs/,"Mixed Bohemia Style Natural Blue Red Stone Rings Tibetan Silver Tone Size 16 17 18 Finger Rings Jewelry For Woman 10pcs",2020/04/Mixed-Bohemia-Style-Natural-Blue-Red-Stone-Rings-Tibetan-Silver-Tone-Size-16-17-18-Finger.jpg
360386,https://wallcorners.com/product/new-minimalist-rose-gold-cross-ring-simple-multi-layer-open-adjustable-rings-for-women-christian-gift-knuckle-jewelry-2019/,"New Minimalist Rose Gold Cross Ring Simple Multi Layer Open Adjustable Rings for Women Christian Gift Knuckle Jewelry 2019",2020/04/New-Minimalist-Rose-Gold-Cross-Ring-Simple-Multi-Layer-Open-Adjustable-Rings-for-Women-Christian-Gift.jpg
360417,https://wallcorners.com/product/docona-15pcs-set-bohemian-gold-virgin-mary-heart-flower-kunckle-midi-ring-set-for-women-crystal-geometric-jewelry-anillo-7056/,"docona 15pcs/set Bohemian Gold Virgin Mary Heart Flower Kunckle Midi Ring Set for Women Crystal Geometric Jewelry Anillo 7056",2020/04/docona-15pcs-set-Bohemian-Gold-Virgin-Mary-Heart-Flower-Kunckle-Midi-Ring-Set-for-Women-Crystal.jpg
360425,https://wallcorners.com/product/new-minimalist-retro-temperament-multi-layer-wide-version-ring-female-wide-version-simple-wild-ring-for-women-girls/,"New Minimalist Retro Temperament Multi-layer Wide Version Ring Female Wide Version Simple Wild Ring For Women Girls",2020/04/New-Minimalist-Retro-Temperament-Multi-layer-Wide-Version-Ring-Female-Wide-Version-Simple-Wild-Ring-For.jpg
360429,https://wallcorners.com/product/docona-fashion-black-opening-ring-3-pcs-set-midi-finger-knuckle-ring-set-for-women-punk-alloy-finger-rings-boho-jewelry/,"docona Fashion Black Opening Ring 3 pcs/set Midi Finger Knuckle Ring Set for Women Punk Alloy Finger Rings Boho Jewelry",2020/04/docona-Fashion-Black-Opening-Ring-3-pcs-set-Midi-Finger-Knuckle-Ring-Set-for-Women-Punk.jpg
360451,https://wallcorners.com/product/silver-color-cat-ear-finger-ring-open-design-cute-fashion-jewelry-ring-for-women-young-girl-child-gifts-adjustable-ring-wholesal/,"Silver Color Cat Ear Finger Ring Open Design Cute Fashion Jewelry Ring For Women Young Girl Child Gifts Adjustable Ring wholesal",2020/04/Silver-Color-Cat-Ear-Finger-Ring-Open-Design-Cute-Fashion-Jewelry-Ring-For-Women-Young-Girl.jpg
360459,https://wallcorners.com/product/8-pcs-set-fashion-openwork-geometric-lotus-v-rhombus-joint-silver-rings-set-women-wedding-party-jewelry-accessories/,"8 Pcs/set Fashion Openwork Geometric Lotus V Rhombus Joint Silver Rings Set Women Wedding Party Jewelry Accessories",2020/04/8-Pcs-set-Fashion-Openwork-Geometric-Lotus-V-Rhombus-Joint-Silver-Rings-Set-Women-Wedding-Party.jpg
360488,https://wallcorners.com/product/v-ya-100-925-silver-buddhist-ring-for-women-tibetan-prayer-wheel-ring-om-mantra-ring-good-luck-women-ring/,"V.YA 100% 925 Silver Buddhist Ring for Women Tibetan Prayer Wheel Ring OM Mantra Ring Good Luck Women Ring",2020/04/V-YA-100-925-Silver-Buddhist-Ring-for-Women-Tibetan-Prayer-Wheel-Ring-OM-Mantra-Ring.jpg
360517,https://wallcorners.com/product/thaya-cz-milky-way-black-rings-blue-bright-cubic-zirconia-rings-925-silver-jewelry-for-women-lover-vintage-bohemian-retro-gift/,"Thaya CZ Milky Way Black Rings Blue Bright Cubic Zirconia Rings 925 Silver Jewelry for Women Lover Vintage Bohemian Retro Gift",2020/04/Thaya-CZ-Milky-Way-Black-Rings-Blue-Bright-Cubic-Zirconia-Rings-925-Silver-Jewelry-for-Women.jpg
360520,https://wallcorners.com/product/boako-size-6-10-vintage-jewelry-retro-three-round-colorful-opal-rings-for-women-gold-color-finger-rings-bijoux-random-colors/,"BOAKO Size 6-10 Vintage Jewelry Retro Three Round Colorful Opal Rings for Women Gold Color Finger Rings Bijoux Random Colors",2020/04/BOAKO-Size-6-10-Vintage-Jewelry-Retro-Three-Round-Colorful-Opal-Rings-for-Women-Gold-Color.jpg
360521,https://wallcorners.com/product/aomu-fashion-temperament-girl-gift-metal-ring-for-women-jewelry-geometric-round-ring-shoot-accessories-imitation-pearl-ring/,"AOMU Fashion Temperament Girl Gift Metal Ring For Women Jewelry Geometric Round Ring Shoot Accessories Imitation Pearl Ring",2020/04/AOMU-Fashion-Temperament-Girl-Gift-Metal-Ring-For-Women-Jewelry-Geometric-Round-Ring-Shoot-Accessories-Imitation.jpg
360528,https://wallcorners.com/product/punk-square-female-male-zircon-stone-ring-crystal-rose-gold-silver-ring-promise-wedding-engagement-rings-for-women-mens-party/,"Punk Square Female Male Zircon Stone Ring Crystal Rose gold Silver Ring Promise Wedding Engagement Rings For Women Men's Party",2020/04/Punk-Square-Female-Male-Zircon-Stone-Ring-Crystal-Rose-gold-Silver-Ring-Promise-Wedding-Engagement-Rings.jpg
360535,https://wallcorners.com/product/ring-double-layer-line-zircon-simple-925-sterling-silver-gold-color-ring-rings-for-women-anel-jewelry-jewellery-aneis-love-gift/,"Ring Double-layer Line Zircon Simple 925 Sterling Silver Gold Color Ring Rings For Women Anel Jewelry Jewellery Aneis Love Gift",2020/04/Ring-Double-layer-Line-Zircon-Simple-925-Sterling-Silver-Gold-Color-Ring-Rings-For-Women-Anel.jpg
360547,https://wallcorners.com/product/15-pcs-set-vintage-rings-gold-cross-crystal-hand-geometry-carved-leaf-peach-heart-finger-ring-set-women-wedding-jewelry-gifts/,"15 Pcs/set Vintage Rings Gold Cross Crystal Hand Geometry Carved Leaf Peach Heart Finger Ring Set Women Wedding Jewelry Gifts",2020/04/15-Pcs-set-Vintage-Rings-Gold-Cross-Crystal-Hand-Geometry-Carved-Leaf-Peach-Heart-Finger-Ring.jpg
360589,https://wallcorners.com/product/sterling-silver-925-thin-line-micro-pave-cz-eternity-3-colors-stack-925-silver-cz-ring/,"Sterling Silver 925 thin line micro pave cz eternity 3 colors stack 925 silver cz ring",2020/04/Sterling-Silver-925-thin-line-micro-pave-cz-eternity-3-colors-stack-925-silver-cz-ring.jpg
360600,https://wallcorners.com/product/jewelrypalace-olive-leaf-cz-rings-925-sterling-silver-rings-for-women-open-stackable-ring-band-silver-925-jewelry-fine-jewelry/,"JewelryPalace Olive Leaf CZ Rings 925 Sterling Silver Rings for Women Open Stackable Ring Band Silver 925 Jewelry Fine Jewelry",2020/04/JewelryPalace-Olive-Leaf-CZ-Rings-925-Sterling-Silver-Rings-for-Women-Open-Stackable-Ring-Band-Silver.jpg
360607,https://wallcorners.com/product/wostu-simple-rings-100-925-sterling-silver-shimmering-wish-stackable-ring-for-women-wedding-original-fashion-jewelry-gift/,"WOSTU Simple Rings 100% 925 Sterling Silver Shimmering Wish Stackable Ring For Women Wedding Original Fashion Jewelry Gift",2020/04/WOSTU-Simple-Rings-100-925-Sterling-Silver-Shimmering-Wish-Stackable-Ring-For-Women-Wedding-Original-Fashion.jpg
360620,https://wallcorners.com/product/vnox-personalized-mens-signet-rings-chunky-stainless-steel-boy-stamp-band-customize-engrave-male-jewelry-fraternal-rings-bf-gift/,"Vnox Personalized Mens Signet Rings Chunky Stainless Steel Boy Stamp Band Customize Engrave Male Jewelry Fraternal Rings BF Gift",2020/04/Vnox-Personalized-Mens-Signet-Rings-Chunky-Stainless-Steel-Boy-Stamp-Band-Customize-Engrave-Male-Jewelry-Fraternal.jpg
360645,https://wallcorners.com/product/big-cz-cubic-zircon-stone-rose-gold-color-rings-for-women-fashion-jewelry-day-gift-fashion-ring/,"Big CZ Cubic Zircon Stone Rose Gold Color Rings for Women Fashion Jewelry Day Gift Fashion Ring",2020/04/Big-CZ-Cubic-Zircon-Stone-Rose-Gold-Color-Rings-for-Women-Fashion-Jewelry-Day-Gift-Fashion.jpg
360648,https://wallcorners.com/product/bague-homme-bijoux-wave-ring-accessoires-women-bff-jewelry-stainless-steel-mermaid-ring-mom-sister-best-friend-gifts-idea-anel/,"Bague Homme Bijoux Wave Ring Accessoires Women Bff Jewelry Stainless Steel Mermaid Ring Mom Sister Best Friend Gifts Idea Anel",2020/04/Bague-Homme-Bijoux-Wave-Ring-Accessoires-Women-Bff-Jewelry-Stainless-Steel-Mermaid-Ring-Mom-Sister-Best.jpg
360749,https://wallcorners.com/product/kmvexo-10pcs-set-vintage-boho-snake-crystal-finger-rings-set-punk-bohemian-buddha-statue-stone-ring-for-women-party-jewelry-gift/,"KMVEXO 10Pcs/Set Vintage Boho Snake Crystal Finger Rings Set Punk Bohemian Buddha Statue Stone Ring for Women Party Jewelry Gift",2020/04/KMVEXO-10Pcs-Set-Vintage-Boho-Snake-Crystal-Finger-Rings-Set-Punk-Bohemian-Buddha-Statue-Stone-Ring.jpg
360757,https://wallcorners.com/product/cute-dainty-womens-snowflake-rings-delicate-rings-rings-wedding-jewelry/,"Cute Dainty Women's Snowflake  Rings Delicate Rings Rings Wedding Jewelry",2020/04/Cute-Dainty-Women-s-Snowflake-Rings-Delicate-Rings-Rings-Wedding-Jewelry.jpg
360776,https://wallcorners.com/product/17km-vintage-gold-crystal-rings-set-moon-star-beads-ring-for-women-metal-charm-ring-bohemian-wedding-fashion-jewelry-party-gifts/,"17KM Vintage Gold Crystal Rings Set Moon Star Beads Ring For Women Metal Charm Ring Bohemian Wedding Fashion Jewelry Party Gifts",2020/04/17KM-Vintage-Gold-Crystal-Rings-Set-Moon-Star-Beads-Ring-For-Women-Metal-Charm-Ring-Bohemian.jpg
360855,https://wallcorners.com/product/modyle-new-big-cross-zircon-ring-fashion-female-jewelry-infinity-sign-women-rose-gold-rings-for-party-free-shipping/,"Modyle New Big Cross Zircon Ring Fashion Female Jewelry Infinity Sign Women Rose Gold Rings for Party free Shipping",2020/04/Modyle-New-Big-Cross-Zircon-Ring-Fashion-Female-Jewelry-Infinity-Sign-Women-Rose-Gold-Rings-for.jpg
360865,https://wallcorners.com/product/vintage-ring-rose-gold-filled-cubic-zirconia-party-wedding-band-rings-for-women-men-wholesale-jewelry/,"Vintage ring Rose Gold Filled Cubic Zirconia Party Wedding Band Rings for women men Wholesale Jewelry",2020/04/Vintage-ring-Rose-Gold-Filled-Cubic-Zirconia-Party-Wedding-Band-Rings-for-women-men-Wholesale-Jewelry.jpg
360875,https://wallcorners.com/product/nfc-multifunctional-intelligent-ring-finger-smart-wear-finger-digital-ring-connect-android-phone-equipment-rings/,"NFC Multifunctional Intelligent Ring  Finger Smart Wear Finger Digital Ring Connect Android Phone Equipment Rings",2020/04/NFC-Multifunctional-Intelligent-Ring-Finger-Smart-Wear-Finger-Digital-Ring-Connect-Android-Phone-Equipment-Rings.jpg
360889,https://wallcorners.com/product/martick-1mm-rose-gold-color-stainless-steel-ring-for-women-silver-color-top-quality-cz-ring-high-polished-wedding-rings-gift-r7/,"Martick 1mm Rose Gold-color Stainless Steel Ring For Women Silver Color Top Quality CZ Ring High Polished  Wedding Rings Gift R7",2020/04/Martick-1mm-Rose-Gold-color-Stainless-Steel-Ring-For-Women-Silver-Color-Top-Quality-CZ-Ring.jpg
360895,https://wallcorners.com/product/diezi-6pcs-set-bohemian-fashion-black-eyes-heart-charm-knuckle-joint-rings-set-for-women-boho-vintage-gold-finger-rings-jewelry/,"DIEZI 6pcs/set Bohemian Fashion Black Eyes Heart Charm Knuckle Joint Rings Set For Women Boho Vintage Gold Finger Rings Jewelry",2020/04/DIEZI-6pcs-set-Bohemian-Fashion-Black-Eyes-Heart-Charm-Knuckle-Joint-Rings-Set-For-Women-Boho.jpg
360902,https://wallcorners.com/product/beiver-fashion-flower-cz-wedding-rings-for-women-in-rhodium-plated-3-colors-aaa-cubic-zirconia-jewelry-girls-best-gifts/,"Beiver Fashion Flower CZ Wedding Rings for Women in Rhodium Plated 3 Colors AAA Cubic Zirconia Jewelry Girls Best Gifts",2020/04/Beiver-Fashion-Flower-CZ-Wedding-Rings-for-Women-in-Rhodium-Plated-3-Colors-AAA-Cubic-Zirconia.jpg
360945,https://wallcorners.com/product/925-sterling-silver-luxury-crystal-butterfly-rings-for-women-jewelry-fashion-open-adjustable-finger-ring/,"925 Sterling Silver Luxury Crystal Butterfly Rings for Women Jewelry Fashion Open Adjustable Finger Ring",2020/04/925-Sterling-Silver-Luxury-Crystal-Butterfly-Rings-for-Women-Jewelry-Fashion-Open-Adjustable-Finger-Ring.jpg
360947,https://wallcorners.com/product/crystal-butterfly-shape-wedding-ring-party-jewelry-ring-elegant-fashion-classic/,"Crystal Butterfly Shape Wedding Ring Party Jewelry Ring Elegant Fashion Classic",2020/04/Crystal-Butterfly-Shape-Wedding-Ring-Party-Jewelry-Ring-Elegant-Fashion-Classic.jpg
360998,https://wallcorners.com/product/autumn-style-rainbow-ring-golden-zircon-womans-ring-luxury-adjustable-engagement-ring-party-ring-jewelry-for-women-gift/,"Autumn Style Rainbow Ring Golden Zircon Woman's Ring Luxury Adjustable Engagement Ring Party Ring jewelry for Women Gift",2020/04/Autumn-Style-Rainbow-Ring-Golden-Zircon-Woman-s-Ring-Luxury-Adjustable-Engagement-Ring-Party-Ring-jewelry.jpg
361034,https://wallcorners.com/product/tocona-11pcs-set-vintage-punk-ring-set-hollow-flower-midi-finger-rings-for-women-bohemia-carving-leaf-sliver-gold-rings-4091/,"Tocona 11pcs/Set Vintage Punk Ring Set Hollow Flower Midi Finger Rings for Women Bohemia Carving Leaf Sliver Gold Rings 4091",2020/04/Tocona-11pcs-Set-Vintage-Punk-Ring-Set-Hollow-Flower-Midi-Finger-Rings-for-Women-Bohemia-Carving.jpg
361036,https://wallcorners.com/product/classic-crystal-engagement-claws-design-hot-sale-rings-for-2020-women-white-zircon-cubic-elegant-rings-female-wedding-jewelry/,"Classic Crystal Engagement Claws Design Hot Sale Rings For 2020 Women White Zircon Cubic Elegant Rings Female Wedding Jewelry",2020/04/Classic-Crystal-Engagement-Claws-Design-Hot-Sale-Rings-For-2020-Women-White-Zircon-Cubic-Elegant-Rings.jpg
361111,https://wallcorners.com/product/romantic-heart-shaped-love-ring-for-women-best-friend-gift-jewerly-rose-gold-lovers-simple-ring-size-5-10/,"Romantic Heart-shaped  Love Ring for Women Best Friend Gift Jewerly Rose Gold Lovers Simple Ring Size 5 -10",2020/04/Romantic-Heart-shaped-Love-Ring-for-Women-Best-Friend-Gift-Jewerly-Rose-Gold-Lovers-Simple-Ring.jpg
361120,https://wallcorners.com/product/iparam-9-pcs-set-bohemian-mermaid-tail-compass-yoga-water-drop-hollow-carved-crystal-women-ring-set/,"IPARAM 9 Pcs/set Bohemian Mermaid Tail Compass Yoga Water Drop Hollow Carved crystal Women Ring Set",2020/04/IPARAM-9-Pcs-set-Bohemian-Mermaid-Tail-Compass-Yoga-Water-Drop-Hollow-Carved-crystal-Women-Ring.jpg
361125,https://wallcorners.com/product/knock-girls-geometric-ring-filled-rose-gold-ring-promise-wedding-engagement-rings-for-women-best-gifts/,"KNOCK  Girls Geometric Ring  Filled &amp; Rose Gold Ring Promise Wedding Engagement Rings For Women Best Gifts",2020/04/KNOCK-Girls-Geometric-Ring-Filled-Rose-Gold-Ring-Promise-Wedding-Engagement-Rings-For-Women-Best-Gifts.jpg
361136,https://wallcorners.com/product/huitan-simple-heart-shaped-gift-rings-for-women-special-day-present-for-girlfriend-with-tiny-zircon-stone-minimalist-accessories/,"Huitan Simple Heart Shaped Gift Rings For Women Special Day Present For Girlfriend With Tiny Zircon Stone Minimalist Accessories",2020/04/Huitan-Simple-Heart-Shaped-Gift-Rings-For-Women-Special-Day-Present-For-Girlfriend-With-Tiny-Zircon.jpg
361164,https://wallcorners.com/product/zhouyang-ring-for-women-lady-mini-cubic-zirconia-finger-ring-light-gold-color-silver-color-fashion-jewelry-kcr088/,"ZHOUYANG Ring For Women Lady Mini Cubic Zirconia Finger Ring Light Gold Color / Silver Color Fashion Jewelry KCR088",2020/04/ZHOUYANG-Ring-For-Women-Lady-Mini-Cubic-Zirconia-Finger-Ring-Light-Gold-Color-Silver-Color-Fashion.jpg
361340,https://wallcorners.com/product/hip-hop-rock-rap-iced-out-bling-gold-rhinestone-crystal-5-row-rings-wedding-band-party-bride-jewelry-banquet-dress-women-accesso/,"Hip Hop Rock Rap Iced Out Bling Gold Rhinestone Crystal 5 Row Rings Wedding Band party Bride Jewelry Banquet Dress Women Accesso",2020/04/Hip-Hop-Rock-Rap-Iced-Out-Bling-Gold-Rhinestone-Crystal-5-Row-Rings-Wedding-Band-party.jpg
361351,https://wallcorners.com/product/skull-finger-silver-female-wedding-rings-set-for-women-girl-red-heart-crystal-cz-rose-flower-skeleton-gothic-jewelry-gift-ring/,"Skull Finger Silver female wedding rings set For Women Girl Red Heart Crystal CZ Rose Flower Skeleton Gothic Jewelry Gift ring",2020/04/Skull-Finger-Silver-female-wedding-rings-set-For-Women-Girl-Red-Heart-Crystal-CZ-Rose-Flower.jpg
361354,https://wallcorners.com/product/jewelrypalace-created-blue-sapphire-ring-princess-crown-halo-engagement-wedding-rings-925-sterling-silver-rings-for-women-2020/,"JewelryPalace Created Blue Sapphire Ring Princess Crown Halo Engagement Wedding Rings 925 Sterling Silver Rings For Women 2020",2020/04/JewelryPalace-Created-Blue-Sapphire-Ring-Princess-Crown-Halo-Engagement-Wedding-Rings-925-Sterling-Silver-Rings-For.jpg
365314,https://wallcorners.com/product/oloey-classic-bedding-set-solid-color-duvet-cover-sets-quilt-covers-pillowcases-european-size-king-queen-gray-blue-pink-green/,"OLOEY Classic bedding set Solid color duvet cover sets quilt covers pillowcases European size king queen gray blue pink green",2020/04/OLOEY-Classic-bedding-set-Solid-color-duvet-cover-sets-quilt-covers-pillowcases-European-size-king-queen.jpg
365316,https://wallcorners.com/product/sondeson-luxury-100-silk-25-momme-bedding-set-silk-healthy-skin-beauty-duvet-cover-set-flat-sheet-pillowcase-bed-set-for-adult/,"Sondeson Luxury 100% Silk 25 Momme Bedding Set Silk Healthy Skin Beauty Duvet Cover Set Flat Sheet Pillowcase Bed Set For Adult",2020/04/Sondeson-Luxury-100-Silk-25-Momme-Bedding-Set-Silk-Healthy-Skin-Beauty-Duvet-Cover-Set-Flat.jpg
365317,https://wallcorners.com/product/sondeson-luxury-women-beauty-100-silk-noble-pink-bedding-set-silky-queen-king-duvet-cover-flat-sheet-pillowcase-quilt-cover/,"Sondeson Luxury Women Beauty 100% Silk Noble Pink Bedding Set Silky Queen King Duvet Cover Flat Sheet Pillowcase Quilt Cover",2020/04/Sondeson-Luxury-Women-Beauty-100-Silk-Noble-Pink-Bedding-Set-Silky-Queen-King-Duvet-Cover-Flat.jpg
365325,https://wallcorners.com/product/beddingoutlet-french-bulldog-duvet-cover-set-cartoon-dog-bedding-set-for-kids-watercolor-puppy-paws-bedspread-cactus-bed-cover/,"BeddingOutlet French Bulldog Duvet Cover Set Cartoon Dog Bedding Set for Kids Watercolor Puppy Paws Bedspread Cactus Bed Cover",2020/04/BeddingOutlet-French-Bulldog-Duvet-Cover-Set-Cartoon-Dog-Bedding-Set-for-Kids-Watercolor-Puppy-Paws-Bedspread.jpg
365597,https://wallcorners.com/product/jddton-new-arrival-classical-double-sided-bed-linings-concise-style-bedding-set-quilt-cover-pillowcase-cover-bed-3pcs-set-be031/,"JDDTON New Arrival Classical Double sided Bed Linings Concise Style Bedding Set Quilt Cover Pillowcase Cover Bed 3pcs/set BE031",2020/04/JDDTON-New-Arrival-Classical-Double-sided-Bed-Linings-Concise-Style-Bedding-Set-Quilt-Cover-Pillowcase-Cover.jpg
365623,https://wallcorners.com/product/alanna-fashion-bedding-set-pure-cotton-a-b-double-sided-pattern-simplicity-bed-sheet-quilt-cover-pillowcase-4-7pcs/,"Alanna fashion bedding set Pure cotton A/B double-sided pattern Simplicity Bed sheet, quilt cover pillowcase 4-7pcs",2020/04/Alanna-fashion-bedding-set-Pure-cotton-A-B-double-sided-pattern-Simplicity-Bed-sheet-quilt-cover.jpg
365628,https://wallcorners.com/product/4pcs-luxury-silk-bedding-set-satin-queen-king-size-bed-set-comforter-quilt-duvet-cover-linens-with-pillowcases-and-bed-sheet/,"4pcs Luxury Silk Bedding Set Satin Queen King Size Bed Set Comforter Quilt Duvet Cover Linens with Pillowcases and Bed Sheet",2020/04/4pcs-Luxury-Silk-Bedding-Set-Satin-Queen-King-Size-Bed-Set-Comforter-Quilt-Duvet-Cover-Linens.jpg
365635,https://wallcorners.com/product/satin-silk-comforter-bedding-set-queen-king-bed-cover-duvet-cover-set-bedclothes-quilt-cover-pillow-case-home-decoration-textile/,"Satin silk comforter bedding set Queen King bed cover duvet cover set Bedclothes Quilt Cover Pillow case Home decoration Textile",2020/04/Satin-silk-comforter-bedding-set-Queen-King-bed-cover-duvet-cover-set-Bedclothes-Quilt-Cover-Pillow.jpg
365682,https://wallcorners.com/product/her-side-his-side-bedding-set-couple-quilt-romantic-duvet-cover-luxury-bed-linen-white-black-sexy-bedspread-modern-bedroom-set/,"Her Side &amp; His Side Bedding Set Couple Quilt Romantic Duvet Cover Luxury Bed Linen White Black Sexy Bedspread Modern Bedroom Set",2020/04/Her-Side-His-Side-Bedding-Set-Couple-Quilt-Romantic-Duvet-Cover-Luxury-Bed-Linen-White-Black.jpg
366077,https://wallcorners.com/product/phf-beauty-bed-covers-and-bedspreads-velvet-bedding-set-luxury-3-pcs-soft-lightweight-bed-linen-queen-king-size-grey-pink-silver/,"PHF Beauty Bed Covers And Bedspreads Velvet Bedding Set Luxury 3 Pcs Soft Lightweight Bed Linen Queen King Size Grey Pink Silver",2020/04/PHF-Beauty-Bed-Covers-And-Bedspreads-Velvet-Bedding-Set-Luxury-3-Pcs-Soft-Lightweight-Bed-Linen.jpg
366078,https://wallcorners.com/product/3d-red-rose-bedding-set-linen-flower-double-bed-sheet-king-duvet-quilt-cover-bedclothes-pillowcase-4pcs-set-home-textile-beauty/,"3D Red Rose Bedding Set Linen Flower Double Bed Sheet King Duvet Quilt Cover Bedclothes Pillowcase 4pcs/set Home Textile Beauty",2020/04/3D-Red-Rose-Bedding-Set-Linen-Flower-Double-Bed-Sheet-King-Duvet-Quilt-Cover-Bedclothes-Pillowcase.jpg
366084,https://wallcorners.com/product/nordic-bedding-set-leaf-printed-bed-linen-plaid-duvet-cover-set-single-double-queen-king-quilt-covers-modern-sheet-bedclothes/,"Nordic Bedding Set Leaf Printed Bed Linen Plaid Duvet Cover Set Single Double Queen King Quilt Covers Modern Sheet Bedclothes",2020/04/Nordic-Bedding-Set-Leaf-Printed-Bed-Linen-Plaid-Duvet-Cover-Set-Single-Double-Queen-King-Quilt.jpg
366152,https://wallcorners.com/product/home-textile-hello-kitty-bedding-set-cotton-bed-linen-3-4pcs-include-duvet-cover-bed-sheet-pillowcase-twin-full-queen-bedclothes/,"Home Textile Hello Kitty Bedding Set Cotton Bed Linen 3/4pcs Include Duvet Cover Bed Sheet Pillowcase Twin Full Queen Bedclothes",2020/04/Home-Textile-Hello-Kitty-Bedding-Set-Cotton-Bed-Linen-3-4pcs-Include-Duvet-Cover-Bed-Sheet.jpg
366243,https://wallcorners.com/product/satin-silk-bedding-set-luxury-queen-king-size-bed-set-quilt-duvet-cover-linens-and-pillowcase-for-single-double-bedclothes/,"Satin Silk Bedding Set Luxury Queen King Size Bed Set Quilt Duvet Cover Linens And Pillowcase For Single Double Bedclothes",2020/04/Satin-Silk-Bedding-Set-Luxury-Queen-King-Size-Bed-Set-Quilt-Duvet-Cover-Linens-And-Pillowcase.jpg
366252,https://wallcorners.com/product/high-quality-3pcs-bed-linen-set-duvet-cover-set-comforter-bedding-set-queen-king-size-quilt-cover-pillowcase-home-decor-textile/,"High quality 3pcs bed linen set duvet cover set comforter bedding set Queen King size Quilt Cover Pillowcase Home decor Textile",2020/04/High-quality-3pcs-bed-linen-set-duvet-cover-set-comforter-bedding-set-Queen-King-size-Quilt.jpg
366253,https://wallcorners.com/product/home-textile-paris-tower-building-quilt-cover-flat-bed-sheets-pillow-cover-adult-bed-linen-duvet-cover-bedding-set/,"Home Textile Paris Tower Building Quilt Cover Flat Bed Sheets Pillow Cover Adult Bed Linen Duvet Cover Bedding Set",2020/04/Home-Textile-Paris-Tower-Building-Quilt-Cover-Flat-Bed-Sheets-Pillow-Cover-Adult-Bed-Linen-Duvet.jpg
366419,https://wallcorners.com/product/bonenjoy-white-bedding-set-king-size-quilt-cover-feather-print-for-girls-used-single-bed-linen-duvet-cover-queen/,"Bonenjoy White Bedding Set King Size Quilt Cover Feather Print For Girls Used Single Bed Linen Duvet Cover Queen",2020/04/Bonenjoy-White-Bedding-Set-King-Size-Quilt-Cover-Feather-Print-For-Girls-Used-Single-Bed-Linen.jpg
366440,https://wallcorners.com/product/bohemian-style-bed-linen-set-comforter-bedding-set-quilt-duvets-cover-set-queen-king-bedclothes-pillow-case-home-decor-textile/,"Bohemian style bed linen set comforter bedding set Quilt duvets cover set Queen King Bedclothes Pillow case Home decor Textile",2020/04/Bohemian-style-bed-linen-set-comforter-bedding-set-Quilt-duvets-cover-set-Queen-King-Bedclothes-Pillow.jpg
366556,https://wallcorners.com/product/3pcs-satin-silk-bedding-set-luxury-queen-king-size-bed-set-quilt-duvet-cover-linens-and-pillowcase-for-single-double-bedclothes/,"3pcs Satin Silk Bedding Set Luxury Queen King Size Bed Set Quilt Duvet Cover Linens and Pillowcase for Single Double Bedclothes",2020/04/3pcs-Satin-Silk-Bedding-Set-Luxury-Queen-King-Size-Bed-Set-Quilt-Duvet-Cover-Linens-and.jpg
366677,https://wallcorners.com/product/home-textiles-letter-printing-duvet-quilt-cover-pillowcase-flat-bed-sheet-bedding-set-for-girl-kid-linen-queen-twin-full-3-4pcs/,"Home Textiles Letter Printing Duvet Quilt Cover Pillowcase Flat Bed Sheet Bedding Set For Girl Kid Linen Queen Twin Full 3/4pcs",2020/04/Home-Textiles-Letter-Printing-Duvet-Quilt-Cover-Pillowcase-Flat-Bed-Sheet-Bedding-Set-For-Girl-Kid.jpg
366733,https://wallcorners.com/product/home-textile-bedding-set-solid-color-duvet-cover-sets-quilt-covers-pillowcases-european-size-king-queen-gray-blue-pink-green/,"Home Textile Bedding set Solid color duvet cover sets quilt covers pillowcases European size king queen gray blue pink green",2020/04/Home-Textile-Bedding-set-Solid-color-duvet-cover-sets-quilt-covers-pillowcases-European-size-king-queen.jpg
366784,https://wallcorners.com/product/new-style-silk-bedding-home-furnishing-fashion-luxury-bedding-set-duvet-cover-bed-sheet-pillowcase-size-king-queen-twin/,"New style silk bedding, home furnishing, fashion luxury bedding set, duvet cover, bed sheet, pillowcase. Size King Queen Twin",2020/04/New-style-silk-bedding-home-furnishing-fashion-luxury-bedding-set-duvet-cover-bed-sheet-pillowcase-Size.jpg
366835,https://wallcorners.com/product/4pcs-you-and-me-bedding-set-soft-cotton-floral-printing-quilt-duvet-cover-flat-bed-sheet-pillowcase-minimalist-bedding/,"4pcs You And Me Bedding Set Soft Cotton Floral Printing Quilt Duvet Cover Flat Bed Sheet Pillowcase Minimalist Bedding",2020/04/4pcs-You-And-Me-Bedding-Set-Soft-Cotton-Floral-Printing-Quilt-Duvet-Cover-Flat-Bed-Sheet.jpg
367016,https://wallcorners.com/product/disney-mickey-mouse-bedding-sets-queen-king-size-cartoon-duvet-cover-quilt-cover-pillowcase-bed-sheet-bed-linen-set/,"Disney Mickey Mouse Bedding Sets Queen King Size Cartoon Duvet Cover Quilt Cover Pillowcase Bed Sheet Bed Linen Set",2020/04/Disney-Mickey-Mouse-Bedding-Sets-Queen-King-Size-Cartoon-Duvet-Cover-Quilt-Cover-Pillowcase-Bed-Sheet.jpg
367140,https://wallcorners.com/product/yaxinlan-bedding-set-pure-color-silk-plant-flowers-fashion-patterns-bed-sheet-quilt-cover-pillowcase-4-7pcs-new-product/,"YAXINLAN bedding set Pure color Silk Plant flowers Fashion Patterns Bed sheet quilt cover pillowcase 4-7pcs new product",2020/04/YAXINLAN-bedding-set-Pure-color-Silk-Plant-flowers-Fashion-Patterns-Bed-sheet-quilt-cover-pillowcase-4.jpg
367160,https://wallcorners.com/product/dinosaur-cartoon-kids-bedding-comforter-bedding-sets-double-sided-childrens-quilt-cover-fitted-bed-sheet-pillowcase-queen-twin/,"Dinosaur Cartoon Kids Bedding Comforter Bedding Sets Double Sided Children's Quilt Cover Fitted Bed Sheet Pillowcase Queen Twin",2020/04/Dinosaur-Cartoon-Kids-Bedding-Comforter-Bedding-Sets-Double-Sided-Children-s-Quilt-Cover-Fitted-Bed-Sheet.jpg
367223,https://wallcorners.com/product/4pcs-bedding-set-flower-printed-quilt-duvet-cover-flat-bed-sheet-pillowcase-bedding-set-decoration-home-textile/,"4Pcs Bedding Set Flower Printed Quilt Duvet Cover Flat Bed Sheet Pillowcase Bedding Set Decoration Home Textile",2020/04/4Pcs-Bedding-Set-Flower-Printed-Quilt-Duvet-Cover-Flat-Bed-Sheet-Pillowcase-Bedding-Set-Decoration-Home.jpg
367227,https://wallcorners.com/product/45-pure-color-home-comforter-bedding-set-twin-queen-king-bed-set-duvet-cover-sets-bedclothes-quilt-cover-pillow-case/,"45 pure color Home comforter bedding set twin Queen King bed set duvet cover sets Bedclothes Quilt Cover + Pillow case",2020/04/45-pure-color-Home-comforter-bedding-set-twin-Queen-King-bed-set-duvet-cover-sets-Bedclothes.jpg
367240,https://wallcorners.com/product/38-asypets-4pcs-set-3d-rose-flower-printing-pillowcase-quilt-cover-bed-sheet-bedding-set/,"38  AsyPets 4Pcs/Set 3D Rose Flower Printing Pillowcase Quilt Cover Bed Sheet Bedding Set",2020/04/38-AsyPets-4Pcs-Set-3D-Rose-Flower-Printing-Pillowcase-Quilt-Cover-Bed-Sheet-Bedding-Set.jpg
367498,https://wallcorners.com/product/2020-hot-bohemian-style-comforter-bedding-set-printing-bed-set-duvet-cover-sets-queen-king-quilt-cover-pillow-cases-home-textile/,"2020 Hot Bohemian style comforter bedding set printing bed set duvet cover sets Queen King Quilt Cover Pillow cases Home Textile",2020/04/2020-Hot-Bohemian-style-comforter-bedding-set-printing-bed-set-duvet-cover-sets-Queen-King-Quilt.jpg
367560,https://wallcorners.com/product/frozen-bedding-set-for-girls-home-decor-single-size-quilt-covers-twin-bed-spread-flat-sheet-3pcs-promotion-pink-cartoon-hot-sale/,"Frozen bedding set for girls home decor single size quilt covers twin bed spread flat sheet 3pcs promotion pink cartoon hot sale",2020/04/Frozen-bedding-set-for-girls-home-decor-single-size-quilt-covers-twin-bed-spread-flat-sheet.jpg
367565,https://wallcorners.com/product/3pcs-bedclothes-3d-bedding-sets-soccer-printed-quilt-pillows-cover-bed-fashion-bedspread-for-football-game/,"3Pcs Bedclothes 3D Bedding Sets Soccer Printed Quilt Pillows Cover Bed Fashion Bedspread For Football Game",2020/04/3Pcs-Bedclothes-3D-Bedding-Sets-Soccer-Printed-Quilt-Pillows-Cover-Bed-Fashion-Bedspread-For-Football-Game.jpg
367759,https://wallcorners.com/product/bedding-sets-dark-purple-simple-color-lake-blue-striped-bed-sheet-duver-quilt-cover-pillowcase-soft-king-queen-full-twin/,"Bedding sets Dark purple Simple color Lake Blue striped bed sheet duver quilt cover pillowcase soft King Queen Full Twin",2020/04/Bedding-sets-Dark-purple-Simple-color-Lake-Blue-striped-bed-sheet-duver-quilt-cover-pillowcase-soft.jpg
367797,https://wallcorners.com/product/jddton-lovely-fashion-double-sided-useful-bed-sheet-set-simple-style-bedding-set-quilt-cover-pillowcase-duvet-cover-set-be134/,"JDDTON Lovely Fashion Double sided Useful Bed Sheet Set Simple Style Bedding Set Quilt Cover Pillowcase Duvet Cover Set BE134",2020/04/JDDTON-Lovely-Fashion-Double-sided-Useful-Bed-Sheet-Set-Simple-Style-Bedding-Set-Quilt-Cover-Pillowcase.jpg
367817,https://wallcorners.com/product/quilts-and-bedding-set-home-textile-sea-wave-printed-beach-bed-linen-with-pillowcase-for-couple-king-queen-size/,"Quilts and Bedding Set Home Textile Sea Wave Printed Beach Bed Linen with Pillowcase for Couple King Queen Size",2020/04/Quilts-and-Bedding-Set-Home-Textile-Sea-Wave-Printed-Beach-Bed-Linen-with-Pillowcase-for-Couple.jpg
367822,https://wallcorners.com/product/minnie-mouse-bedding-set-cover-pillowcase-quilt-mickey-mouse-cartoon-children-bedclothes-bed-set-disney-home-textile/,"Minnie mouse Bedding Set Cover pillowcase quilt mickey mouse cartoon Children bedclothes  bed set Disney  Home textile",2020/04/Minnie-mouse-Bedding-Set-Cover-pillowcase-quilt-mickey-mouse-cartoon-Children-bedclothes-bed-set-Disney-Home.jpg
367835,https://wallcorners.com/product/blue-cartoon-spiderman-bedding-set-avengers-batman-bed-linen-single-twin-fulll-2-3-4-pcs-duvet-cover-sets-for-kids-free-shipping/,"Blue Cartoon Spiderman Bedding Set Avengers Batman Bed Linen Single Twin Fulll 2/3/4 Pcs Duvet Cover Sets for Kids Free Shipping",2020/04/Blue-Cartoon-Spiderman-Bedding-Set-Avengers-Batman-Bed-Linen-Single-Twin-Fulll-2-3-4-Pcs.jpg
368344,https://wallcorners.com/product/sell-like-hot-cakes-bedding-set-2019-new-style-bedding-janespinn-silk-quilt-set-piece-set-bed-pillow-case-king-queen-twin-size/,"sell like hot cakes Bedding set 2019 New Style Bedding JaneSpinn Silk Quilt Set Piece Set Bed Pillow Case , King Queen twin Size",2020/04/sell-like-hot-cakes-Bedding-set-2019-New-Style-Bedding-JaneSpinn-Silk-Quilt-Set-Piece-Set.jpg
368361,https://wallcorners.com/product/football-bed-sheets-3d-bedding-sets-quilt-duvet-cover-bed-in-a-leaf-of-bag-spread-bedspread-bedset-pillowcase-queen-size-double/,"Football Bed Sheets 3D Bedding Sets Quilt Duvet Cover Bed in A Leaf Of Bag Spread BedsPread Bedset Pillowcase Queen Size Double",2020/04/Football-Bed-Sheets-3D-Bedding-Sets-Quilt-Duvet-Cover-Bed-in-A-Leaf-Of-Bag-Spread.jpg
368364,https://wallcorners.com/product/3-4pcs-comforter-bedding-set-bed-linen-set-queen-king-duvets-linen-sets-flat-sheets-quilt-cover-pillowcase-home-decor-textile/,"3/4pcs comforter bedding set bed linen set Queen King Duvets &amp; linen sets flat sheets Quilt Cover Pillowcase Home decor Textile",2020/04/3-4pcs-comforter-bedding-set-bed-linen-set-Queen-King-Duvets-linen-sets-flat-sheets-Quilt.jpg
368389,https://wallcorners.com/product/acquard-queen-size-duvet-cover-set-silk-luxury-bedding-set-full-size-wedding-bedclothes-bed-linen-bed-set-quilt-cover/,"acquard queen size duvet cover set silk luxury bedding set Full size wedding bedclothes bed linen bed set quilt cover",2020/04/acquard-queen-size-duvet-cover-set-silk-luxury-bedding-set-Full-size-wedding-bedclothes-bed-linen.jpg
368575,https://wallcorners.com/product/50-bedding-set-luxury-flamingo-red-3-4pcs-family-set-sheet-duvet-cover-pillowcase-boy-room-flat-sheet-bed-set-pineapple/,"50 Bedding Set luxury Flamingo red 3/4pcs Family Set Sheet Duvet Cover Pillowcase Boy Room flat sheet, bed set pineapple",2020/04/50-Bedding-Set-luxury-Flamingo-red-3-4pcs-Family-Set-Sheet-Duvet-Cover-Pillowcase-Boy-Room.jpg
368589,https://wallcorners.com/product/usa-russian-cartoon-bedding-sets-soft-kids-duvet-cover-set-quilt-cover-bed-set-single-king-queen-double-bedclothes/,"USA Russian Cartoon Bedding Sets Soft Kids Duvet Cover Set Quilt cover Bed Set Single King Queen Double Bedclothes",2020/04/USA-Russian-Cartoon-Bedding-Sets-Soft-Kids-Duvet-Cover-Set-Quilt-cover-Bed-Set-Single-King.jpg
368816,https://wallcorners.com/product/2-3pcs-3d-duvet-cover-bedding-set-bed-quilt-cover-clothes-pillowcase-kids-bedroom-twin-full-queen-king-size-tiger/,"2/3pcs 3D Duvet Cover Bedding Set  Bed Quilt Cover Clothes Pillowcase Kids Bedroom Twin Full Queen King Size Tiger",2020/04/2-3pcs-3D-Duvet-Cover-Bedding-Set-Bed-Quilt-Cover-Clothes-Pillowcase-Kids-Bedroom-Twin-Full.jpg
368963,https://wallcorners.com/product/cartoon-cat-dog-bedding-sets-simple-cute-bed-linens-children-kids-duvet-cover-comforter-quilt-cover-bed-sheet-queen-king-size/,"Cartoon cat dog Bedding Sets simple cute Bed linens children kids Duvet Cover comforter Quilt cover Bed Sheet queen king size",2020/04/Cartoon-cat-dog-Bedding-Sets-simple-cute-Bed-linens-children-kids-Duvet-Cover-comforter-Quilt-cover.jpg
369313,https://wallcorners.com/product/cartoon-strawberry-bed-linens-home-textile-bedding-sets-cute-duvet-cover-set-bed-sheets-quilt-cover-aloe-cotton-single-king-zise/,"Cartoon strawberry bed linens home Textile bedding sets cute duvet cover set bed sheets quilt cover Aloe Cotton single king zise",2020/04/Cartoon-strawberry-bed-linens-home-Textile-bedding-sets-cute-duvet-cover-set-bed-sheets-quilt-cover.jpg
369318,https://wallcorners.com/product/3pcs-satin-silk-bedding-set-luxury-queen-king-size-bed-set-quilt-duvet-cover-linens-and-pillowcase-for-single-double-bedclothes-2/,"3pcs  Satin Silk Bedding Set Luxury Queen King Size Bed Set Quilt Duvet Cover Linens And Pillowcase For Single Double Bedclothes",2020/04/3pcs-Satin-Silk-Bedding-Set-Luxury-Queen-King-Size-Bed-Set-Quilt-Duvet-Cover-Linens-And.jpg
369320,https://wallcorners.com/product/classic-bed-linens-cute-smile-dot-bedding-set-home-textile-duvet-cover-gift-for-kids-girls-bed-sheet-quilt-cover-queen-king-size/,"Classic bed linens cute smile dot bedding set home Textile duvet cover gift for kids girls bed sheet quilt cover queen king size",2020/04/Classic-bed-linens-cute-smile-dot-bedding-set-home-Textile-duvet-cover-gift-for-kids-girls.jpg
369327,https://wallcorners.com/product/yuxiu-classic-bedding-sets-bird-pink-duvet-cover-flat-sheet-bed-linens-quilt-covers-linen-king-queen-double-single-size/,"YuXiu Classic Bedding Sets Bird Pink Duvet Cover Flat Sheet Bed Linens Quilt Covers linen King Queen Double Single Size",2020/04/YuXiu-Classic-Bedding-Sets-Bird-Pink-Duvet-Cover-Flat-Sheet-Bed-Linens-Quilt-Covers-linen-King.jpg
369494,https://wallcorners.com/product/wolf-skull-by-scandy-girl-bedding-set-floral-leaf-quilt-cover-animal-skeleton-gothic-bed-set-queen-3pcs-golden-luxury-bedspreads/,"Wolf Skull by Scandy Girl Bedding Set Floral Leaf Quilt Cover Animal Skeleton Gothic Bed Set Queen 3pcs Golden Luxury Bedspreads",2020/04/Wolf-Skull-by-Scandy-Girl-Bedding-Set-Floral-Leaf-Quilt-Cover-Animal-Skeleton-Gothic-Bed-Set.jpg
369536,https://wallcorners.com/product/mushroom-bed-linens-black-red-bedding-sets-cute-pattern-kids-duvet-cover-set-simple-quilt-cover-pillow-case-queen-king-size/,"mushroom bed linens black red Bedding Sets cute pattern kids Duvet Cover set simple Quilt cover pillow case Queen king size",2020/04/mushroom-bed-linens-black-red-Bedding-Sets-cute-pattern-kids-Duvet-Cover-set-simple-Quilt-cover.jpg
369570,https://wallcorners.com/product/3pcs-4pcs-flannel-bedding-set-high-quality-coral-fleece-velvet-solid-color-bed-sheet-quilt-cover-pillowcase-bed-linen-sets/,"3pcs/4pcs Flannel Bedding Set High Quality Coral Fleece Velvet Solid Color Bed Sheet Quilt Cover Pillowcase Bed Linen Sets",2020/04/3pcs-4pcs-Flannel-Bedding-Set-High-Quality-Coral-Fleece-Velvet-Solid-Color-Bed-Sheet-Quilt-Cover.jpg
369652,https://wallcorners.com/product/football-bed-sheets-3d-bedding-sets-quilt-duvet-cover-bed-in-a-leaf-of-bag-spread-bedspread-bedset-pillowcase-queen-size-double-2/,"Football Bed Sheets 3D Bedding Sets Quilt Duvet Cover Bed in A Leaf Of Bag Spread BedsPread Bedset Pillowcase Queen Size Double",2020/04/Football-Bed-Sheets-3D-Bedding-Sets-Quilt-Duvet-Cover-Bed-in-A-Leaf-Of-Bag-Spread-6.jpg
369715,https://wallcorners.com/product/high-quality-cheap-price-bed-set-3d-animal-quilt-cover-hot-sale-bedding-set-article-wolf-four-paper-set/,"High Quality Cheap Price Bed Set 3d Animal Quilt Cover Hot Sale Bedding Set Article Wolf Four Paper Set",2020/04/High-Quality-Cheap-Price-Bed-Set-3d-Animal-Quilt-Cover-Hot-Sale-Bedding-Set-Article-Wolf.jpg
369731,https://wallcorners.com/product/luxury-embroidery-bedding-set-beige-lace-ruffle-duvet-cover-wedding-decorative-textile-bed-sheet-coverlets-elegant-quilt-cover/,"Luxury Embroidery bedding set beige lace ruffle duvet cover wedding decorative textile bed sheet Coverlets elegant quilt cover",2020/04/Luxury-Embroidery-bedding-set-beige-lace-ruffle-duvet-cover-wedding-decorative-textile-bed-sheet-Coverlets-elegant.jpg
369733,https://wallcorners.com/product/oloey-100-cotton-bedding-sets-luxury-duvet-cover-king-queen-size-quilt-cover-brief-bedclothes-comforter-bed-set/,"OLOEY 100% cotton Bedding Sets luxury Duvet Cover King Queen Size Quilt Cover Brief Bedclothes Comforter bed set",2020/04/OLOEY-100-cotton-Bedding-Sets-luxury-Duvet-Cover-King-Queen-Size-Quilt-Cover-Brief-Bedclothes-Comforter.jpg
369759,https://wallcorners.com/product/yaxinlan-bedding-set-pure-cotton-pure-color-luxury-hotel-style-satin-like-bed-sheet-quilt-cover-pillowcase-6pcs-new-product-2019/,"YAXINLAN bedding set Pure cotton Pure color luxury Hotel style satin-like Bed sheet quilt cover pillowcase 6pcs new product 2019",2020/04/YAXINLAN-bedding-set-Pure-cotton-Pure-color-luxury-Hotel-style-satin-like-Bed-sheet-quilt-cover.jpg
369987,https://wallcorners.com/product/home-textile-3d-rose-flowers-printing-bedding-set-2-3pcs-quilt-duvet-cover-pillowcases-bed-linen-bedroom-decorations-bedclothes/,"Home Textile 3D Rose Flowers Printing Bedding Set 2/3pcs Quilt Duvet Cover Pillowcases Bed Linen Bedroom Decorations Bedclothes",2020/04/Home-Textile-3D-Rose-Flowers-Printing-Bedding-Set-2-3pcs-Quilt-Duvet-Cover-Pillowcases-Bed-Linen.jpg
369999,https://wallcorners.com/product/beddingoutlet-chocolate-bedding-set-sweet-candy-duvet-cover-queen-red-lips-girls-quilt-cover-dessert-bed-set-3pcs-parrure-de-lit/,"BeddingOutlet Chocolate Bedding Set Sweet Candy Duvet Cover Queen Red Lips Girls Quilt Cover Dessert Bed Set 3pcs parrure de lit",2020/04/BeddingOutlet-Chocolate-Bedding-Set-Sweet-Candy-Duvet-Cover-Queen-Red-Lips-Girls-Quilt-Cover-Dessert-Bed.jpg
370003,https://wallcorners.com/product/yuxiu-luxury-european-bed-linens-quilt-duvet-cover-set-designer-bedding-sets-full-double-queen-king-size-home-textiles/,"YuXiu Luxury European Bed Linens Quilt Duvet Cover Set Designer Bedding Sets Full Double Queen King Size Home Textiles",2020/04/YuXiu-Luxury-European-Bed-Linens-Quilt-Duvet-Cover-Set-Designer-Bedding-Sets-Full-Double-Queen-King.jpg
370011,https://wallcorners.com/product/cotton-bedding-set-princess-wind-bed-skirt-blue-flower-quilt-ruffle-lotus-leaf-bedspread-pillow-cover-hm-06f/,"Cotton bedding set princess wind bed skirt blue flower quilt ruffle Lotus leaf bedspread pillow cover HM-06F",2020/04/Cotton-bedding-set-princess-wind-bed-skirt-blue-flower-quilt-ruffle-Lotus-leaf-bedspread-pillow-cover.jpg
370044,https://wallcorners.com/product/beddingoutlet-sugar-skull-bedding-set-pink-purple-floral-comforter-cover-queen-gothic-quilt-cover-black-bed-set-beddengoed-3pcs/,"BeddingOutlet Sugar Skull Bedding Set Pink Purple Floral Comforter Cover Queen Gothic Quilt Cover Black Bed Set Beddengoed 3pcs",2020/04/BeddingOutlet-Sugar-Skull-Bedding-Set-Pink-Purple-Floral-Comforter-Cover-Queen-Gothic-Quilt-Cover-Black-Bed.jpg
370075,https://wallcorners.com/product/3d-football-soccer-sports-bedclothes-boys-students-quilt-comforter-cover-twin-king-size-bedding-set-adults-bed-duvet-cover-set/,"3D Football Soccer Sports Bedclothes Boys Students Quilt Comforter Cover Twin King Size Bedding Set Adults Bed Duvet Cover Set",2020/04/3D-Football-Soccer-Sports-Bedclothes-Boys-Students-Quilt-Comforter-Cover-Twin-King-Size-Bedding-Set-Adults.jpg
370160,https://wallcorners.com/product/euorpean-design-velvet-bedding-set-plush-sheet-sheet-quilt-cover-four-pieces-a-set-home-textile-king-size-bed-set-bedclothes/,"Euorpean Design Velvet Bedding Set Plush Sheet Sheet Quilt Cover Four Pieces A Set Home Textile King Size Bed Set Bedclothes",2020/04/Euorpean-Design-Velvet-Bedding-Set-Plush-Sheet-Sheet-Quilt-Cover-Four-Pieces-A-Set-Home-Textile.jpg
370162,https://wallcorners.com/product/cute-bedding-sets-3-4pcs-duvet-cover-bed-sheet-pillowcases-bedding-set/,"Cute Bedding Sets 3/4pcs Duvet Cover Bed Sheet Pillowcases Bedding Set",2020/04/Cute-Bedding-Sets-3-4pcs-Duvet-Cover-Bed-Sheet-Pillowcases-Bedding-Set.jpg
370184,https://wallcorners.com/product/oloey-home-textile-solid-color-pure-satin-silk-bedding-set-king-queen-size-bed-set-duvet-cover-sheet-flat-sheet-bed-romantic/,"OLOEY home textile solid color pure satin silk bedding set King queen size bed set duvet cover sheet flat sheet bed romantic",2020/04/OLOEY-home-textile-solid-color-pure-satin-silk-bedding-set-King-queen-size-bed-set-duvet.jpg
370189,https://wallcorners.com/product/custom-made-peach-skin-material-japan-anime-bed-sheet-or-duvet-cover-with-two-pillow-cases-bedding-linen/,"Custom Made Peach Skin Material Japan Anime Bed Sheet or Duvet Cover with Two Pillow cases bedding Linen",2020/04/Custom-Made-Peach-Skin-Material-Japan-Anime-Bed-Sheet-or-Duvet-Cover-with-Two-Pillow-cases.jpg
370192,https://wallcorners.com/product/hot-sale-digital-printing-white-tiger-bed-sheet-cover-3d-bedding-four-sets-of-home-textiles/,"Hot Sale Digital Printing White Tiger Bed Sheet Cover 3D Bedding Four Sets Of Home Textiles",2020/04/Hot-Sale-Digital-Printing-White-Tiger-Bed-Sheet-Cover-3D-Bedding-Four-Sets-Of-Home-Textiles.jpg
370193,https://wallcorners.com/product/gray-black-luxury-fleece-fabric-bedding-sets-queen-king-size-embroidery-bed-duvet-cover-bed-sheets-linen-set/,"Gray black Luxury Fleece fabric Bedding sets Queen King size Embroidery Bed Duvet cover Bed sheets linen set",2020/04/Gray-black-Luxury-Fleece-fabric-Bedding-sets-Queen-King-size-Embroidery-Bed-Duvet-cover-Bed-sheets.jpg
370356,https://wallcorners.com/product/4pcs-bedding-set-simple-printing-quilt-duvet-cover-pillow-case-bed-sheet-cover-home-textiles-bedding-set/,"4pcs Bedding Set Simple Printing Quilt Duvet Cover Pillow Case Bed Sheet Cover Home Textiles Bedding Set",2020/04/4pcs-Bedding-Set-Simple-Printing-Quilt-Duvet-Cover-Pillow-Case-Bed-Sheet-Cover-Home-Textiles-Bedding.jpg
370364,https://wallcorners.com/product/sports-department-world-cup-football-quilt-set-bedding-explosion-3d-single-bed/,"Sports Department World Cup Football Quilt Set Bedding Explosion 3d Single Bed",2020/04/Sports-Department-World-Cup-Football-Quilt-Set-Bedding-Explosion-3d-Single-Bed.jpg
370399,https://wallcorners.com/product/home-textile-stripe-bedding-sets-polyester-no-sheets-3pcs-comforter-queen-bedding-set-stitch-quilt-cover-pillowcase-bed-sets/,"Home Textile Stripe Bedding Sets Polyester No Sheets 3pcs Comforter Queen Bedding Set Stitch Quilt Cover Pillowcase Bed Sets",2020/04/Home-Textile-Stripe-Bedding-Sets-Polyester-No-Sheets-3pcs-Comforter-Queen-Bedding-Set-Stitch-Quilt-Cover.jpg
370761,https://wallcorners.com/product/cotton-bedding-set-satin-strip-luxury-soft-bed-linens-duvet-cover-and-pillowcases-comforter-bedding-sets-queen-king-size/,"Cotton Bedding Set Satin Strip Luxury Soft Bed Linens Duvet Cover And Pillowcases Comforter Bedding Sets Queen King Size",2020/04/Cotton-Bedding-Set-Satin-Strip-Luxury-Soft-Bed-Linens-Duvet-Cover-And-Pillowcases-Comforter-Bedding-Sets.jpg
370767,https://wallcorners.com/product/promotion-football-bed-sheets-3d-bedding-sets-quilt-duvet-cover-bed-in-a-leaf-of-bag-spread-bedspread-bedset-pillowcase-queen-s/,"Promotion! Football Bed Sheets 3D Bedding Sets Quilt Duvet Cover Bed in A Leaf Of Bag Spread BedsPread Bedset Pillowcase Queen S",2020/04/Promotion-Football-Bed-Sheets-3D-Bedding-Sets-Quilt-Duvet-Cover-Bed-in-A-Leaf-Of-Bag.jpg
370774,https://wallcorners.com/product/bedding-sets-3d-quilt-duvet-cover-pillow-cases-set-size-twin-queen-animal-tiger-pattern-bedroom-bedding-bed-linen-home-textiles/,"Bedding Sets 3D Quilt Duvet Cover Pillow Cases Set Size Twin Queen Animal Tiger Pattern Bedroom Bedding Bed Linen home Textiles",2020/04/Bedding-Sets-3D-Quilt-Duvet-Cover-Pillow-Cases-Set-Size-Twin-Queen-Animal-Tiger-Pattern-Bedroom.jpg
370776,https://wallcorners.com/product/high-quality-christmas-style-bedding-set-duvet-coverbed-sheetpillowcase-no-quilt/,"High-quality Christmas style bedding set duvet cover+Bed sheet+Pillowcase No quilt",2020/04/High-quality-Christmas-style-bedding-set-duvet-cover-Bed-sheet-Pillowcase-No-quilt.jpg
370783,https://wallcorners.com/product/quality-bedding-set-linens-duvet-cover-2-3-pcs-king-queen-size-solid-color-bedclothes-comforter-quilt-cover-pillowcase-bed-sets/,"Quality Bedding Set Linens Duvet Cover 2/3 Pcs King Queen Size Solid Color Bedclothes Comforter Quilt Cover Pillowcase Bed Sets",2020/04/Quality-Bedding-Set-Linens-Duvet-Cover-2-3-Pcs-King-Queen-Size-Solid-Color-Bedclothes-Comforter.jpg
370799,https://wallcorners.com/product/fuya-lover-black-white-his-and-her-side-queen-king-bed-size-3-4-piece-duvet-quilt-cover-bedding-set/,"FUYA Lover Black/White His and Her Side Queen King Bed Size 3/4-Piece Duvet Quilt Cover Bedding Set",2020/04/FUYA-Lover-Black-White-His-and-Her-Side-Queen-King-Bed-Size-3-4-Piece-Duvet.jpg
370985,https://wallcorners.com/product/digyhome-4pcs-flannel-bedding-set-high-quality-coral-fleece-velvet-solid-color-bed-sheet-quilt-cover-pillowcase-bed-linen-set/,"DIGYHOME 4pcs Flannel Bedding Set High Quality Coral Fleece Velvet Solid Color Bed Sheet Quilt Cover Pillowcase Bed Linen Set",2020/04/DIGYHOME-4pcs-Flannel-Bedding-Set-High-Quality-Coral-Fleece-Velvet-Solid-Color-Bed-Sheet-Quilt-Cover.jpg
371054,https://wallcorners.com/product/constellation-3-4pcs-modern-bedding-set-quilt-cover-bed-cover-flat-sheet-pillow-cases-bedding-linen-set/,"constellation 3/4pcs modern bedding set  Quilt Cover Bed Cover Flat Sheet Pillow Cases Bedding Linen Set",2020/04/constellation-3-4pcs-modern-bedding-set-Quilt-Cover-Bed-Cover-Flat-Sheet-Pillow-Cases-Bedding-Linen.jpg
371092,https://wallcorners.com/product/4pcs-3d-cartoon-bedding-sets-merry-christmas-gift-santa-claus-bedclothes-duvet-quilt-cover-bed-sheet-pillowcases-new-year-linens/,"4pcs 3D Cartoon Bedding Sets Merry Christmas Gift Santa Claus Bedclothes Duvet Quilt Cover Bed Sheet Pillowcases New Year linens",2020/04/4pcs-3D-Cartoon-Bedding-Sets-Merry-Christmas-Gift-Santa-Claus-Bedclothes-Duvet-Quilt-Cover-Bed-Sheet.jpg
371099,https://wallcorners.com/product/yuxiu-luxury-european-bed-linens-quilt-duvet-cover-set-3pcs-bedding-sets-full-double-queen-king-size-home-textiles-200x200/,"YuXiu Luxury European Bed Linens Quilt Duvet Cover Set 3pcs Bedding Sets Full Double Queen King Size Home Textiles 200x200",2020/04/YuXiu-Luxury-European-Bed-Linens-Quilt-Duvet-Cover-Set-3pcs-Bedding-Sets-Full-Double-Queen-King.jpg
371117,https://wallcorners.com/product/solstice-home-textile-cross-stripes-style-100cotton-4pcs-bedding-sets-fashion-casual-bed-linen-quilt-duvet-cover-bed-sheet/,"Solstice Home Textile Cross Stripes Style 100%cotton 4pcs Bedding Sets Fashion Casual Bed Linen Quilt/duvet Cover Bed Sheet",2020/04/Solstice-Home-Textile-Cross-Stripes-Style-100-cotton-4pcs-Bedding-Sets-Fashion-Casual-Bed-Linen-Quilt.jpg
371128,https://wallcorners.com/product/orange-bedding-sheet-set-single-twin-full-queen-king-size-bedclothes-bed-set-bedspreads-no-quilt/,"orange bedding sheet set single Twin full queen king size bedclothes bed set bedspreads No quilt",2020/04/orange-bedding-sheet-set-single-Twin-full-queen-king-size-bedclothes-bed-set-bedspreads-No-quilt.jpg
371132,https://wallcorners.com/product/luxury-black-bedding-sets-silk-cotton-jacquard-queen-king-size-duvet-cover-set-wedding-bedclothes-fitted-bed-linen-quilt-cover/,"Luxury black Bedding Sets silk cotton Jacquard Queen/King Size Duvet Cover Set wedding Bedclothes /fitted Bed Linen Quilt Cover",2020/04/Luxury-black-Bedding-Sets-silk-cotton-Jacquard-Queen-King-Size-Duvet-Cover-Set-wedding-Bedclothes-fitted.jpg
371618,https://wallcorners.com/product/black-satin-luxury-bedding-set-3pcs-quilts-comforter-duvet-cover-pillowcase-king-queen-size-double-bed-silk-feeling/,"Black Satin Luxury Bedding Set 3pcs Quilts Comforter Duvet Cover Pillowcase King Queen Size Double Bed Silk Feeling",2020/04/Black-Satin-Luxury-Bedding-Set-3pcs-Quilts-Comforter-Duvet-Cover-Pillowcase-King-Queen-Size-Double-Bed.jpg
371635,https://wallcorners.com/product/ahsnme-geek-chemical-formula-quilt-cover-set-white-black-bedding-set-carbon-oxygen-equals-carbon-dioxide-customized-king-bed/,"AHSNME GEEK Chemical Formula Quilt cover Set White + Black Bedding Set Carbon + Oxygen equals Carbon Dioxide Customized King Bed",2020/04/AHSNME-GEEK-Chemical-Formula-Quilt-cover-Set-White-Black-Bedding-Set-Carbon-Oxygen-equals-Carbon-Dioxide.jpg
372441,https://wallcorners.com/product/ahsnme-school-college-geek-quilt-cover-set-physical-mathematical-formula-bedding-set-circuit-diagram-customized-king-bed-set/,"AHSNME School College GEEK Quilt cover Set Physical Mathematical Formula Bedding Set Circuit Diagram Customized King Bed Set",2020/04/AHSNME-School-College-GEEK-Quilt-cover-Set-Physical-Mathematical-Formula-Bedding-Set-Circuit-Diagram-Customized-King.jpg
372487,https://wallcorners.com/product/romantic-pink-bedding-set-elegant-ruffles-edge-duvet-cover-set-2pcs-3pcs-bed-linen-quilt-cover-twin-queen-king-wedding-gift/,"Romantic Pink Bedding Set Elegant Ruffles Edge Duvet Cover Set 2pcs/3pcs Bed Linen Quilt Cover Twin Queen King Wedding Gift",2020/04/Romantic-Pink-Bedding-Set-Elegant-Ruffles-Edge-Duvet-Cover-Set-2pcs-3pcs-Bed-Linen-Quilt-Cover.jpg
372526,https://wallcorners.com/product/beddingoutlet-moon-eclipse-changing-bedding-set-galaxy-printed-quilt-cover-with-pillowcases-3d-landscape-bed-set-3-piece/,"BeddingOutlet Moon Eclipse Changing Bedding Set Galaxy Printed Quilt Cover With Pillowcases 3D Landscape Bed Set 3-Piece",2020/04/BeddingOutlet-Moon-Eclipse-Changing-Bedding-Set-Galaxy-Printed-Quilt-Cover-With-Pillowcases-3D-Landscape-Bed-Set.jpg
372533,https://wallcorners.com/product/home-textiles-quilt-cover-1pcs-pillow-case-2pcs-winter-bedding-sets-soft-warm-lamb-cashmere-duvet-cover-solid-fleece-bed-cover/,"Home Textiles Quilt Cover 1pcs Pillow Case 2pcs Winter bedding sets soft warm lamb cashmere duvet cover solid fleece bed cover",2020/04/Home-Textiles-Quilt-Cover-1pcs-Pillow-Case-2pcs-Winter-bedding-sets-soft-warm-lamb-cashmere-duvet.jpg
372563,https://wallcorners.com/product/100-cotton-lace-trim-bedding-set-gray-brown-duvet-quilt-cover-bed-fitted-sheet-set-ropa-de-cama-parrure-de-lit-bedding-set/,"100% Cotton Lace Trim Bedding Set Gray Brown Duvet/Quilt Cover Bed Fitted Sheet Set Ropa De Cama Parrure De Lit Bedding Set",2020/04/100-Cotton-Lace-Trim-Bedding-Set-Gray-Brown-Duvet-Quilt-Cover-Bed-Fitted-Sheet-Set-Ropa.jpg
372575,https://wallcorners.com/product/colorful-geometric-print-bedding-set-quilt-cover-set-striped-bed-sheet-pillowcase-women-bedclothes-home-textiles-3-4-pieces/,"Colorful Geometric Print Bedding Set Quilt Cover Set Striped Bed Sheet Pillowcase Women Bedclothes Home Textiles 3/4 Pieces",2020/04/Colorful-Geometric-Print-Bedding-Set-Quilt-Cover-Set-Striped-Bed-Sheet-Pillowcase-Women-Bedclothes-Home-Textiles.jpg
372582,https://wallcorners.com/product/contracted-printing-duvet-cover-sets-king-activity-bedding-sets-ru-usa-eu-sizequilt-cover-sheet-set-bedroom-bedding-bed-linen/,"contracted Printing Duvet Cover Sets King Activity Bedding sets RU USA  EU  Size,Quilt cover Sheet Set Bedroom Bedding Bed Linen",2020/04/contracted-Printing-Duvet-Cover-Sets-King-Activity-Bedding-sets-RU-USA-EU-Size-Quilt-cover-Sheet.jpg
372732,https://wallcorners.com/product/100-washed-cotton-bedding-set-40s-13372-yarn-dyed-plaid-style-bed-sheet-quilt-cover-pillowcase-3-4pcs-bed-linen-set/,"100% Washed Cotton Bedding Set 40S 133*72 Yarn-Dyed Plaid style Bed Sheet Quilt Cover Pillowcase 3-4pcs Bed Linen Set",2020/04/100-Washed-Cotton-Bedding-Set-40S-133-72-Yarn-Dyed-Plaid-style-Bed-Sheet-Quilt-Cover.jpg
372761,https://wallcorners.com/product/luxury-egyptian-cotton-sunflower-bedlinen-bedding-set-duvet-cover-bed-sheet-fitted-sheet-pillow-quilt-cover-twin-queen-king-size/,"Luxury egyptian cotton Sunflower bedlinen bedding set duvet cover bed sheet/fitted sheet pillow Quilt cover Twin/Queen/king Size",2020/04/Luxury-egyptian-cotton-Sunflower-bedlinen-bedding-set-duvet-cover-bed-sheet-fitted-sheet-pillow-Quilt-cover.jpg
372803,https://wallcorners.com/product/sweet-romantic-princess-bedding-set-lace-quilted-duvet-cover-yarn-bed-skirt-bow-wedding-decoration-quality-bed-sheet-bedspread/,"Sweet romantic princess bedding set lace quilted duvet cover yarn bed skirt bow wedding decoration quality bed sheet bedspread",2020/04/Sweet-romantic-princess-bedding-set-lace-quilted-duvet-cover-yarn-bed-skirt-bow-wedding-decoration-quality.jpg
372805,https://wallcorners.com/product/luxury-embroidery-bedding-set-romantic-lace-ruffle-duvet-cover-wedding-decorative-textile-bed-sheet-coverlet-elegant-quilt-cover/,"Luxury Embroidery bedding set Romantic lace ruffle duvet cover wedding decorative textile bed sheet Coverlet elegant quilt cover",2020/04/Luxury-Embroidery-bedding-set-Romantic-lace-ruffle-duvet-cover-wedding-decorative-textile-bed-sheet-Coverlet-elegant.jpg
372823,https://wallcorners.com/product/yaxinlan-bedding-set-pure-color-flowers-european-style-pure-cotton-embroidery-bed-sheet-quilt-cover-pillowcase-6pcs-new-product/,"YAXINLAN bedding set Pure color Flowers European style Pure cotton Embroidery Bed sheet, quilt cover pillowcase 6pcs new product",2020/04/YAXINLAN-bedding-set-Pure-color-Flowers-European-style-Pure-cotton-Embroidery-Bed-sheet-quilt-cover-pillowcase.jpg
373164,https://wallcorners.com/product/new-lamb-velvet-fabric-elk-bedding-sets-christmas-bed-set-double-twin-queen-size-bed-cover-set-bed-sheet-set-pillowcase/,"New lamb velvet fabric elk bedding sets Christmas bed set double Twin queen size bed cover set bed sheet set pillowcase",2020/04/New-lamb-velvet-fabric-elk-bedding-sets-Christmas-bed-set-double-Twin-queen-size-bed-cover.jpg
373168,https://wallcorners.com/product/japanese-anime-bedding-set-eromanga-sense-izumi-sagiri-printed-with-pillow-cases-duvet-cover-set-cartoon-bed-set-dropshipping/,"Japanese Anime bedding set eromanga sense Izumi Sagiri printed  With  Pillow Cases  Duvet Cover Set cartoon bed set dropshipping",2020/04/Japanese-Anime-bedding-set-eromanga-sense-Izumi-Sagiri-printed-With-Pillow-Cases-Duvet-Cover-Set-cartoon.jpg
373173,https://wallcorners.com/product/sports-style-bedding-sets-sham-thick-flannel-duvet-cover-set-winter-warm-bedsheet-queen-king-size-bed-set/,"Sports style bedding sets Sham thick flannel duvet cover set winter warm bedsheet queen king size Bed set",2020/04/Sports-style-bedding-sets-Sham-thick-flannel-duvet-cover-set-winter-warm-bedsheet-queen-king-size.jpg
373177,https://wallcorners.com/product/planetarian-yumemi-hoshino-japanese-anime-bed-sheet-or-duvet-cover-with-two-pillow-cases-bedding-linen/,"Planetarian Yumemi Hoshino Japanese Anime Bed Sheet or Duvet Cover with Two Pillow cases bedding Linen",2020/04/Planetarian-Yumemi-Hoshino-Japanese-Anime-Bed-Sheet-or-Duvet-Cover-with-Two-Pillow-cases-bedding-Linen.jpg
373180,https://wallcorners.com/product/japanese-anime-re-zero-kara-hajimeru-isekai-seikatsu-emilia-bed-sheet-or-duvet-cover-with-two-pillow-cases-bedding-linen/,"Japanese Anime Re Zero kara Hajimeru Isekai Seikatsu Emilia Bed Sheet or Duvet Cover with Two Pillow cases bedding Linen",2020/04/Japanese-Anime-Re-Zero-kara-Hajimeru-Isekai-Seikatsu-Emilia-Bed-Sheet-or-Duvet-Cover-with-Two.jpg
373235,https://wallcorners.com/product/touhou-project-remilia-scarlet-flandre-japanese-anime-bed-sheet-or-duvet-cover-with-two-pillow-cases-bedding-linen-cp160603/,"Touhou Project Remilia Scarlet Flandre Japanese Anime Bed Sheet or Duvet Cover with Two Pillow cases bedding Linen CP160603",2020/04/Touhou-Project-Remilia-Scarlet-Flandre-Japanese-Anime-Bed-Sheet-or-Duvet-Cover-with-Two-Pillow-cases.jpg
373298,https://wallcorners.com/product/yaxinlan-fashion-bedding-set-pure-cotton-a-b-double-sided-pattern-simplicity-bed-sheet-quilt-cover-pillowcase-4-7pcs/,"YAXINLAN fashion bedding set Pure cotton A/B double-sided pattern  Simplicity Bed sheet, quilt cover pillowcase 4-7pcs",2020/04/YAXINLAN-fashion-bedding-set-Pure-cotton-A-B-double-sided-pattern-Simplicity-Bed-sheet-quilt-cover.jpg
373313,https://wallcorners.com/product/hot-100-pure-satin-silk-bedding-sethome-textile-king-size-bed-setbedclothesduvet-cover-flat-sheet-pillowcases-wholesale/,"HOT! 100% pure satin silk bedding set,Home Textile King size bed set,bedclothes,duvet cover flat sheet pillowcases Wholesale",2020/04/HOT-100-pure-satin-silk-bedding-set-Home-Textile-King-size-bed-set-bedclothes-duvet-cover.jpg
373359,https://wallcorners.com/product/new2020-100-pure-satin-silk-bedding-sethome-textile-king-size-bed-setbeddingduvet-cover-flat-sheet-pillowcases-wholesale/,"new2020 100% pure satin silk bedding set,Home Textile King size bed set,bedding,duvet cover flat sheet pillowcases Wholesale",2020/04/new2020-100-pure-satin-silk-bedding-set-Home-Textile-King-size-bed-set-bedding-duvet-cover.jpg
373418,https://wallcorners.com/product/4pcs-satin-silk-bedding-set-luxury-queen-king-size-bed-set-quilt-duvet-cover-linens-and-pillowcase-for-single-double-bedclothes-2/,"4pcs  Satin Silk Bedding Set Luxury Queen King Size Bed Set Quilt Duvet Cover Linens And Pillowcase For Single Double Bedclothes",2020/04/4pcs-Satin-Silk-Bedding-Set-Luxury-Queen-King-Size-Bed-Set-Quilt-Duvet-Cover-Linens-And-6.jpg
373434,https://wallcorners.com/product/home-textiles-quilt-cover-1pcs-pillow-case-2pcs-winter-bedding-sets-soft-warm-lamb-cashmere-duvet-cover-solid-fleece-bed-cover-2/,"Home Textiles Quilt Cover 1pcs Pillow Case 2pcs Winter bedding sets soft warm lamb cashmere duvet cover solid fleece bed cover",2020/04/Home-Textiles-Quilt-Cover-1pcs-Pillow-Case-2pcs-Winter-bedding-sets-soft-warm-lamb-cashmere-duvet-6.jpg
373756,https://wallcorners.com/product/3d-dark-cat-bedding-set-animal-bed-linens-duvet-cover-home-textiles-luxury-bedclothes-quilt-cover-black-single-king-size/,"3D Dark cat Bedding Set animal bed linens Duvet Cover  Home Textiles luxury Bedclothes quilt cover black single king size",2020/04/3D-Dark-cat-Bedding-Set-animal-bed-linens-Duvet-Cover-Home-Textiles-luxury-Bedclothes-quilt-cover.jpg
373804,https://wallcorners.com/product/home-textiles-quilt-cover-1pcs-pillow-case-2pcs-winter-bedding-sets-soft-warm-lamb-cashmere-duvet-cover-solid-fleece-bed-cover-3/,"Home Textiles Quilt Cover 1pcs Pillow Case 2pcs Winter bedding sets soft warm lamb cashmere duvet cover solid fleece bed cover",2020/04/Home-Textiles-Quilt-Cover-1pcs-Pillow-Case-2pcs-Winter-bedding-sets-soft-warm-lamb-cashmere-duvet-12.jpg
374140,https://wallcorners.com/product/4pcs-set-bohemian-oriental-mandala-beding-set-eid-linens-pillow-cover-bed-sheet-quilt-duvet-cover-set-flat-sheet-bedding-set/,"4pcs/set Bohemian Oriental Mandala beding set eid linens pillow cover bed sheet Quilt Duvet Cover Set Flat Sheet bedding set",2020/04/4pcs-set-Bohemian-Oriental-Mandala-beding-set-eid-linens-pillow-cover-bed-sheet-Quilt-Duvet-Cover.jpg
374153,https://wallcorners.com/product/4-pcs-set-bedclothes-bedding-set-with-pillowcase-duvet-cover-sets-bed-linen-single-double-full-king-size-covers/,"4 pcs/set Bedclothes Bedding Set With Pillowcase Duvet Cover Sets Bed Linen Single Double Full King Size Covers",2020/04/4-pcs-set-Bedclothes-Bedding-Set-With-Pillowcase-Duvet-Cover-Sets-Bed-Linen-Single-Double-Full.jpg
374884,https://wallcorners.com/product/srcoi-circle-wide-square-knuckle-vintage-ring-gold-color-minimalist-geometric-personality-exaggerated-finger-ring-trendy-new/,"SRCOI Circle Wide Square Knuckle Vintage Ring Gold Color Minimalist Geometric Personality Exaggerated Finger Ring Trendy  New",2020/04/SRCOI-Circle-Wide-Square-Knuckle-Vintage-Ring-Gold-Color-Minimalist-Geometric-Personality-Exaggerated-Finger-Ring-Trendy-5.jpg
374889,https://wallcorners.com/product/obsede-trendy-men-square-black-red-stone-ring-titanium-steel-retro-signet-ring-rock-punk-male-jewelry-accessories-boyfriend-gift/,"OBSEDE Trendy Men Square Black Red Stone Ring Titanium Steel Retro Signet Ring Rock Punk Male Jewelry Accessories Boyfriend Gift",2020/04/OBSEDE-Trendy-Men-Square-Black-Red-Stone-Ring-Titanium-Steel-Retro-Signet-Ring-Rock-Punk-Male-6.jpg
375009,https://wallcorners.com/product/baby-bed-hanging-storage-bag-cotton-newborn-crib-organizer-toy-diaper-pocket-for-crib-bedding-set-accessories-nappy-store-bags/,"Baby Bed Hanging Storage Bag Cotton Newborn Crib Organizer Toy Diaper Pocket for Crib Bedding Set Accessories nappy store bags",2020/04/Baby-Bed-Hanging-Storage-Bag-Cotton-Newborn-Crib-Organizer-Toy-Diaper-Pocket-for-Crib-Bedding-Set.jpg
375017,https://wallcorners.com/product/storage-bag-clothes-organizer-household-quilt-bed-storage-drawstring-bag-large-baby-toys-storage-bags-peva-material-waterproof/,"Storage Bag Clothes Organizer Household Quilt Bed Storage Drawstring Bag Large Baby Toys Storage Bags PEVA Material Waterproof",2020/04/Storage-Bag-Clothes-Organizer-Household-Quilt-Bed-Storage-Drawstring-Bag-Large-Baby-Toys-Storage-Bags-PEVA.jpg
375018,https://wallcorners.com/product/chinese-style-duvet-cover-set-bed-linens-pillowcase-3pcs-bedding-setcomforter-quilt-blanket-case-twin-queen-king-double-single/,"CHINESE STYLE Duvet Cover Set Bed Linens Pillowcase 3pcs Bedding Set,Comforter/Quilt/Blanket case Twin Queen King double single",2020/04/CHINESE-STYLE-Duvet-Cover-Set-Bed-Linens-Pillowcase-3pcs-Bedding-Set-Comforter-Quilt-Blanket-case-Twin.jpg
375020,https://wallcorners.com/product/fitted-device-bed-sheets-clip-slip-resistant-belt-elastic-4pcs-bedding-bedspread-bed-sheets-buckle-table-cloth-best-selling/,"Fitted Device Bed Sheets Clip Slip-Resistant Belt Elastic 4PCS Bedding Bedspread Bed Sheets Buckle Table Cloth Best Selling",2020/04/Fitted-Device-Bed-Sheets-Clip-Slip-Resistant-Belt-Elastic-4PCS-Bedding-Bedspread-Bed-Sheets-Buckle-Table.jpg
375097,https://wallcorners.com/product/promotion-muslin-tree-baby-cot-bed-hanging-storage-bag-100cotton-crib-organizer-toy-diaper-pocket-for-crib-bedding-sets/,"Promotion Muslin tree Baby Cot Bed Hanging Storage Bag 100%Cotton Crib Organizer Toy Diaper Pocket for Crib Bedding Sets",2020/04/Promotion-Muslin-tree-Baby-Cot-Bed-Hanging-Storage-Bag-100-Cotton-Crib-Organizer-Toy-Diaper-Pocket.jpg
375117,https://wallcorners.com/product/foldable-storage-bag-home-organizer-clothes-divider-container-blanket-quilt-bed-under-closet-storage-bag-organiser-packaging/,"Foldable Storage Bag Home Organizer Clothes Divider Container Blanket Quilt Bed Under Closet Storage Bag Organiser Packaging",2020/04/Foldable-Storage-Bag-Home-Organizer-Clothes-Divider-Container-Blanket-Quilt-Bed-Under-Closet-Storage-Bag-Organiser.jpg
375246,https://wallcorners.com/product/3pcs-set-baby-bedding-set-pure-cotton-cartoon-pattern-crib-kit-including-pillowcase-quilt-cover-sheet-newborn-cotton-bedding-set/,"3Pcs/Set Baby Bedding Set Pure Cotton Cartoon Pattern Crib Kit Including Pillowcase Quilt Cover Sheet Newborn Cotton Bedding Set",2020/04/3Pcs-Set-Baby-Bedding-Set-Pure-Cotton-Cartoon-Pattern-Crib-Kit-Including-Pillowcase-Quilt-Cover-Sheet.jpg
375271,https://wallcorners.com/product/baby-bedding-set-african-lion-baby-crib-bedding-set-for-girl-boy-baby-bed-set-quilt-mattress-crib-skirt-crib-protector-bumpers/,"Baby Bedding Set African Lion Baby Crib Bedding Set for Girl Boy Baby Bed Set Quilt Mattress Crib Skirt Crib Protector Bumpers",2020/04/Baby-Bedding-Set-African-Lion-Baby-Crib-Bedding-Set-for-Girl-Boy-Baby-Bed-Set-Quilt.jpg
375331,https://wallcorners.com/product/baby-bed-hanging-storage-bag-cotton-newborn-crib-organizer-toy-diaper-pocket-for-crib-bedding-set-accessories-3068cm/,"Baby Bed Hanging Storage Bag Cotton Newborn Crib Organizer Toy Diaper Pocket for Crib Bedding Set Accessories 30*68cm",2020/04/Baby-Bed-Hanging-Storage-Bag-Cotton-Newborn-Crib-Organizer-Toy-Diaper-Pocket-for-Crib-Bedding-Set-6.jpg
375346,https://wallcorners.com/product/baby-bedding-set-plant-printing-quilt-bed-cover-crib-sheets-crib-skirt-bumper-polyester-cotton-quilt-baby-bedding-set/,"Baby Bedding Set Plant Printing Quilt Bed Cover Crib Sheets Crib Skirt Bumper Polyester Cotton Quilt Baby Bedding Set",2020/04/Baby-Bedding-Set-Plant-Printing-Quilt-Bed-Cover-Crib-Sheets-Crib-Skirt-Bumper-Polyester-Cotton-Quilt.jpg
375377,https://wallcorners.com/product/newborns-baby-100-cotton-cartoon-pattern-animal-baby-crib-bedding-sets-soft-breathable-baby-bed-sheet-quilt-bed-skirt-unisex/,"Newborns Baby 100% Cotton Cartoon Pattern Animal Baby Crib Bedding Sets Soft Breathable Baby Bed Sheet Quilt Bed Skirt Unisex",2020/04/Newborns-Baby-100-Cotton-Cartoon-Pattern-Animal-Baby-Crib-Bedding-Sets-Soft-Breathable-Baby-Bed-Sheet.jpg
375415,https://wallcorners.com/product/bed-hanging-storage-bag-baby-cot-bed-brand-baby-cotton-crib-organizer-5060cm-toy-diaper-pocket-for-crib-bedding-set/,"Bed Hanging Storage Bag Baby Cot Bed Brand Baby Cotton Crib Organizer 50*60cm Toy Diaper Pocket for Crib Bedding Set",2020/04/Bed-Hanging-Storage-Bag-Baby-Cot-Bed-Brand-Baby-Cotton-Crib-Organizer-50-60cm-Toy-Diaper.jpg
375455,https://wallcorners.com/product/4pcs-lot-adjustable-bed-sheet-clips-sofa-cover-grippers-holder-mattress-blanket-bedding-sets-fixing-slip-resistant-belt/,"4PCS/Lot Adjustable Bed Sheet Clips Sofa Cover Grippers Holder Mattress Blanket Bedding Sets Fixing Slip-Resistant Belt",2020/04/4PCS-Lot-Adjustable-Bed-Sheet-Clips-Sofa-Cover-Grippers-Holder-Mattress-Blanket-Bedding-Sets-Fixing-Slip.jpg
375457,https://wallcorners.com/product/3pcs-a-set-crib-bedding-set-newborn-cotton-bedding-set-quilt-cover-pillowcase-fitted-bed-sheet-for-120x60-130x70cm-bed/,"3pcs A Set Crib Bedding Set Newborn Cotton Bedding Set Quilt Cover Pillowcase Fitted Bed Sheet For 120x60 130x70cm Bed",2020/04/3pcs-A-Set-Crib-Bedding-Set-Newborn-Cotton-Bedding-Set-Quilt-Cover-Pillowcase-Fitted-Bed-Sheet.jpg
375470,https://wallcorners.com/product/bed-bumpers-100-cotton-cartoon-cute-forest-animal-breathable-baby-bed-sheet-quilt-bed-skirt-baby-crib-bedding-sets-unisex/,"Bed Bumpers 100% Cotton Cartoon Cute Forest Animal Breathable Baby Bed Sheet Quilt Bed Skirt Baby Crib Bedding Sets Unisex",2020/04/Bed-Bumpers-100-Cotton-Cartoon-Cute-Forest-Animal-Breathable-Baby-Bed-Sheet-Quilt-Bed-Skirt-Baby.jpg
375475,https://wallcorners.com/product/unisex-baby-bedding-sets-grey-cotton-soft-newborn-crib-supplies-safety-guard-include-bed-quilt-cover-bumpers-baby-room-decor/,"Unisex Baby Bedding Sets Grey Cotton Soft Newborn Crib Supplies Safety Guard Include Bed Quilt Cover/Bumpers Baby Room Decor",2020/04/Unisex-Baby-Bedding-Sets-Grey-Cotton-Soft-Newborn-Crib-Supplies-Safety-Guard-Include-Bed-Quilt-Cover.jpg
375508,https://wallcorners.com/product/8-pieces-fish-ocean-baby-bedding-set-cot-crib-bedding-set-for-girls-boys-includes-cuna-quilt-baby-bed-bumper-sheet-diaper-bag/,"8 pieces fish ocean Baby Bedding Set Cot Crib Bedding Set for girls boys includes cuna Quilt baby bed bumper Sheet Diaper Bag",2020/04/8-pieces-fish-ocean-Baby-Bedding-Set-Cot-Crib-Bedding-Set-for-girls-boys-includes-cuna.jpg
375551,https://wallcorners.com/product/non-woven-family-save-space-storage-bag-bed-under-closet-storage-box-clothes-divider-organiser-quilt-bag-holder-organizer-0926/,"Non-Woven Family Save Space Storage Bag Bed Under Closet Storage Box Clothes Divider Organiser Quilt Bag Holder Organizer #0926",2020/04/Non-Woven-Family-Save-Space-Storage-Bag-Bed-Under-Closet-Storage-Box-Clothes-Divider-Organiser-Quilt.jpeg
375553,https://wallcorners.com/product/3pcs-baby-crib-bedding-set-cotton-quilt-cover-linens-sheet-childrens-bed-linen-pillowcase-kit-sabanas-linen-sets-without-filler/,"3pcs baby crib bedding set cotton Quilt Cover linens Sheet children's bed linen Pillowcase kit sabanas Linen Sets Without Filler",2020/04/3pcs-baby-crib-bedding-set-cotton-Quilt-Cover-linens-Sheet-children-s-bed-linen-Pillowcase-kit.jpg
375564,https://wallcorners.com/product/cotton-soft-baby-bed-crib-bumper-include-pillow-bumpers-sheet-quilt-cover-newborn-bed-bumpers-baby-bedding-sets-gray-stars/,"Cotton Soft Baby Bed Crib Bumper Include Pillow/ Bumpers/ Sheet/Quilt Cover Newborn Bed Bumpers Baby Bedding Sets Gray Stars",2020/04/Cotton-Soft-Baby-Bed-Crib-Bumper-Include-Pillow-Bumpers-Sheet-Quilt-Cover-Newborn-Bed-Bumpers-Baby.jpg
375576,https://wallcorners.com/product/baby-bedding-sets-6pcs-per-set-combination-star-bed-bumper-comfortable-protect-the-baby-easy-to-use-baby-bumpers-in-the-crib/,"Baby Bedding Sets 6pcs per set Combination Star Bed Bumper Comfortable Protect the Baby Easy to Use Baby Bumpers In The Crib",2020/04/Baby-Bedding-Sets-6pcs-per-set-Combination-Star-Bed-Bumper-Comfortable-Protect-the-Baby-Easy-to.jpg
375577,https://wallcorners.com/product/3-pcs-clothes-quilt-storage-bag-set-duvet-blankets-storage-closet-wardrobe-organizer-mould-proof-bedding-container-for-under-bed/,"3 Pcs Clothes Quilt Storage Bag Set Duvet Blankets Storage Closet Wardrobe Organizer Mould-proof Bedding Container For Under Bed",2020/04/3-Pcs-Clothes-Quilt-Storage-Bag-Set-Duvet-Blankets-Storage-Closet-Wardrobe-Organizer-Mould-proof-Bedding.jpg
375580,https://wallcorners.com/product/quilted-bedspread-100-cotton-bedding-skirt-fitted-sheet-two-in-one-ruffles-jacquacd-bed-cover-cotton-bed-set-europe/,"Quilted Bedspread 100% cotton bedding skirt &amp;fitted sheet two in one Ruffles Jacquacd Bed cover cotton bed set Europe",2020/04/Quilted-Bedspread-100-cotton-bedding-skirt-fitted-sheet-two-in-one-Ruffles-Jacquacd-Bed-cover-cotton.jpg
375584,https://wallcorners.com/product/baby-bed-hanging-storage-bag-cot-bed-brand-baby-cotton-crib-organizer-6050cm-toy-diaper-pocket-for-crib-bedding-set/,"Baby Bed Hanging Storage Bag Cot Bed Brand Baby Cotton Crib Organizer 60*50cm Toy Diaper Pocket for Crib Bedding Set",2020/04/Baby-Bed-Hanging-Storage-Bag-Cot-Bed-Brand-Baby-Cotton-Crib-Organizer-60-50cm-Toy-Diaper.jpg
