453211,https://wallcorners.com/product/gold-feather-art-painting-on-canvas-acrylic-wall-art-modern-picture-hand-painted-home-quadros-caudros-decoracion-for-living-room/,"Gold Feather Art Painting on Canvas Acrylic Wall Art Modern Picture Hand Painted Home Quadros Caudros Decoracion for Living Room",2020/05/Gold-Feather-Art-Painting-on-Canvas-Acrylic-Wall-Art-Modern-Picture-Hand-Painted-Home-Quadros-Caudros.jpg
453216,https://wallcorners.com/product/arthyx-abstract-sailing-boat-art-oil-painting-hand-painted-sea-boat-canvas-wall-art-picture-pop-art-decor-artwork-for-room-decor/,"Arthyx Abstract Sailing Boat Art Oil Painting Hand Painted Sea Boat Canvas Wall Art Picture Pop Art Decor Artwork For Room Decor",2020/05/Arthyx-Abstract-Sailing-Boat-Art-Oil-Painting-Hand-Painted-Sea-Boat-Canvas-Wall-Art-Picture-Pop.jpg
453217,https://wallcorners.com/product/mintura-hand-painted-oil-paintings-on-canvas-gold-foil-abstract-painting-wall-picture-for-living-room-home-decor-art-no-framed/,"Mintura Hand Painted Oil Paintings on Canvas Gold Foil Abstract Painting Wall Picture for Living Room  Home Decor Art  No Framed",2020/05/Mintura-Hand-Painted-Oil-Paintings-on-Canvas-Gold-Foil-Abstract-Painting-Wall-Picture-for-Living-Room.jpg
453218,https://wallcorners.com/product/mintura-art-large-size-hand-painted-trees-landscape-oil-painting-on-canvas-wall-art-pictures-for-living-room-home-decor-no-frame/,"Mintura Art Large Size Hand Painted Trees Landscape Oil Painting on Canvas Wall Art Pictures For Living Room Home Decor No Frame",2020/05/Mintura-Art-Large-Size-Hand-Painted-Trees-Landscape-Oil-Painting-on-Canvas-Wall-Art-Pictures-For.jpg
453220,https://wallcorners.com/product/abstract-hand-painted-dancing-girl-oil-painting-on-canvas-posters-and-prints-cuadros-wall-art-pictures-for-living-room/,"Abstract Hand Painted Dancing Girl Oil Painting on Canvas Posters and Prints Cuadros Wall Art Pictures For Living Room",2020/05/Abstract-Hand-Painted-Dancing-Girl-Oil-Painting-on-Canvas-Posters-and-Prints-Cuadros-Wall-Art-Pictures.jpg
453467,https://wallcorners.com/product/royaldream-frameless-hot-sellinglandscape-diy-painting-by-numbers-wall-art-home-decor-canvas-painting-for-living-room/,"ROYALDREAM Frameless Hot Sellinglandscape DIY Painting By Numbers Wall Art Home Decor Canvas Painting For Living Room",2020/05/ROYALDREAM-Frameless-Hot-Sellinglandscape-DIY-Painting-By-Numbers-Wall-Art-Home-Decor-Canvas-Painting-For-Living.jpg
453559,https://wallcorners.com/product/drawjoy-frameless-pictures-wall-art-diy-painting-by-numbers-hand-painted-oil-on-canvas-wall-painting-home-decor-g134-4050cm/,"DRAWJOY Frameless Pictures Wall Art DIY Painting By Numbers Hand Painted Oil On Canvas Wall Painting Home Decor G134 40*50cm",2020/05/DRAWJOY-Frameless-Pictures-Wall-Art-DIY-Painting-By-Numbers-Hand-Painted-Oil-On-Canvas-Wall-Painting.jpg
453599,https://wallcorners.com/product/abstract-geometric-canvas-paintings-scandinavian-posters-art-wall-pictures-for-living-room-home-decor-not-framed/,"Abstract Geometric Canvas Paintings Scandinavian Posters Art Wall Pictures for Living Room Home Decor Not Framed",2020/05/Abstract-Geometric-Canvas-Paintings-Scandinavian-Posters-Art-Wall-Pictures-for-Living-Room-Home-Decor-Not-Framed.jpg
453675,https://wallcorners.com/product/temptation-abstract-dropshipping-painting-by-numbers-diy-figure-wall-art-picture-acrylic-canvas-painting-for-wedding-decoration/,"temptation abstract Dropshipping Painting By Numbers DIY Figure Wall Art Picture Acrylic Canvas Painting For Wedding Decoration",2020/05/temptation-abstract-Dropshipping-Painting-By-Numbers-DIY-Figure-Wall-Art-Picture-Acrylic-Canvas-Painting-For-Wedding.jpg
453764,https://wallcorners.com/product/rainbow-hand-painted-art-canvas-painting-picture-baby-girls-room-wall-art-decor-colorful-poster-prints-nursery-wall-decoration/,"Rainbow Hand Painted Art Canvas Painting Picture Baby Girls Room Wall Art Decor Colorful Poster Prints Nursery Wall Decoration",2020/05/Rainbow-Hand-Painted-Art-Canvas-Painting-Picture-Baby-Girls-Room-Wall-Art-Decor-Colorful-Poster-Prints.jpg
453768,https://wallcorners.com/product/haochu-triptych-nordic-white-black-grey-square-picture-modern-poster-hand-painted-canvas-painting-wall-art-for-living-room-decor/,"HAOCHU Triptych Nordic White Black Grey Square Picture Modern Poster Hand Painted Canvas Painting Wall Art for Living Room Decor",2020/05/HAOCHU-Triptych-Nordic-White-Black-Grey-Square-Picture-Modern-Poster-Hand-Painted-Canvas-Painting-Wall-Art-6.jpg
453769,https://wallcorners.com/product/nordic-black-white-shoulder-kiss-hand-wall-art-canvas-poster-minimalist-print-love-quotes-painting-picture-for-living-room-decor/,"Nordic Black White Shoulder Kiss Hand Wall Art Canvas Poster Minimalist Print Love Quotes Painting Picture for Living Room Decor",2020/05/Nordic-Black-White-Shoulder-Kiss-Hand-Wall-Art-Canvas-Poster-Minimalist-Print-Love-Quotes-Painting-Picture.jpg
453773,https://wallcorners.com/product/black-and-white-holding-hands-love-letters-canvas-painting-wall-art-for-living-room-home-decor-no-frame/,"Black and White Holding Hands Love Letters Canvas Painting Wall Art for Living Room Home Decor No Frame",2020/05/Black-and-White-Holding-Hands-Love-Letters-Canvas-Painting-Wall-Art-for-Living-Room-Home-Decor.jpg
453960,https://wallcorners.com/product/huacan-picture-by-number-city-landscape-wall-art-oil-painting-by-number-building-drawing-canvas-acrylic-handpainted-home-decor/,"HUACAN Picture By Number City Landscape Wall Art Oil Painting By Number Building Drawing Canvas Acrylic Handpainted Home Decor",2020/05/HUACAN-Picture-By-Number-City-Landscape-Wall-Art-Oil-Painting-By-Number-Building-Drawing-Canvas-Acrylic.jpg
453977,https://wallcorners.com/product/gatyztory-diy-framed-moon-tree-scenery-oil-painting-by-numbers-colorful-paint-wall-art-picture-for-living-room-home-decor-gift/,"GATYZTORY DIY Framed moon tree Scenery Oil Painting By Numbers  Colorful Paint Wall Art Picture For Living Room Home Decor gift",2020/05/GATYZTORY-DIY-Framed-moon-tree-Scenery-Oil-Painting-By-Numbers-Colorful-Paint-Wall-Art-Picture-For.jpg
453979,https://wallcorners.com/product/evershine-oil-paint-by-numbers-flowers-wall-art-hand-painted-coloring-of-numbers-canvas-wall-set-home-decor/,"EverShine Oil Paint By Numbers Flowers Wall Art Hand Painted Coloring Of Numbers Canvas Wall Set Home Decor",2020/05/EverShine-Oil-Paint-By-Numbers-Flowers-Wall-Art-Hand-Painted-Coloring-Of-Numbers-Canvas-Wall-Set.jpg
453992,https://wallcorners.com/product/chenistory-diy-frame-painting-by-numbers-wooden-frame-40x50cm-combination-unique-gift-wall-art-picture-artworks-home-decor/,"CHENISTORY DIY Frame Painting By Numbers Wooden Frame 40x50cm Combination Unique Gift Wall Art Picture Artworks Home Decor",2020/05/CHENISTORY-DIY-Frame-Painting-By-Numbers-Wooden-Frame-40x50cm-Combination-Unique-Gift-Wall-Art-Picture-Artworks.jpg
454138,https://wallcorners.com/product/drawjoy-framed-animal-cow-diy-painting-by-numbers-on-canvas-painting-and-calligraphy-wall-art-for-home-decor-40x50/,"DRAWJOY Framed Animal Cow DIY Painting By Numbers On Canvas Painting And Calligraphy Wall Art For Home Decor 40x50",2020/05/DRAWJOY-Framed-Animal-Cow-DIY-Painting-By-Numbers-On-Canvas-Painting-And-Calligraphy-Wall-Art-For.jpg
454301,https://wallcorners.com/product/classic-artist-gustav-klimt-tear-abstract-oil-painting-on-canvas-posters-100-hand-painted-wall-pictures-for-living-room-cuadros/,"Classic Artist Gustav Klimt Tear Abstract Oil Painting on Canvas Posters 100% Hand Painted Wall Pictures For Living Room Cuadros",2020/05/Classic-Artist-Gustav-Klimt-Tear-Abstract-Oil-Painting-on-Canvas-Posters-100-Hand-Painted-Wall-Pictures.jpg
454305,https://wallcorners.com/product/2020-newest-decorative-art-handmade-oil-painting-on-canvas-abstract-landscape-wall-picture-painting-for-living-room-decor/,"2020 Newest Decorative art handmade oil painting on canvas abstract landscape wall picture painting for living room Decor",2020/05/2020-Newest-Decorative-art-handmade-oil-painting-on-canvas-abstract-landscape-wall-picture-painting-for-living.jpg
454310,https://wallcorners.com/product/wall-picutre-abstract-oil-poster-street-art-graffiti-prints-on-canvas-hd-painting-fashion-art-hand-painted-banks-wall-art-decor/,"Wall Picutre Abstract Oil Poster Street Art Graffiti Prints on Canvas HD Painting Fashion Art Hand Painted Banks Wall Art Decor",2020/05/Wall-Picutre-Abstract-Oil-Poster-Street-Art-Graffiti-Prints-on-Canvas-HD-Painting-Fashion-Art-Hand.jpg
454314,https://wallcorners.com/product/sdoyuno-diy-oil-painting-by-numbers-60x75cm-paint-by-numbers-on-canvas-beautiful-women-wall-art-frameless-bedroom-decor/,"SDOYUNO DIY oil painting by numbers 60x75cm Paint By Numbers on canvas Beautiful Women Wall Art Frameless Bedroom Decor",2020/05/SDOYUNO-DIY-oil-painting-by-numbers-60x75cm-Paint-By-Numbers-on-canvas-Beautiful-Women-Wall-Art.jpg
454315,https://wallcorners.com/product/ruopoty-frame-venice-landscape-diy-painting-by-number-home-decoration-handpainted-modern-oil-painting-on-canvas-wall-art-picture/,"RUOPOTY Frame Venice Landscape DIY Painting By Number Home Decoration Handpainted Modern Oil Painting On Canvas Wall Art Picture",2020/05/RUOPOTY-Frame-Venice-Landscape-DIY-Painting-By-Number-Home-Decoration-Handpainted-Modern-Oil-Painting-On-Canvas.jpg
454666,https://wallcorners.com/product/angel-black-wings-figure-diy-digital-painting-by-numbers-modern-wall-art-canvas-painting-gift-for-children-home-decor-40x50cm/,"angel Black wings Figure DIY Digital Painting By Numbers Modern Wall Art Canvas Painting Gift for children Home Decor 40x50cm",2020/05/angel-Black-wings-Figure-DIY-Digital-Painting-By-Numbers-Modern-Wall-Art-Canvas-Painting-Gift-for.jpg
454669,https://wallcorners.com/product/oil-paintings-modern-scenery-dandelion-picture-wall-art-home-decor-gift-creative-and-personalized-design-30cmx40cm-45cmx60cm/,"Oil Paintings Modern Scenery Dandelion Picture Wall Art Home Decor Gift creative and personalized Design 30cmx40cm 45cmx60cm",2020/05/Oil-Paintings-Modern-Scenery-Dandelion-Picture-Wall-Art-Home-Decor-Gift-creative-and-personalized-Design-30cmx40cm.jpg
454671,https://wallcorners.com/product/half-face-buddha-statue-figure-paint-by-numbers-diy-oil-painting-big-size-birthday-gift-for-child-art-decor-wall-picture-60x75cm/,"Half face Buddha statue Figure Paint By Numbers DIY Oil Painting Big Size Birthday Gift for Child Art Decor Wall Picture 60x75cm",2020/05/Half-face-Buddha-statue-Figure-Paint-By-Numbers-DIY-Oil-Painting-Big-Size-Birthday-Gift-for.jpg
454673,https://wallcorners.com/product/huacan-oil-painting-animals-handpainted-drawing-acrylic-wall-art-pictures-by-number-owl-home-decoration-gift/,"HUACAN Oil Painting Animals Handpainted Drawing Acrylic Wall Art Pictures By Number Owl Home Decoration Gift",2020/05/HUACAN-Oil-Painting-Animals-Handpainted-Drawing-Acrylic-Wall-Art-Pictures-By-Number-Owl-Home-Decoration-Gift.jpg
454687,https://wallcorners.com/product/prayed-girl-oil-painting-by-numbers-angel-diy-paint-on-wall-kit-coloring-by-numbers-canvas-home-decoration-art-picture/,"Prayed Girl Oil Painting By Numbers Angel DIY Paint on Wall Kit Coloring By Numbers Canvas Home Decoration Art Picture",2020/05/Prayed-Girl-Oil-Painting-By-Numbers-Angel-DIY-Paint-on-Wall-Kit-Coloring-By-Numbers-Canvas.jpg
455013,https://wallcorners.com/product/paintboy-diy-painting-by-numbers-landscape-framed-picture-painting-on-canvas-oil-painting-home-decor-wall-art/,"PAINTBOY DIY Painting By Numbers Landscape Framed Picture Painting On Canvas Oil Painting Home Decor Wall Art",2020/05/PAINTBOY-DIY-Painting-By-Numbers-Landscape-Framed-Picture-Painting-On-Canvas-Oil-Painting-Home-Decor-Wall.jpg
455017,https://wallcorners.com/product/abstract-hand-painted-oil-painting-on-canvas-wall-art-dancing-girl-posters-print-wall-pictures-for-living-room-decor-frameless/,"Abstract Hand Painted Oil Painting on Canvas Wall Art Dancing Girl Posters Print Wall Pictures for Living Room Decor Frameless",2020/05/Abstract-Hand-Painted-Oil-Painting-on-Canvas-Wall-Art-Dancing-Girl-Posters-Print-Wall-Pictures-for.jpg
455018,https://wallcorners.com/product/colorful-deer-oil-paintings-diy-coloring-by-number-kit-adult-gift-draw-painting-by-numbers-modern-wall-art-picture-home-decor/,"Colorful Deer Oil Paintings DIY Coloring By Number Kit Adult Gift Draw Painting By Numbers Modern Wall Art Picture Home Decor",2020/05/Colorful-Deer-Oil-Paintings-DIY-Coloring-By-Number-Kit-Adult-Gift-Draw-Painting-By-Numbers-Modern.jpg
455025,https://wallcorners.com/product/azqsd-sunflower-pictures-canvas-painting-for-living-room-oil-painting-by-numbers-wall-art-home-decoration-szgd131-diy-frameless/,"AZQSD Sunflower Pictures Canvas Painting For Living Room Oil Painting By Numbers Wall Art Home Decoration SZGD131 DIY Frameless",2020/05/AZQSD-Sunflower-Pictures-Canvas-Painting-For-Living-Room-Oil-Painting-By-Numbers-Wall-Art-Home-Decoration.jpg
455028,https://wallcorners.com/product/autumn-landscape-diy-painting-by-numbers-wall-art-decoration-handpainted-oil-painting-for-home-decor-artwork/,"Autumn Landscape DIY Painting By Numbers Wall Art Decoration Handpainted Oil Painting For Home Decor Artwork",2020/05/Autumn-Landscape-DIY-Painting-By-Numbers-Wall-Art-Decoration-Handpainted-Oil-Painting-For-Home-Decor-Artwork.jpg
455391,https://wallcorners.com/product/huacan-oil-painting-animals-handpainted-drawing-acrylic-wall-art-pictures-by-number-bird-home-decoration-gift/,"HUACAN Oil Painting Animals Handpainted Drawing Acrylic Wall Art Pictures By Number Bird Home Decoration Gift",2020/05/HUACAN-Oil-Painting-Animals-Handpainted-Drawing-Acrylic-Wall-Art-Pictures-By-Number-Bird-Home-Decoration-Gift.jpg
455398,https://wallcorners.com/product/huacan-picture-by-numbers-horse-gift-home-decor-paint-by-number-animals-diy-hand-painted-wall-art-drawing-acrylic/,"HUACAN Picture By Numbers Horse Gift Home Decor Paint By Number Animals DIY Hand Painted Wall Art Drawing Acrylic",2020/05/HUACAN-Picture-By-Numbers-Horse-Gift-Home-Decor-Paint-By-Number-Animals-DIY-Hand-Painted-Wall.jpg
455442,https://wallcorners.com/product/100-hand-painted-3-panel-abstract-vertical-white-flowers-oil-painting-canvas-decoration-picture-wall-art-modern-home-paintings/,"100% hand-painted 3 panel abstract Vertical white flowers oil painting canvas decoration picture wall art modern home paintings",2020/05/100-hand-painted-3-panel-abstract-Vertical-white-flowers-oil-painting-canvas-decoration-picture-wall-art.jpg
455455,https://wallcorners.com/product/new-embroidery-cross-stitch-picture-decorative-wall-art-canvas-5d-diamond-painting-by-number-kit-bright-moon-full-drill-printing/,"New Embroidery Cross Stitch Picture Decorative Wall Art Canvas 5D Diamond Painting By Number Kit Bright Moon Full Drill Printing",2020/05/New-Embroidery-Cross-Stitch-Picture-Decorative-Wall-Art-Canvas-5D-Diamond-Painting-By-Number-Kit-Bright.jpg
455456,https://wallcorners.com/product/dropshipping-60x75cm-painting-by-numbers-diy-dashan-road-scenery-wall-art-picture-acrylic-painting-for-wedding-decoration/,"Dropshipping 60x75cm Painting By Numbers DIY Dashan Road Scenery Wall Art Picture Acrylic Painting For Wedding Decoration",2020/05/Dropshipping-60x75cm-Painting-By-Numbers-DIY-Dashan-Road-Scenery-Wall-Art-Picture-Acrylic-Painting-For-Wedding.jpg
455457,https://wallcorners.com/product/street-retro-car-landscape-diy-digital-painting-by-numbers-modern-wall-art-canvas-painting-gift-for-children-home-decor-40x50cm/,"Street Retro Car Landscape DIY Digital Painting By Numbers Modern Wall Art Canvas Painting Gift for children Home Decor 40x50cm",2020/05/Street-Retro-Car-Landscape-DIY-Digital-Painting-By-Numbers-Modern-Wall-Art-Canvas-Painting-Gift-for.jpg
455458,https://wallcorners.com/product/paris-tower-light-diy-digital-oil-painting-by-numbers-modern-wall-art-canvas-painting-unique-gift-for-art-wall-home-decor/,"Paris Tower light DIY Digital oil Painting By Numbers Modern Wall Art Canvas Painting Unique Gift For Art Wall Home Decor",2020/05/Paris-Tower-light-DIY-Digital-oil-Painting-By-Numbers-Modern-Wall-Art-Canvas-Painting-Unique-Gift.jpg
455541,https://wallcorners.com/product/diamond-painting-art-kit-diy-cross-stitch-by-number-kit-diy-arts-craft-wall-decor-full-drill-flower-of-summer-no-frame/,"Diamond Painting Art Kit Diy Cross Stitch By Number Kit Diy Arts Craft Wall Decor, Full Drill Flower Of Summer, No Frame",2020/05/Diamond-Painting-Art-Kit-Diy-Cross-Stitch-By-Number-Kit-Diy-Arts-Craft-Wall-Decor-Full.jpg
455627,https://wallcorners.com/product/gatyztory-dancing-frame-diy-painting-by-numbers-kit-modern-wall-art-handpainted-oil-painting-picutre-for-home-decor-unique-gift/,"GATYZTORY Dancing Frame Diy Painting By Numbers Kit Modern Wall Art Handpainted Oil Painting Picutre For Home Decor Unique Gift",2020/05/GATYZTORY-Dancing-Frame-Diy-Painting-By-Numbers-Kit-Modern-Wall-Art-Handpainted-Oil-Painting-Picutre-For.jpg
455630,https://wallcorners.com/product/frameless-diy-painting-by-numbers-painted-portrait-modern-home-wall-art-acrylic-paint-by-numbers-wall-decor-canvas-painting/,"Frameless DIY Painting By Numbers Painted portrait Modern Home Wall Art acrylic paint by numbers Wall Decor Canvas Painting",2020/05/Frameless-DIY-Painting-By-Numbers-Painted-portrait-Modern-Home-Wall-Art-acrylic-paint-by-numbers-Wall.jpg
455631,https://wallcorners.com/product/frameless-london-bridge-landscape-diy-painting-by-numbers-wall-art-picture-hand-painted-for-home-decoration-40x50cm-artwork/,"Frameless London Bridge Landscape DIY Painting By Numbers Wall Art Picture Hand Painted For Home Decoration 40x50cm Artwork",2020/05/Frameless-London-Bridge-Landscape-DIY-Painting-By-Numbers-Wall-Art-Picture-Hand-Painted-For-Home-Decoration.jpg
455632,https://wallcorners.com/product/royaldream-shark-animals-diy-painting-by-numbers-kits-coloring-paint-by-numbers-modern-wall-art-picture-gift/,"ROYALDREAM Shark  Animals DIY Painting By Numbers Kits Coloring Paint By Numbers Modern Wall Art Picture Gift",2020/05/ROYALDREAM-Shark-Animals-DIY-Painting-By-Numbers-Kits-Coloring-Paint-By-Numbers-Modern-Wall-Art-Picture.jpg
455641,https://wallcorners.com/product/royaldream-carp-lotus-diy-digital-painting-by-digital-modern-wall-art-pictures-for-the-home-wall-art-works/,"ROYALDREAM Carp lotus Diy digital painting by digital modern wall art pictures for the home wall art works",2020/05/ROYALDREAM-Carp-lotus-Diy-digital-painting-by-digital-modern-wall-art-pictures-for-the-home-wall.jpg
455824,https://wallcorners.com/product/vintage-world-navigation-map-wall-sticker-old-charts-retro-craft-paper-painting-poster-map-map-home-garage-decoration-art-prints/,"Vintage World Navigation Map Wall Sticker Old Charts Retro Craft Paper Painting Poster Map Map Home Garage Decoration Art Prints",2020/05/Vintage-World-Navigation-Map-Wall-Sticker-Old-Charts-Retro-Craft-Paper-Painting-Poster-Map-Map-Home.jpg
455878,https://wallcorners.com/product/digital-diy-oil-painting-by-numbers-music-monkey-wall-decor-picture-on-canvas-paint-coloring-by-number-drawing-animal-picture/,"Digital Diy oil painting by numbers Music Monkey wall decor picture on canvas paint coloring by number drawing animal Picture",2020/05/Digital-Diy-oil-painting-by-numbers-Music-Monkey-wall-decor-picture-on-canvas-paint-coloring-by.jpg
455883,https://wallcorners.com/product/beach-cat-and-girl-figure-paint-by-numbers-diy-oil-painting-big-size-birthday-gift-for-child-art-decor-wall-picture-60x75cm/,"Beach cat and girl Figure Paint By Numbers DIY Oil Painting Big Size Birthday Gift for Child Art Decor Wall Picture 60x75cm",2020/05/Beach-cat-and-girl-Figure-Paint-By-Numbers-DIY-Oil-Painting-Big-Size-Birthday-Gift-for-6.jpg
455886,https://wallcorners.com/product/paintboy-framed-picture-diy-oil-painting-by-numbers-on-canvas-diy-digital-canvas-oil-painting-wall-art-painting-and-calligraphy/,"PAINTBOY Framed Picture DIY Oil Painting By Numbers On Canvas DIY Digital Canvas Oil Painting Wall Art Painting And Calligraphy",2020/05/PAINTBOY-Framed-Picture-DIY-Oil-Painting-By-Numbers-On-Canvas-DIY-Digital-Canvas-Oil-Painting-Wall.jpg
455888,https://wallcorners.com/product/rihe-girl-with-horse-diy-painting-by-numbers-abstract-animal-oil-painting-on-canvas-cuadros-decoracion-acrylic-wall-art-2018/,"RIHE Girl With Horse Diy Painting By Numbers Abstract Animal Oil Painting On Canvas Cuadros Decoracion Acrylic Wall Art 2018",2020/05/RIHE-Girl-With-Horse-Diy-Painting-By-Numbers-Abstract-Animal-Oil-Painting-On-Canvas-Cuadros-Decoracion-6.jpg
455895,https://wallcorners.com/product/azqsd-unframed-diy-painting-by-numbers-landscape-kit-acrylic-paint-on-canvas-modern-wall-art-picture-by-numbers-for-living-room/,"AZQSD Unframed DIY Painting By Numbers Landscape Kit Acrylic Paint On Canvas Modern Wall Art Picture By Numbers For Living Room",2020/05/AZQSD-Unframed-DIY-Painting-By-Numbers-Landscape-Kit-Acrylic-Paint-On-Canvas-Modern-Wall-Art-Picture.jpg
456015,https://wallcorners.com/product/120x50cm-frameless-sunset-beach-landscape-wall-art-canvas-posters-seascape-modern-wall-picture-for-living-room/,"120x50cm Frameless Sunset Beach Landscape Wall Art Canvas  Posters Seascape Modern Wall Picture for Living Room",2020/05/120x50cm-Frameless-Sunset-Beach-Landscape-Wall-Art-Canvas-Posters-Seascape-Modern-Wall-Picture-for-Living-Room.jpg
456280,https://wallcorners.com/product/abstract-oil-painting-on-canvas-handmade-modern-bright-color-abstract-painting-colorful-landscape-picture-home-wall-hotel-decor/,"Abstract oil painting on canvas Handmade Modern Bright Color abstract painting colorful landscape Picture Home Wall Hotel decor",2020/05/Abstract-oil-painting-on-canvas-Handmade-Modern-Bright-Color-abstract-painting-colorful-landscape-Picture-Home-Wall-6.jpg
456298,https://wallcorners.com/product/2019-new-100-hand-painted-abstract-gold-art-wall-picture-handmade-golden-tree-canvas-oil-painting-for-living-room-home-decor/,"2019 New 100% Hand Painted Abstract Gold Art Wall Picture Handmade Golden Tree Canvas Oil Painting For Living Room Home Decor",2020/05/2019-New-100-Hand-Painted-Abstract-Gold-Art-Wall-Picture-Handmade-Golden-Tree-Canvas-Oil-Painting.jpg
456583,https://wallcorners.com/product/100-handpainted-oil-painting-on-canvas-color-sea-boat-oil-painting-abstract-modern-canvas-wall-art-living-room-decor-picture/,"100% Handpainted Oil Painting On Canvas Color Sea Boat Oil Painting Abstract Modern Canvas Wall Art Living Room Decor Picture",2020/05/100-Handpainted-Oil-Painting-On-Canvas-Color-Sea-Boat-Oil-Painting-Abstract-Modern-Canvas-Wall-Art.jpg
456627,https://wallcorners.com/product/huacan-picture-by-numbers-living-room-landscape-handpainted-home-decoration-oil-painting-scenery-drawing-canvas-wall-art-gift/,"HUACAN Picture By Numbers Living Room Landscape Handpainted Home Decoration Oil Painting Scenery Drawing Canvas Wall Art Gift",2020/05/HUACAN-Picture-By-Numbers-Living-Room-Landscape-Handpainted-Home-Decoration-Oil-Painting-Scenery-Drawing-Canvas-Wall.jpg
456808,https://wallcorners.com/product/gatyztory-frame-crane-diy-painting-by-numbers-animals-modern-wall-art-picture-hand-painted-oil-painting-for-home-decors-40x50cm/,"GATYZTORY Frame Crane DIY Painting By Numbers Animals Modern Wall Art Picture Hand Painted Oil Painting For Home Decors 40x50cm",2020/05/GATYZTORY-Frame-Crane-DIY-Painting-By-Numbers-Animals-Modern-Wall-Art-Picture-Hand-Painted-Oil-Painting-6.jpg
456810,https://wallcorners.com/product/chenistory-no-framed-modern-city-car-diy-painting-by-numbers-landscape-wall-art-picture-coloring-by-numbers-unique-gift-for-home/,"CHENISTORY No Framed Modern City Car DIY Painting By Numbers Landscape Wall Art Picture Coloring By Numbers Unique Gift For Home",2020/05/CHENISTORY-No-Framed-Modern-City-Car-DIY-Painting-By-Numbers-Landscape-Wall-Art-Picture-Coloring-By.jpg
456813,https://wallcorners.com/product/gatyztory-frame-snow-landscape-diy-painting-by-numbers-digital-calligraphy-painting-hand-painted-wall-art-picture-for-home-decor/,"GATYZTORY frame Snow Landscape Diy Painting By Numbers Digital Calligraphy Painting Hand Painted Wall Art Picture For Home Decor",2020/05/GATYZTORY-frame-Snow-Landscape-Diy-Painting-By-Numbers-Digital-Calligraphy-Painting-Hand-Painted-Wall-Art-Picture-6.jpg
456815,https://wallcorners.com/product/ruopoty-frame-picture-diy-painting-by-numbers-eagle-animals-coloring-by-numbers-acrylic-paint-on-canvas-wall-art-picture-for-art/,"RUOPOTY Frame Picture DIY Painting By Numbers Eagle Animals Coloring By Numbers Acrylic Paint On Canvas Wall Art Picture For Art",2020/05/RUOPOTY-Frame-Picture-DIY-Painting-By-Numbers-Eagle-Animals-Coloring-By-Numbers-Acrylic-Paint-On-Canvas.jpg
456817,https://wallcorners.com/product/chenistory-frame-peacock-diy-painting-by-number-modern-wall-art-picture-animal-oil-painting-on-canvas-for-living-room-60x120cm/,"CHENISTORY Frame Peacock DIY Painting By Number Modern Wall Art Picture Animal Oil Painting On Canvas For Living Room 60x120cm",2020/05/CHENISTORY-Frame-Peacock-DIY-Painting-By-Number-Modern-Wall-Art-Picture-Animal-Oil-Painting-On-Canvas.jpg
456818,https://wallcorners.com/product/arthyx-large-size-handpainted-golden-oil-painting-on-canvas-abstract-art-decorative-picture-for-living-room-wall-lienzos-cuadros/,"Arthyx Large Size Handpainted Golden Oil Painting On Canvas Abstract Art Decorative Picture For Living Room Wall Lienzos Cuadros",2020/05/Arthyx-Large-Size-Handpainted-Golden-Oil-Painting-On-Canvas-Abstract-Art-Decorative-Picture-For-Living-Room.jpg
456867,https://wallcorners.com/product/street-carriage-landscape-diy-pictures-oil-painting-by-numbers-on-canvas-wall-art-acrylic-coloring-by-numbers-for-home-decor/,"Street Carriage Landscape  DIY Pictures Oil Painting By Numbers On Canvas Wall Art Acrylic Coloring By Numbers For Home Decor",2020/05/Street-Carriage-Landscape-DIY-Pictures-Oil-Painting-By-Numbers-On-Canvas-Wall-Art-Acrylic-Coloring-By.jpg
456872,https://wallcorners.com/product/evershine-picture-by-numbers-girl-portrait-diy-drawing-canvas-graffiti-woman-hand-painted-wall-art-home-decoration/,"EverShine Picture By Numbers Girl Portrait DIY Drawing Canvas Graffiti Woman Hand Painted Wall Art Home Decoration",2020/05/EverShine-Picture-By-Numbers-Girl-Portrait-DIY-Drawing-Canvas-Graffiti-Woman-Hand-Painted-Wall-Art-Home.jpg
456877,https://wallcorners.com/product/evershine-painting-by-numbers-aurora-hand-painted-wall-art-oil-picture-of-numbers-scenery-landscape-home-decoration/,"EverShine Painting By Numbers aurora Hand Painted Wall Art Oil Picture Of Numbers Scenery Landscape Home Decoration",2020/05/EverShine-Painting-By-Numbers-aurora-Hand-Painted-Wall-Art-Oil-Picture-Of-Numbers-Scenery-Landscape-Home.jpg
456879,https://wallcorners.com/product/sq-dglzhand-painted-blackboard-cocktail-metal-sign-bar-wall-decor-vintage-metal-crafts-home-decor-painting-plaques-art-poster/,"[SQ-DGLZ]Hand-Painted Blackboard Cocktail Metal Sign Bar Wall Decor Vintage Metal Crafts Home Decor Painting Plaques Art Poster",2020/05/SQ-DGLZ-Hand-Painted-Blackboard-Cocktail-Metal-Sign-Bar-Wall-Decor-Vintage-Metal-Crafts-Home.jpg
456948,https://wallcorners.com/product/chenistory-countryside-landscape-diy-painting-by-numbers-home-wall-art-decor-modern-canvas-painting-for-gift-40x50cm-no-frame/,"CHENISTORY Countryside Landscape DIY Painting By Numbers Home Wall Art Decor Modern Canvas Painting For Gift 40x50cm No Frame",2020/05/CHENISTORY-Countryside-Landscape-DIY-Painting-By-Numbers-Home-Wall-Art-Decor-Modern-Canvas-Painting-For-Gift.jpg
457309,https://wallcorners.com/product/newest-love-in-amsterdam-oil-painting-by-numbers-kits-wall-art-picture-home-decor-acrylic-paint-on-canvas-for-artwork/,"Newest Love In Amsterdam Oil Painting By Numbers Kits Wall Art Picture Home Decor Acrylic Paint On Canvas For Artwork",2020/05/Newest-Love-In-Amsterdam-Oil-Painting-By-Numbers-Kits-Wall-Art-Picture-Home-Decor-Acrylic-Paint.jpg
457314,https://wallcorners.com/product/chenistory-angel-diy-painting-by-numbers-modern-abstract-oil-painting-on-canvas-handpainted-home-wall-art-picture-unique-artwork/,"CHENISTORY Angel DIY Painting By Numbers Modern Abstract Oil Painting On Canvas Handpainted Home Wall Art Picture Unique Artwork",2020/05/CHENISTORY-Angel-DIY-Painting-By-Numbers-Modern-Abstract-Oil-Painting-On-Canvas-Handpainted-Home-Wall-Art.jpg
457321,https://wallcorners.com/product/jon-snow-poster-movies-canvas-printing-the-tv-play-poster-wall-art-canvas-daenerys-acrylic-paint-by-numbers-kits-for-adults/,"Jon Snow Poster Movies Canvas Printing The TV Play Poster Wall Art Canvas Daenerys acrylic paint by numbers kits for adults",2020/05/Jon-Snow-Poster-Movies-Canvas-Printing-The-TV-Play-Poster-Wall-Art-Canvas-Daenerys-acrylic-paint.jpg
457451,https://wallcorners.com/product/ruopoty-frame-colorful-owl-diy-paint-by-numbers-kit-animals-handpainted-painting-by-numbers-modern-wall-art-canvas-painting-arts/,"RUOPOTY Frame Colorful Owl Diy Paint By Numbers Kit Animals Handpainted Painting By Numbers Modern Wall Art Canvas Painting Arts",2020/05/RUOPOTY-Frame-Colorful-Owl-Diy-Paint-By-Numbers-Kit-Animals-Handpainted-Painting-By-Numbers-Modern-Wall-6.jpg
457756,https://wallcorners.com/product/home-decor-wall-art-pictures-for-living-room-painting-by-numbers-oil-canvas-paint-coloring-on-canvas-for-room-fish-g324/,"Home decor wall art pictures for living room painting by numbers oil canvas paint Coloring On Canvas For Room  fish  G324",2020/05/Home-decor-wall-art-pictures-for-living-room-painting-by-numbers-oil-canvas-paint-Coloring-On.jpg
457808,https://wallcorners.com/product/new-hand-painted-bob-marley-portrait-oil-painting-acrylic-on-canvas-art-wall-decor-for-living-room-bar-home-decoration-best-gift/,"new hand painted Bob Marley Portrait Oil Painting Acrylic on Canvas Art wall decor for Living Room bar Home Decoration BEST gift",2020/05/new-hand-painted-Bob-Marley-Portrait-Oil-Painting-Acrylic-on-Canvas-Art-wall-decor-for-Living-3.jpg
457815,https://wallcorners.com/product/newest-defoliation-dancer-diy-oil-painting-by-numbers-kits-wall-art-picture-home-decor-acrylic-paint-on-canvas-for-artwork/,"Newest Defoliation Dancer Diy Oil Painting By Numbers Kits Wall Art Picture Home Decor Acrylic Paint On Canvas For Artwork",2020/05/Newest-Defoliation-Dancer-Diy-Oil-Painting-By-Numbers-Kits-Wall-Art-Picture-Home-Decor-Acrylic-Paint.jpg
457821,https://wallcorners.com/product/chenistory-elephant-sunset-diy-painting-by-numbers-landscape-modern-wall-art-canvas-painting-hand-painted-unique-gift-for-home/,"CHENISTORY Elephant Sunset Diy Painting By Numbers Landscape Modern Wall Art Canvas Painting Hand Painted Unique Gift For Home",2020/05/CHENISTORY-Elephant-Sunset-Diy-Painting-By-Numbers-Landscape-Modern-Wall-Art-Canvas-Painting-Hand-Painted-Unique-6.jpg
457825,https://wallcorners.com/product/diy-frame-for-canvas-oil-painting-by-numbers-factory-price-unique-gift-wall-art-picture-home-decora-multiple-sizes-wood-frame/,"DIY Frame For Canvas Oil Painting By Numbers Factory Price Unique Gift Wall Art Picture Home Decora Multiple sizes Wood Frame",2020/05/DIY-Frame-For-Canvas-Oil-Painting-By-Numbers-Factory-Price-Unique-Gift-Wall-Art-Picture-Home.jpg
457826,https://wallcorners.com/product/chenistory-frame-butterfly-diy-painting-by-numbers-modern-wall-art-picture-by-numbers-acrylic-coloring-by-number-for-home-decors/,"CHENISTORY Frame Butterfly DIY Painting By Numbers Modern Wall Art Picture By Numbers Acrylic Coloring By Number For Home Decors",2020/05/CHENISTORY-Frame-Butterfly-DIY-Painting-By-Numbers-Modern-Wall-Art-Picture-By-Numbers-Acrylic-Coloring-By-12.jpg
457827,https://wallcorners.com/product/chenistory-frame-peacock-diy-painting-by-numbers-kit-animals-modern-wall-art-picture-coloring-by-numbers-for-home-decor-gift-art/,"CHENISTORY Frame Peacock DIY Painting By Numbers Kit Animals Modern Wall Art Picture Coloring By Numbers For Home Decor Gift Art",2020/05/CHENISTORY-Frame-Peacock-DIY-Painting-By-Numbers-Kit-Animals-Modern-Wall-Art-Picture-Coloring-By-Numbers.jpg
457857,https://wallcorners.com/product/gatyztory-frame-diy-painting-by-numbers-kit-birds-acrylic-paint-on-canvas-handpainted-oil-painting-wall-art-picture-by-numbers/,"GATYZTORY Frame Diy Painting By Numbers Kit Birds Acrylic Paint On Canvas Handpainted Oil Painting Wall Art Picture By Numbers",2020/05/GATYZTORY-Frame-Diy-Painting-By-Numbers-Kit-Birds-Acrylic-Paint-On-Canvas-Handpainted-Oil-Painting-Wall-6.jpg
457877,https://wallcorners.com/product/gatyztory-60x75cm-frame-boat-diy-painting-by-numbers-kit-acrylic-paint-by-numbers-landscape-modern-wall-art-picture-by-numbers/,"GATYZTORY 60x75cm Frame boat DIY Painting By Numbers Kit Acrylic Paint By Numbers landscape Modern Wall Art Picture By Numbers",2020/05/GATYZTORY-60x75cm-Frame-boat-DIY-Painting-By-Numbers-Kit-Acrylic-Paint-By-Numbers-landscape-Modern-Wall.jpg
457898,https://wallcorners.com/product/frameless-women-tree-diy-painting-by-numbers-wall-art-painting-calligraphy-hand-painted-oil-painting-for-home-decor-40x50cm/,"Frameless Women Tree DIY Painting By Numbers Wall Art Painting &amp; Calligraphy Hand Painted Oil Painting For Home Decor 40x50cm",2020/05/Frameless-Women-Tree-DIY-Painting-By-Numbers-Wall-Art-Painting-Calligraphy-Hand-Painted-Oil-Painting-For.jpg
457919,https://wallcorners.com/product/gatyztory-frame-picture-boat-wave-diy-painting-by-numbers-landscape-acrylic-paint-by-numbers-for-home-wall-art-picture-60x75cm/,"GATYZTORY Frame Picture Boat Wave DIY Painting By Numbers Landscape Acrylic Paint By Numbers For Home Wall Art Picture 60x75cm",2020/05/GATYZTORY-Frame-Picture-Boat-Wave-DIY-Painting-By-Numbers-Landscape-Acrylic-Paint-By-Numbers-For-Home.jpg
457959,https://wallcorners.com/product/ruopoty-chair-park-autumn-landscape-diy-painting-by-numbers-wall-art-picture-handpainted-oil-painting-for-home-decor-frame-40x50/,"RUOPOTY Chair Park Autumn Landscape DIY Painting By Numbers Wall Art Picture Handpainted Oil Painting For Home Decor Frame 40x50",2020/05/RUOPOTY-Chair-Park-Autumn-Landscape-DIY-Painting-By-Numbers-Wall-Art-Picture-Handpainted-Oil-Painting-For.jpg
457960,https://wallcorners.com/product/ruopoty-sailing-boat-seascape-diy-painting-by-numbers-kits-acrylic-paint-on-canvas-abstract-modern-wall-art-picture-home-decor/,"RUOPOTY Sailing Boat Seascape DIY Painting By Numbers Kits Acrylic Paint On Canvas Abstract Modern Wall Art Picture Home Decor",2020/05/RUOPOTY-Sailing-Boat-Seascape-DIY-Painting-By-Numbers-Kits-Acrylic-Paint-On-Canvas-Abstract-Modern-Wall.jpg
457981,https://wallcorners.com/product/ruopoty-framed-diy-painting-by-numbers-landscape-kit-acrylic-paint-on-canvas-wall-art-picture-by-numbers-for-home-decor-60x75cm/,"RUOPOTY Framed DIY Painting By Numbers Landscape Kit Acrylic Paint On Canvas Wall Art Picture By Numbers For Home Decor 60x75cm",2020/05/RUOPOTY-Framed-DIY-Painting-By-Numbers-Landscape-Kit-Acrylic-Paint-On-Canvas-Wall-Art-Picture-By.jpg
458015,https://wallcorners.com/product/ruopoty-frame-deer-animals-diy-painting-by-numbers-acrylic-paint-on-canvas-modern-home-wall-art-picture-calligraphy-painting/,"RUOPOTY frame deer animals diy painting by numbers acrylic paint on canvas modern home wall art picture Calligraphy painting",2020/05/RUOPOTY-frame-deer-animals-diy-painting-by-numbers-acrylic-paint-on-canvas-modern-home-wall-art.jpg
458024,https://wallcorners.com/product/drawjoy-landscape-framed-picture-diy-oil-painting-by-numbers-paintingcalligraphy-for-home-decor-wall-art-40x50cm/,"DRAWJOY Landscape Framed Picture DIY Oil Painting By Numbers Painting&amp;Calligraphy For Home Decor Wall Art 40x50cm",2020/05/DRAWJOY-Landscape-Framed-Picture-DIY-Oil-Painting-By-Numbers-Painting-Calligraphy-For-Home-Decor-Wall-Art-18.jpg
458027,https://wallcorners.com/product/royaldream-purple-and-white-flowers-diy-oil-pinting-by-numbers-modern-wall-art-picture-for-home-wall-artwork/,"ROYALDREAM Purple And White Flowers DIY Oil Pinting By Numbers  Modern Wall Art Picture For Home Wall Artwork",2020/05/ROYALDREAM-Purple-And-White-Flowers-DIY-Oil-Pinting-By-Numbers-Modern-Wall-Art-Picture-For-Home.jpg
458039,https://wallcorners.com/product/drawjoy-landscape-framed-pictures-diy-painting-by-numbers-acrylic-painting-on-canvas-wall-art-for-home-decor-40x50/,"DRAWJOY Landscape Framed Pictures DIY Painting By Numbers Acrylic Painting On Canvas Wall Art For Home Decor 40x50",2020/05/DRAWJOY-Landscape-Framed-Pictures-DIY-Painting-By-Numbers-Acrylic-Painting-On-Canvas-Wall-Art-For-Home-6.jpg
458050,https://wallcorners.com/product/royaldream-colorful-ocean-diy-painting-by-numbers-handpainted-canvas-painting-home-wall-art-picture-for-living-room-unique-gift/,"ROYALDREAM Colorful Ocean DIY Painting By Numbers Handpainted Canvas Painting Home Wall Art Picture For Living Room Unique Gift",2020/05/ROYALDREAM-Colorful-Ocean-DIY-Painting-By-Numbers-Handpainted-Canvas-Painting-Home-Wall-Art-Picture-For-Living-6.jpg
458051,https://wallcorners.com/product/royaldream-landscape-painting-by-numbers-canvas-painting-home-wall-art-picture-for-living-room-unique-gift/,"ROYALDREAM Landscape Painting By Numbers Canvas Painting Home Wall Art Picture For Living Room Unique Gift",2020/05/ROYALDREAM-Landscape-Painting-By-Numbers-Canvas-Painting-Home-Wall-Art-Picture-For-Living-Room-Unique-Gift.jpg
458057,https://wallcorners.com/product/royaldream-painting-by-numbers-canvas-painting-home-wall-art-picture-for-living-room-unique-gift/,"ROYALDREAM  Painting By Numbers  Canvas Painting Home Wall Art Picture For Living Room Unique Gift",2020/05/ROYALDREAM-Painting-By-Numbers-Canvas-Painting-Home-Wall-Art-Picture-For-Living-Room-Unique-Gift-12.jpg
458062,https://wallcorners.com/product/drawjoy-framed-flower-diy-painting-by-numbers-wall-art-diy-canvas-oil-painting-home-decor-for-living-room-wall-art/,"DRAWJOY Framed Flower DIY Painting By Numbers Wall Art DIY Canvas Oil Painting Home Decor For Living Room Wall Art",2020/05/DRAWJOY-Framed-Flower-DIY-Painting-By-Numbers-Wall-Art-DIY-Canvas-Oil-Painting-Home-Decor-For-6.jpg
458069,https://wallcorners.com/product/landscape-framed-pictures-diy-painting-by-numbers-wall-art-acrylic-painting-on-canvas-drop-shipping-for-wedding-decor-gx6263/,"Landscape Framed Pictures DIY Painting By Numbers Wall Art Acrylic Painting On Canvas Drop Shipping For Wedding Decor GX6263",2020/05/Landscape-Framed-Pictures-DIY-Painting-By-Numbers-Wall-Art-Acrylic-Painting-On-Canvas-Drop-Shipping-For-18.jpg
458085,https://wallcorners.com/product/huacan-painting-by-numbers-animal-handpainted-swan-diy-gift-home-decoration-kit-drawing-on-canvas-wall-art/,"HUACAN Painting By Numbers Animal HandPainted Swan DIY Gift Home Decoration Kit Drawing On Canvas Wall Art",2020/05/HUACAN-Painting-By-Numbers-Animal-HandPainted-Swan-DIY-Gift-Home-Decoration-Kit-Drawing-On-Canvas-Wall-6.jpg
458093,https://wallcorners.com/product/huacan-coloring-by-numbers-plant-diy-hand-painted-painting-by-numbers-still-life-bamboo-gift-home-decoration-wall-art/,"HUACAN Coloring By Numbers Plant DIY Hand Painted Painting By Numbers Still Life Bamboo Gift Home Decoration Wall Art",2020/05/HUACAN-Coloring-By-Numbers-Plant-DIY-Hand-Painted-Painting-By-Numbers-Still-Life-Bamboo-Gift-Home.jpg
458102,https://wallcorners.com/product/sdoyuno-frame-diy-painting-by-numbers-fishing-coloring-by-numbers-landscape-wall-art-painting-home-wall-decor-unique-gift-6075/,"SDOYUNO Frame DIY Painting By Numbers Fishing Coloring By Numbers Landscape Wall Art Painting Home Wall Decor Unique Gift 60*75",2020/05/SDOYUNO-Frame-DIY-Painting-By-Numbers-Fishing-Coloring-By-Numbers-Landscape-Wall-Art-Painting-Home-Wall-6.jpg
458106,https://wallcorners.com/product/sdoyuno-60x75cm-oil-painting-by-numbers-horse-animals-diy-paint-by-numbers-frameless-on-canvas-frameless-wall-art-for-kids-gift/,"SDOYUNO 60X75cm oil painting by numbers Horse Animals DIY Paint By Numbers Frameless on canvas Frameless Wall Art For Kids Gift",2020/05/SDOYUNO-60X75cm-oil-painting-by-numbers-Horse-Animals-DIY-Paint-By-Numbers-Frameless-on-canvas-Frameless-6.jpg
458109,https://wallcorners.com/product/huacan-oil-painting-by-numbers-ballet-girl-hand-painted-on-canvas-diy-dancer-pictures-gift-modern-home-decoration-wall-art/,"HUACAN Oil Painting By Numbers Ballet Girl Hand Painted On Canvas DIY Dancer Pictures Gift Modern Home Decoration Wall Art",2020/05/HUACAN-Oil-Painting-By-Numbers-Ballet-Girl-Hand-Painted-On-Canvas-DIY-Dancer-Pictures-Gift-Modern.jpg
458111,https://wallcorners.com/product/huacan-oil-painting-by-numbers-animals-diy-for-adults-home-decoration-coloring-by-numbers-koala-wall-art-picture/,"HUACAN Oil Painting By Numbers Animals DIY For Adults Home Decoration Coloring By Numbers Koala Wall Art Picture",2020/05/HUACAN-Oil-Painting-By-Numbers-Animals-DIY-For-Adults-Home-Decoration-Coloring-By-Numbers-Koala-Wall.jpg
458125,https://wallcorners.com/product/new-york-street-paintings-by-hand-a-busy-day-no-frame-home-decoration-oil-painting-pictures-by-numbers-landscape-wall-art-decor/,"New York Street Paintings By Hand A Busy Day No Frame Home Decoration Oil Painting Pictures By Numbers Landscape Wall Art Decor",2020/05/New-York-Street-Paintings-By-Hand-A-Busy-Day-No-Frame-Home-Decoration-Oil-Painting-Pictures-6.jpg
458126,https://wallcorners.com/product/spring-willow-river-picture-diy-coloring-by-numbers-kits-digital-oil-painting-by-numbers-on-canvas-for-living-room-wall-art/,"Spring Willow River Picture DIY Coloring By Numbers Kits Digital Oil Painting By Numbers On Canvas For Living Room Wall Art",2020/05/Spring-Willow-River-Picture-DIY-Coloring-By-Numbers-Kits-Digital-Oil-Painting-By-Numbers-On-Canvas-12.jpg
458147,https://wallcorners.com/product/chinese-lucky-koi-plum-red-flower-pintura-modular-digital-oil-painting-colors-by-number-on-canvas-for-living-room-wall-art/,"Chinese Lucky Koi Plum Red Flower Pintura Modular Digital Oil Painting Colors By Number On Canvas For Living Room Wall Art",2020/05/Chinese-Lucky-Koi-Plum-Red-Flower-Pintura-Modular-Digital-Oil-Painting-Colors-By-Number-On-Canvas.jpg
458151,https://wallcorners.com/product/sdoyuno-frame-diy-painting-by-numbers-sexy-women-acrylic-paint-by-numbers-kit-wall-art-picture-for-home-decors-unique-handpaint/,"SDOYUNO Frame Diy Painting By Numbers Sexy Women Acrylic Paint By Numbers Kit Wall Art Picture For Home Decors Unique Handpaint",2020/05/SDOYUNO-Frame-Diy-Painting-By-Numbers-Sexy-Women-Acrylic-Paint-By-Numbers-Kit-Wall-Art-Picture.jpg
458152,https://wallcorners.com/product/sdoyuno-frame-deer-and-its-son-diy-painting-by-numbers-birthday-party-decorations-kids-modern-wall-art-for-room-decoration-gift/,"SDOYUNO Frame Deer And Its Son DIY Painting By Numbers Birthday Party Decorations Kids Modern Wall Art For Room Decoration Gift",2020/05/SDOYUNO-Frame-Deer-And-Its-Son-DIY-Painting-By-Numbers-Birthday-Party-Decorations-Kids-Modern-Wall.jpg
458153,https://wallcorners.com/product/pbn-painting-by-numbers-daisy-flowers-coloring-by-numbers-on-canvas-hand-paint-diy-drawing-wall-art-picture-for-living-room-home/,"PBN Painting By Numbers Daisy flowers Coloring By Numbers On Canvas Hand Paint DIY Drawing Wall Art Picture For Living Room Home",2020/05/PBN-Painting-By-Numbers-Daisy-flowers-Coloring-By-Numbers-On-Canvas-Hand-Paint-DIY-Drawing-Wall.jpg
458166,https://wallcorners.com/product/the-world-map-diy-digital-oil-painting-by-numbers-europe-painting-for-living-room-wall-art/,"The world map DIY Digital Oil Painting By Numbers Europe Painting For Living Room Wall Art",2020/05/The-world-map-DIY-Digital-Oil-Painting-By-Numbers-Europe-Painting-For-Living-Room-Wall-Art-6.jpg
458167,https://wallcorners.com/product/seaside-vintage-car-diy-painting-by-numbers-kits-coloring-paint-by-numbers-modern-wall-art-picture-gift/,"Seaside vintage car DIY Painting By Numbers Kits Coloring Paint By Numbers Modern Wall Art Picture Gift",2020/05/Seaside-vintage-car-DIY-Painting-By-Numbers-Kits-Coloring-Paint-By-Numbers-Modern-Wall-Art-Picture.jpg
458178,https://wallcorners.com/product/unframe-wall-art-100-hand-painted-oil-painting-on-canvas-or-handpainted-custom-designed-paintings-not-printed-oil-paintings/,"Unframe Wall Art 100% Hand Painted Oil Painting On canvas Or Handpainted Custom Designed Paintings Not Printed Oil Paintings",2020/05/Unframe-Wall-Art-100-Hand-Painted-Oil-Painting-On-canvas-Or-Handpainted-Custom-Designed-Paintings-Not.jpg
458194,https://wallcorners.com/product/big-home-decor-hand-painted-abstract-geometry-art-oil-painting-on-canvas-wall-art-wall-adornment-picture-painting-for-live-room/,"Big Home Decor Hand Painted Abstract Geometry Art Oil Painting On Canvas Wall Art Wall Adornment Picture Painting For Live Room",2020/05/Big-Home-Decor-Hand-Painted-Abstract-Geometry-Art-Oil-Painting-On-Canvas-Wall-Art-Wall-Adornment.jpg
458198,https://wallcorners.com/product/azqsd-paint-by-number-canvas-painting-kits-seaside-diy-wall-art-unframe-coloring-by-numbers-landscape-home-decoration/,"AZQSD Paint By Number Canvas Painting Kits Seaside DIY Wall Art Unframe Coloring By Numbers Landscape Home Decoration",2020/05/AZQSD-Paint-By-Number-Canvas-Painting-Kits-Seaside-DIY-Wall-Art-Unframe-Coloring-By-Numbers-Landscape.jpg
458199,https://wallcorners.com/product/azqsd-diy-unframed-oil-painting-by-numbers-flowers-vase-pictures-canvas-painting-for-living-room-wall-art-home-decor/,"AZQSD DIY Unframed Oil Painting By Numbers Flowers Vase Pictures Canvas Painting For Living Room Wall Art Home Decor",2020/05/AZQSD-DIY-Unframed-Oil-Painting-By-Numbers-Flowers-Vase-Pictures-Canvas-Painting-For-Living-Room-Wall.jpg
458202,https://wallcorners.com/product/photo-custom-diamond-embroidery-diy-diamond-painting-square-picture-of-rhinestones-daimond-painting-diamant-wall-art-painting/,"Photo Custom Diamond Embroidery Diy Diamond Painting Square Picture of Rhinestones Daimond Painting Diamant Wall Art  Painting",2020/05/Photo-Custom-Diamond-Embroidery-Diy-Diamond-Painting-Square-Picture-of-Rhinestones-Daimond-Painting-Diamant-Wall-Art.jpg
458209,https://wallcorners.com/product/frameless-diy-digital-painting-by-numbers-animal-abstract-fog-glasses-acrylic-paint-modern-wall-art-painting-for-home-decor/,"Frameless Diy Digital Painting By Numbers Animal Abstract Fog Glasses Acrylic Paint Modern Wall Art Painting For Home Decor",2020/05/Frameless-Diy-Digital-Painting-By-Numbers-Animal-Abstract-Fog-Glasses-Acrylic-Paint-Modern-Wall-Art-Painting.jpg
458228,https://wallcorners.com/product/full-square-diamond-painting-coffee-5d-diy-diamond-diamond-embroidery-rhinestone-wall-art-home-decor-painting-gift/,"Full Square Diamond Painting Coffee 5D Diy Diamond Diamond Embroidery Rhinestone Wall Art Home Decor Painting Gift",2020/05/Full-Square-Diamond-Painting-Coffee-5D-Diy-Diamond-Diamond-Embroidery-Rhinestone-Wall-Art-Home-Decor-Painting.jpg
458229,https://wallcorners.com/product/sea-girl-coloring-by-numbers-diy-hand-painted-oil-painting-by-numbers-on-canvas-wall-pictures-for-living-room-digital-arts-decor/,"Sea Girl Coloring By Numbers DIY Hand Painted Oil Painting By Numbers On Canvas Wall Pictures For Living Room Digital Arts Decor",2020/05/Sea-Girl-Coloring-By-Numbers-DIY-Hand-Painted-Oil-Painting-By-Numbers-On-Canvas-Wall-Pictures.jpg
458230,https://wallcorners.com/product/huacan-oil-painting-by-number-peacock-animals-drawing-canvas-acrylic-coloring-by-number-wall-art-handpainted-gift-home-decor/,"HUACAN Oil Painting By Number Peacock Animals Drawing Canvas Acrylic Coloring By Number Wall Art Handpainted Gift Home Decor",2020/05/HUACAN-Oil-Painting-By-Number-Peacock-Animals-Drawing-Canvas-Acrylic-Coloring-By-Number-Wall-Art-Handpainted.jpg
458237,https://wallcorners.com/product/sdoyuno-60x75cm-painting-by-numbers-landscape-nature-home-decor-diy-framed-drawing-by-numbers-digital-painting-wall-art-canvas-2/,"SDOYUNO 60x75cm Painting By Numbers Landscape Nature Home Decor DIY Framed Drawing By Numbers Digital Painting Wall Art Canvas",2020/05/SDOYUNO-60x75cm-Painting-By-Numbers-Landscape-Nature-Home-Decor-DIY-Framed-Drawing-By-Numbers-Digital-Painting.jpg
458244,https://wallcorners.com/product/abstract-wall-art-pictures-hand-painted-knife-gold-tree-oil-painting-on-canvas-large-palette-3d-paintings-for-living-room-modern/,"Abstract Wall Art Pictures Hand Painted Knife Gold Tree Oil Painting On Canvas Large Palette 3D Paintings For Living Room Modern",2020/05/Abstract-Wall-Art-Pictures-Hand-Painted-Knife-Gold-Tree-Oil-Painting-On-Canvas-Large-Palette-3D.jpg
458265,https://wallcorners.com/product/canvas-wall-art-black-and-white-wolves-image-printed-on-non-woven-canvas-without-frame-for-home-office-decor/,"Canvas Wall Art Black And White Wolves Image Printed On Non-Woven Canvas Without Frame For Home Office Decor",2020/05/Canvas-Wall-Art-Black-And-White-Wolves-Image-Printed-On-Non-Woven-Canvas-Without-Frame-For-6.jpg
458270,https://wallcorners.com/product/hand-painted-geometric-texture-black-white-wall-art-canvas-painting-abstract-poster-print-wall-picture-for-living-room-decor/,"Hand painted geometric texture black white Wall Art Canvas Painting Abstract Poster Print Wall Picture for Living Room decor",2020/05/Hand-painted-geometric-texture-black-white-Wall-Art-Canvas-Painting-Abstract-Poster-Print-Wall-Picture-for.jpg
458271,https://wallcorners.com/product/3-panels-big-size-cheap-hand-painted-wall-art-picture-abstract-gold-leaves-landscape-for-living-room-home-decor-no-framed/,"3 Panels Big size cheap Hand Painted Wall art Picture Abstract gold leaves landscape for Living room home decor no framed",2020/05/3-Panels-Big-size-cheap-Hand-Painted-Wall-art-Picture-Abstract-gold-leaves-landscape-for-Living.jpg
458272,https://wallcorners.com/product/huacan-picture-by-number-flower-drawing-canvas-acrylic-handpainted-oil-painting-by-number-wall-art-for-adults-home-decor/,"HUACAN Picture By Number Flower Drawing Canvas Acrylic Handpainted Oil Painting By Number Wall Art For Adults Home Decor",2020/05/HUACAN-Picture-By-Number-Flower-Drawing-Canvas-Acrylic-Handpainted-Oil-Painting-By-Number-Wall-Art-For-6.jpg
458274,https://wallcorners.com/product/butterfly-woman-back-view-diy-painting-by-numbers-canvas-painitng-home-wall-art-picture-coloring-by-numbers-for-living-room/,"Butterfly woman back view DIY Painting By Numbers Canvas Painitng Home Wall Art Picture Coloring By Numbers For Living Room",2020/05/Butterfly-woman-back-view-DIY-Painting-By-Numbers-Canvas-Painitng-Home-Wall-Art-Picture-Coloring-By.jpg
458282,https://wallcorners.com/product/50x50cm-19-7x19-7in-the-secret-garden-large-coloring-poster-owl-coloring-poster-painted-decoration-diy-wall-art-animal-poster/,"50x50cm/19.7x19.7In The Secret Garden Large Coloring Poster Owl Coloring Poster  Painted Decoration  DIY  Wall Art Animal Poster",2020/05/50x50cm-19-7x19-7In-The-Secret-Garden-Large-Coloring-Poster-Owl-Coloring-Poster-Painted-Decoration-DIY-5.jpg
458297,https://wallcorners.com/product/butterfly-love-dancer-modular-oil-diy-painting-by-numbers-frameless-canvas-coloring-wall-arts-pictures-figure-paintings-40x50cm/,"Butterfly Love Dancer Modular Oil DIY Painting By Numbers Frameless Canvas Coloring Wall Arts Pictures Figure Paintings 40x50cm",2020/05/Butterfly-Love-Dancer-Modular-Oil-DIY-Painting-By-Numbers-Frameless-Canvas-Coloring-Wall-Arts-Pictures-Figure.jpg
458302,https://wallcorners.com/product/lovely-blue-cat-picture-painting-cartoon-diy-painting-by-numbers-modern-kids-wall-art-acrylic-picture-hand-painted-children-gift/,"Lovely blue Cat Picture Painting Cartoon DIY Painting By Numbers Modern Kids Wall Art Acrylic Picture Hand painted Children Gift",2020/05/Lovely-blue-Cat-Picture-Painting-Cartoon-DIY-Painting-By-Numbers-Modern-Kids-Wall-Art-Acrylic-Picture-6.jpg
458303,https://wallcorners.com/product/abstract-paris-city-scenery-tower-oil-painting-pure-hand-painted-wall-painting-canvas-artwork-unframed-art-high-quality-painting/,"Abstract Paris City Scenery Tower Oil Painting Pure Hand-painted Wall Painting Canvas Artwork Unframed Art High Quality Painting",2020/05/Abstract-Paris-City-Scenery-Tower-Oil-Painting-Pure-Hand-painted-Wall-Painting-Canvas-Artwork-Unframed-Art.jpg
458307,https://wallcorners.com/product/mahuaf-j662-golden-vietnam-coloring-by-numbers-wall-art-pictures-for-living-room-diy-oil-canvas-painting/,"MaHuaf-j662 Golden Vietnam coloring by numbers wall art pictures for living room diy oil canvas painting",2020/05/MaHuaf-j662-Golden-Vietnam-coloring-by-numbers-wall-art-pictures-for-living-room-diy-oil-canvas.jpg
458312,https://wallcorners.com/product/golden-reed-design-handmade-abstract-100-handpainted-oil-painting-on-canvas-wall-art-picture-for-living-room-bedroom-decor/,"Golden Reed Design Handmade Abstract 100% Handpainted Oil Painting on Canvas Wall Art Picture for Living Room Bedroom Decor",2020/05/Golden-Reed-Design-Handmade-Abstract-100-Handpainted-Oil-Painting-on-Canvas-Wall-Art-Picture-for-Living.jpg
458353,https://wallcorners.com/product/diy-oil-painting-by-numbers-for-adult-gift-draw-on-canvas-painting-on-the-wall-coloring-by-number-art-picture-modern-home-decor/,"DIY Oil Painting By Numbers For Adult Gift Draw On Canvas Painting On The Wall Coloring By Number Art Picture Modern Home Decor",2020/05/DIY-Oil-Painting-By-Numbers-For-Adult-Gift-Draw-On-Canvas-Painting-On-The-Wall-Coloring-12.jpg
458354,https://wallcorners.com/product/high-quality-canvas-painting-artist-handmade-abstract-gold-oil-painting-for-living-room-modern-painting-wall-decor-picture-art/,"High Quality canvas painting Artist Handmade Abstract Gold Oil Painting for Living Room Modern Painting wall decor picture art",2020/05/High-Quality-canvas-painting-Artist-Handmade-Abstract-Gold-Oil-Painting-for-Living-Room-Modern-Painting-wall-6.jpg
458355,https://wallcorners.com/product/lotus-brocade-carp-play-diy-painting-by-numbers-canvas-painitng-home-wall-art-picture-coloring-by-numbers-for-home-decor/,"Lotus brocade carp play DIY Painting By Numbers Canvas Painitng Home Wall Art Picture Coloring By Numbers For Home Decor",2020/05/Lotus-brocade-carp-play-DIY-Painting-By-Numbers-Canvas-Painitng-Home-Wall-Art-Picture-Coloring-By-6.jpg
458356,https://wallcorners.com/product/chenistory-frameless-dog-cake-diy-painting-by-numbers-kit-acrylic-wall-art-picture-painting-calligraphy-for-home-decor-40x50cm/,"CHENISTORY Frameless dog Cake DIY Painting By Numbers Kit Acrylic Wall Art Picture Painting &amp; Calligraphy For Home Decor 40x50cm",2020/05/CHENISTORY-Frameless-dog-Cake-DIY-Painting-By-Numbers-Kit-Acrylic-Wall-Art-Picture-Painting-Calligraphy-For-12.jpg
458359,https://wallcorners.com/product/chenistory-picture-sunflower-colorful-diy-painting-by-numbers-kits-acrylic-picture-modern-wall-art-hand-painted-for-home-decor/,"CHENISTORY Picture Sunflower Colorful DIY Painting By Numbers Kits Acrylic Picture Modern Wall Art Hand Painted For Home Decor",2020/05/CHENISTORY-Picture-Sunflower-Colorful-DIY-Painting-By-Numbers-Kits-Acrylic-Picture-Modern-Wall-Art-Hand-Painted.jpg
458362,https://wallcorners.com/product/chenistory-frame-3-panel-indian-diy-painting-by-numbers-abstract-wall-art-picture-hand-painted-oil-painting-for-home-decoration/,"CHENISTORY Frame 3 Panel Indian DIY Painting By Numbers Abstract Wall Art Picture Hand Painted Oil Painting For Home Decoration",2020/05/CHENISTORY-Frame-3-Panel-Indian-DIY-Painting-By-Numbers-Abstract-Wall-Art-Picture-Hand-Painted-Oil.jpg
458428,https://wallcorners.com/product/royaldream-wolf-couple-and-wolf-diy-painting-by-numbers-kits-coloring-paint-by-numbers-modern-wall-art-picture-gift/,"ROYALDREAM Wolf Couple And Wolf DIY Painting By Numbers Kits Coloring Paint By Numbers Modern Wall Art Picture Gift",2020/05/ROYALDREAM-Wolf-Couple-And-Wolf-DIY-Painting-By-Numbers-Kits-Coloring-Paint-By-Numbers-Modern-Wall-6.jpg
458439,https://wallcorners.com/product/frameless-kiss-lover-diy-digital-painting-by-numbers-wall-art-acrylic-paint-on-canvas-handpainted-oil-painting-gift-40x50cm-arts/,"Frameless Kiss Lover Diy Digital Painting By Numbers Wall Art Acrylic Paint On Canvas Handpainted Oil Painting Gift 40x50cm Arts",2020/05/Frameless-Kiss-Lover-Diy-Digital-Painting-By-Numbers-Wall-Art-Acrylic-Paint-On-Canvas-Handpainted-Oil.jpg
458446,https://wallcorners.com/product/gatyztory-sunset-boat-diy-painting-by-number-kit-home-wall-art-picture-hand-painted-oil-painting-unique-gift-for-living-room-art/,"GATYZTORY Sunset Boat DIY Painting By Number Kit Home Wall Art Picture Hand Painted Oil Painting Unique Gift For Living Room Art",2020/05/GATYZTORY-Sunset-Boat-DIY-Painting-By-Number-Kit-Home-Wall-Art-Picture-Hand-Painted-Oil-Painting-6.jpg
458447,https://wallcorners.com/product/gatyztory-frame-picture-diy-painting-by-numbers-figure-paint-modern-wall-art-canvas-painting-picture-by-numbers-for-home-decors/,"GATYZTORY Frame Picture DIY Painting By Numbers Figure Paint Modern Wall Art Canvas Painting Picture By Numbers For Home Decors",2020/05/GATYZTORY-Frame-Picture-DIY-Painting-By-Numbers-Figure-Paint-Modern-Wall-Art-Canvas-Painting-Picture-By.jpg
458496,https://wallcorners.com/product/ruopoty-frame-sailing-boat-landscape-diy-painting-by-numbers-hand-painted-vintage-oil-painting-home-wall-art-picture-40x50cm/,"RUOPOTY Frame Sailing Boat Landscape DIY Painting By Numbers Hand painted Vintage Oil Painting Home Wall Art Picture 40x50cm",2020/05/RUOPOTY-Frame-Sailing-Boat-Landscape-DIY-Painting-By-Numbers-Hand-painted-Vintage-Oil-Painting-Home-Wall.jpg
458513,https://wallcorners.com/product/ruopoty-frame-red-flowers-diy-painting-by-numbers-canvas-wall-art-hand-painted-oil-painting-for-living-room-home-decor-40x50cm/,"RUOPOTY Frame Red Flowers DIY Painting By Numbers Canvas Wall Art Hand Painted Oil Painting For Living Room Home Decor 40x50cm",2020/05/RUOPOTY-Frame-Red-Flowers-DIY-Painting-By-Numbers-Canvas-Wall-Art-Hand-Painted-Oil-Painting-For.jpg
458522,https://wallcorners.com/product/ruopoty-frame-giraffe-and-elephant-diy-painting-by-numbers-modern-wall-art-picture-handpainted-oil-painting-for-home-decor-40x50/,"RUOPOTY Frame Giraffe And Elephant DIY Painting By Numbers Modern Wall Art Picture Handpainted Oil Painting For Home Decor 40x50",2020/05/RUOPOTY-Frame-Giraffe-And-Elephant-DIY-Painting-By-Numbers-Modern-Wall-Art-Picture-Handpainted-Oil-Painting.jpg
458540,https://wallcorners.com/product/royaldream-the-blue-eye-cat-painting-by-numbers-handpainted-canvas-painting-home-wall-art-picture-for-living-room-unique-gift/,"ROYALDREAM The blue eye cat Painting By Numbers Handpainted Canvas Painting Home Wall Art Picture For Living Room Unique Gift",2020/05/ROYALDREAM-The-blue-eye-cat-Painting-By-Numbers-Handpainted-Canvas-Painting-Home-Wall-Art-Picture-For-6.jpg
458558,https://wallcorners.com/product/royaldream-far-from-figer-painting-diy-painting-by-numbers-kits-coloring-paint-by-numbers-modern-wall-art-picture-gift/,"ROYALDREAM Far From Figer Painting DIY Painting By Numbers Kits Coloring Paint By Numbers Modern Wall Art Picture Gift",2020/05/ROYALDREAM-Far-From-Figer-Painting-DIY-Painting-By-Numbers-Kits-Coloring-Paint-By-Numbers-Modern-Wall.jpg
458568,https://wallcorners.com/product/cat-frameless-pictures-diy-painting-by-numbers-oil-painting-by-numbers-on-canvas-europe-home-decoration-wall-art-gx4450-4050cm/,"Cat Frameless Pictures DIY Painting By Numbers Oil Painting By Numbers On Canvas Europe Home Decoration Wall Art GX4450 40*50cm",2020/05/Cat-Frameless-Pictures-DIY-Painting-By-Numbers-Oil-Painting-By-Numbers-On-Canvas-Europe-Home-Decoration.jpg
458589,https://wallcorners.com/product/huacan-pictures-by-number-flower-house-handpainted-home-decoration-oil-painting-by-number-landscape-drawing-canvas-wall-art-gift/,"HUACAN Pictures By Number Flower House Handpainted Home Decoration Oil Painting By Number Landscape Drawing Canvas Wall Art Gift",2020/05/HUACAN-Pictures-By-Number-Flower-House-Handpainted-Home-Decoration-Oil-Painting-By-Number-Landscape-Drawing-Canvas-6.jpg
458594,https://wallcorners.com/product/royaldream-colour-dragonfly-diy-oil-painting-by-numbers-wall-art-acrylic-oil-canvas-paintings-home-decor-for-living-room/,"ROYALDREAM Colour dragonfly DIY Oil Painting By Numbers Wall Art Acrylic Oil Canvas Paintings Home Decor For Living Room",2020/05/ROYALDREAM-Colour-dragonfly-DIY-Oil-Painting-By-Numbers-Wall-Art-Acrylic-Oil-Canvas-Paintings-Home-Decor-6.jpg
458598,https://wallcorners.com/product/drawjoy-diy-painting-by-numbers-wall-art-digital-oil-painting-on-canvas-picture-frameless-pictures-home-decor-g431-4050cm/,"DRAWJOY DIY Painting By Numbers Wall Art Digital Oil Painting On Canvas Picture Frameless Pictures Home Decor G431 40*50cm",2020/05/DRAWJOY-DIY-Painting-By-Numbers-Wall-Art-Digital-Oil-Painting-On-Canvas-Picture-Frameless-Pictures-Home.jpg
458604,https://wallcorners.com/product/huacan-oil-painting-by-numbers-fruit-kit-drawing-on-canvas-wall-art-handpainted-dessert-home-decor-diy-gift/,"HUACAN Oil Painting By Numbers Fruit Kit Drawing On Canvas Wall Art HandPainted Dessert Home Decor DIY Gift",2020/05/HUACAN-Oil-Painting-By-Numbers-Fruit-Kit-Drawing-On-Canvas-Wall-Art-HandPainted-Dessert-Home-Decor.jpg
458619,https://wallcorners.com/product/original-hand-painted-modern-knife-building-scenery-oil-painting-wall-decor-street-landscape-for-room-decor-painting-on-canvas/,"Original Hand Painted Modern Knife Building Scenery Oil Painting Wall Decor Street Landscape For Room Decor Painting On Canvas",2020/05/Original-Hand-Painted-Modern-Knife-Building-Scenery-Oil-Painting-Wall-Decor-Street-Landscape-For-Room-Decor.jpg
458621,https://wallcorners.com/product/huacan-painting-by-numbers-owl-animal-handpainted-diy-gift-home-decoration-kit-drawing-on-canvas-wall-art/,"HUACAN Painting By Numbers Owl Animal HandPainted DIY Gift Home Decoration Kit Drawing On Canvas Wall Art",2020/05/HUACAN-Painting-By-Numbers-Owl-Animal-HandPainted-DIY-Gift-Home-Decoration-Kit-Drawing-On-Canvas-Wall.jpg
458622,https://wallcorners.com/product/sdoyuno-frame-diy-painting-by-numbers-kit-frog-animals-coloring-by-numbers-wall-painting-unique-gift-for-home-wall-art-picture/,"SDOYUNO Frame DIY Painting By Numbers Kit Frog Animals Coloring By Numbers Wall Painting Unique Gift For Home Wall Art Picture",2020/05/SDOYUNO-Frame-DIY-Painting-By-Numbers-Kit-Frog-Animals-Coloring-By-Numbers-Wall-Painting-Unique-Gift-6.jpg
458629,https://wallcorners.com/product/dropshipping-60x75cm-painting-by-numbers-diy-black-angel-beauty-figure-wall-art-picture-acrylic-painting-for-wedding-decoration/,"Dropshipping 60x75cm Painting By Numbers DIY Black angel beauty Figure Wall Art Picture Acrylic Painting For Wedding Decoration",2020/05/Dropshipping-60x75cm-Painting-By-Numbers-DIY-Black-angel-beauty-Figure-Wall-Art-Picture-Acrylic-Painting-For.jpg
458636,https://wallcorners.com/product/azqsd-unframe-oil-painting-by-numbers-animal-wall-art-acrylic-paint-coloring-by-numbers-on-canvas-turtle-handpainted-gift/,"AZQSD Unframe Oil Painting By Numbers Animal Wall Art Acrylic Paint Coloring By Numbers On Canvas Turtle Handpainted Gift",2020/05/AZQSD-Unframe-Oil-Painting-By-Numbers-Animal-Wall-Art-Acrylic-Paint-Coloring-By-Numbers-On-Canvas.jpg
458648,https://wallcorners.com/product/gatyztory-frameless-coloring-by-numbers-coloured-tiger-wall-pictures-for-living-room-canvas-painting-wall-art-diy-unique-gift/,"GATYZTORY  Frameless Coloring By Numbers Coloured Tiger Wall Pictures For Living Room Canvas Painting Wall Art DIY Unique Gift",2020/05/GATYZTORY-Frameless-Coloring-By-Numbers-Coloured-Tiger-Wall-Pictures-For-Living-Room-Canvas-Painting-Wall-Art.jpg
458653,https://wallcorners.com/product/diy-frame-oil-painting-by-numbers-flamingo-animals-flower-wall-canvas-art-pictures-coloring-by-number-for-living-room-home-decor/,"DIY Frame Oil Painting By Numbers Flamingo Animals Flower Wall Canvas Art Pictures Coloring By Number For Living Room Home Decor",2020/05/DIY-Frame-Oil-Painting-By-Numbers-Flamingo-Animals-Flower-Wall-Canvas-Art-Pictures-Coloring-By-Number-6.jpg
458656,https://wallcorners.com/product/hand-painted-canvas-oil-paintings-handmade-oil-painting-reproduction-copy-wall-decor-custom-wall-art-wall-painting-living-room/,"Hand Painted Canvas Oil Paintings Handmade Oil Painting Reproduction Copy Wall Decor Custom Wall Art Wall Painting Living Room",2020/05/Hand-Painted-Canvas-Oil-Paintings-Handmade-Oil-Painting-Reproduction-Copy-Wall-Decor-Custom-Wall-Art-Wall.jpg
458669,https://wallcorners.com/product/fghgf-frameless-the-mediterranean-sea-seascape-diy-painting-by-numbers-modern-home-wall-art-picture-for-living-room-unique/,"FGHGF Frameless The Mediterranean Sea Seascape DIY Painting By Numbers Modern Home Wall Art Picture For Living Room Unique",2020/05/FGHGF-Frameless-The-Mediterranean-Sea-Seascape-DIY-Painting-By-Numbers-Modern-Home-Wall-Art-Picture-For.jpg
458671,https://wallcorners.com/product/starry-pegasus-diy-digital-painting-by-numbers-modern-wall-art-canvas-painting-unique-gift-home-decor-painting-40x50cm/,"Starry Pegasus DIY Digital Painting By Numbers Modern Wall Art Canvas Painting Unique Gift Home Decor Painting 40x50CM",2020/05/Starry-Pegasus-DIY-Digital-Painting-By-Numbers-Modern-Wall-Art-Canvas-Painting-Unique-Gift-Home-Decor.jpg
458676,https://wallcorners.com/product/sdoyuno-60x75cm-acrylic-pictures-by-numbers-framed-diy-gift-oil-painting-by-numbers-animals-wall-art-coloring-numbers-on-canvas/,"SDOYUNO 60x75cm acrylic pictures by numbers Framed DIY Gift oil Painting By Numbers Animals Wall Art Coloring Numbers On Canvas",2020/05/SDOYUNO-60x75cm-acrylic-pictures-by-numbers-Framed-DIY-Gift-oil-Painting-By-Numbers-Animals-Wall-Art-6.jpg
458686,https://wallcorners.com/product/colorful-cow-animals-diy-painting-by-numbers-handpainted-oil-paint-by-numbers-kits-home-wall-art-picture-for-decor-unique-gift/,"Colorful Cow Animals DIY Painting By Numbers Handpainted Oil Paint By Numbers Kits Home Wall Art Picture For Decor Unique Gift",2020/05/Colorful-Cow-Animals-DIY-Painting-By-Numbers-Handpainted-Oil-Paint-By-Numbers-Kits-Home-Wall-Art.jpg
458689,https://wallcorners.com/product/handpainted-3-piece-black-white-red-modern-abstract-oil-painting-on-canvas-wall-art-flower-pictures-for-living-room/,"Handpainted 3 piece Black White Red Modern Abstract Oil Painting On Canvas Wall Art Flower Pictures For Living Room",2020/05/Handpainted-3-piece-Black-White-Red-Modern-Abstract-Oil-Painting-On-Canvas-Wall-Art-Flower-Pictures.jpg
458692,https://wallcorners.com/product/star-wars-7-yoda-minimalist-art-canvas-painting-by-numbers-movie-wall-picture-print-home-bedroom-decoration/,"Star Wars 7 Yoda Minimalist Art Canvas Painting By Numbers Movie Wall Picture Print Home Bedroom Decoration",2020/05/Star-Wars-7-Yoda-Minimalist-Art-Canvas-Painting-By-Numbers-Movie-Wall-Picture-Print-Home-Bedroom.jpg
458699,https://wallcorners.com/product/azqsd-adult-paint-by-numbers-animal-diy-unframe-handpainted-gift-coloring-by-numbers-zebra-acrylic-paint-wall-art-handicraft/,"AZQSD Adult Paint By Numbers Animal DIY Unframe Handpainted Gift Coloring By Numbers Zebra Acrylic Paint Wall Art Handicraft",2020/05/AZQSD-Adult-Paint-By-Numbers-Animal-DIY-Unframe-Handpainted-Gift-Coloring-By-Numbers-Zebra-Acrylic-Paint-12.jpg
458706,https://wallcorners.com/product/ween-digital-lavender-garden-pictures-to-draw-paint-by-numbers-canvas-art-diy-handpainted-coloring-wall-kit-for-living-room-gift/,"WEEN Digital Lavender Garden Pictures to draw Paint By Numbers Canvas Art DIY Handpainted Coloring Wall Kit For Living Room Gift",2020/05/WEEN-Digital-Lavender-Garden-Pictures-to-draw-Paint-By-Numbers-Canvas-Art-DIY-Handpainted-Coloring-Wall.jpg
458713,https://wallcorners.com/product/frameless-london-street-diy-painting-by-numbers-landscape-acrylic-paint-by-numbers-modern-wall-art-picture-home-decor/,"Frameless London Street DIY Painting By Numbers Landscape Acrylic Paint By Numbers Modern Wall Art Picture Home Decor",2020/05/Frameless-London-Street-DIY-Painting-By-Numbers-Landscape-Acrylic-Paint-By-Numbers-Modern-Wall-Art-Picture.jpg
458720,https://wallcorners.com/product/sdoyuno-frame-seaside-diy-painting-by-numbers-seascape-modern-home-wall-art-picture-acrylic-paint-by-numbers-unique-gift-40x50/,"SDOYUNO Frame Seaside DIY Painting By Numbers Seascape Modern Home Wall Art Picture Acrylic Paint By Numbers Unique Gift 40x50",2020/05/SDOYUNO-Frame-Seaside-DIY-Painting-By-Numbers-Seascape-Modern-Home-Wall-Art-Picture-Acrylic-Paint-By.jpg
458727,https://wallcorners.com/product/window-wedding-dress-figure-diy-digital-painting-by-numbers-modern-wall-art-oil-painting-holiday-gift-home-decor-big-size/,"Window Wedding Dress Figure DIY Digital Painting By Numbers Modern Wall Art Oil Painting Holiday Gift Home Decor Big Size",2020/05/Window-Wedding-Dress-Figure-DIY-Digital-Painting-By-Numbers-Modern-Wall-Art-Oil-Painting-Holiday-Gift.jpg
458729,https://wallcorners.com/product/myt-100-hand-painted-oil-painting-unframed-sea-boat-art-wall-hanging-arts-oil-painting-wall-pictures-abstract-for-room/,"MYT 100% Hand Painted Oil Painting Unframed Sea Boat Art Wall Hanging Arts Oil Painting Wall Pictures Abstract For Room",2020/05/MYT-100-Hand-Painted-Oil-Painting-Unframed-Sea-Boat-Art-Wall-Hanging-Arts-Oil-Painting-Wall-1.jpg
458745,https://wallcorners.com/product/huacan-oil-painting-by-number-flower-drawing-canvas-acrylic-handpainted-pictures-by-number-wall-art-for-adults-home-decor/,"HUACAN Oil Painting By Number Flower Drawing Canvas Acrylic Handpainted Pictures By Number Wall Art For Adults Home Decor",2020/05/HUACAN-Oil-Painting-By-Number-Flower-Drawing-Canvas-Acrylic-Handpainted-Pictures-By-Number-Wall-Art-For.jpg
458749,https://wallcorners.com/product/sdoyuno-diy-pictures-by-numbers-nature-landscape-painting-by-numbers-frameless-acrylic-wall-art-digital-painting-on-canvas/,"SDOYUNO DIY pictures by numbers Nature Landscape Painting By Numbers Frameless acrylic Wall Art Digital Painting on canvas",2020/05/SDOYUNO-DIY-pictures-by-numbers-Nature-Landscape-Painting-By-Numbers-Frameless-acrylic-Wall-Art-Digital-Painting.jpg
458751,https://wallcorners.com/product/sdoyuno-frame-oil-painting-by-numbers-horse-animals-60x75cm-diy-pictures-by-numbers-on-canvas-home-decor-wall-art-for-gift/,"SDOYUNO Frame Oil Painting By Numbers Horse Animals 60x75cm DIY pictures by numbers on canvas Home Decor Wall Art For Gift",2020/05/SDOYUNO-Frame-Oil-Painting-By-Numbers-Horse-Animals-60x75cm-DIY-pictures-by-numbers-on-canvas-Home-6.jpg
458757,https://wallcorners.com/product/the-walking-dead-painting-by-numbers-on-canvas-pictures-rick-grimes-wall-art-negan-poster-painting-by-numbers-for-adults/,"The Walking Dead Painting by Numbers on Canvas Pictures Rick Grimes Wall Art Negan Poster Painting by Numbers for Adults",2020/05/The-Walking-Dead-Painting-by-Numbers-on-Canvas-Pictures-Rick-Grimes-Wall-Art-Negan-Poster-Painting.jpg
458760,https://wallcorners.com/product/hand-painted-large-palette-3d-knife-gold-tree-painting-modern-landscape-oil-painting-on-canvas-wall-art-picture-for-living-room/,"Hand Painted Large Palette 3D Knife Gold Tree Painting Modern landscape Oil Painting On Canvas Wall Art Picture For Living Room",2020/05/Hand-Painted-Large-Palette-3D-Knife-Gold-Tree-Painting-Modern-landscape-Oil-Painting-On-Canvas-Wall.jpg
458770,https://wallcorners.com/product/horse-and-girl-framed-pictures-diy-painting-by-numbers-diy-oil-painting-on-canvas-home-decoration-wall-art-gx26172-40x50cm/,"Horse And Girl Framed Pictures DIY Painting By Numbers DIY Oil Painting On Canvas Home Decoration Wall Art GX26172 40X50CM",2020/05/Horse-And-Girl-Framed-Pictures-DIY-Painting-By-Numbers-DIY-Oil-Painting-On-Canvas-Home-Decoration.jpg
458779,https://wallcorners.com/product/diy-5d-diamond-painting-by-number-kitsrhinestone-diamond-embroidery-paintings-pictures-arts-craft-for-home-wall-decoroctopus-i/,"Diy 5D Diamond Painting By Number Kits,Rhinestone Diamond Embroidery Paintings Pictures Arts Craft For Home Wall Decor,Octopus I",2020/05/Diy-5D-Diamond-Painting-By-Number-Kits-Rhinestone-Diamond-Embroidery-Paintings-Pictures-Arts-Craft-For-Home-6.jpg
458780,https://wallcorners.com/product/diy-painting-by-number-frameless-baboon-animal-wall-art-picture-canvas-painting-for-home-decor-artwork-healthy-acrylic-coating/,"DIY Painting By Number Frameless Baboon Animal  Wall Art Picture  Canvas Painting For Home Decor Artwork Healthy acrylic coating",2020/05/DIY-Painting-By-Number-Frameless-Baboon-Animal-Wall-Art-Picture-Canvas-Painting-For-Home-Decor-Artwork.jpg
458789,https://wallcorners.com/product/huacan-oil-painting-flower-butterfly-hand-painted-acrylic-on-canvas-diy-home-decor-coloring-by-numbers-animal-wall-art-gift/,"HUACAN Oil Painting Flower Butterfly Hand Painted Acrylic On Canvas DIY Home Decor Coloring By Numbers Animal Wall Art Gift",2020/05/HUACAN-Oil-Painting-Flower-Butterfly-Hand-Painted-Acrylic-On-Canvas-DIY-Home-Decor-Coloring-By-Numbers.jpg
458794,https://wallcorners.com/product/vacation-coconut-tree-sea-scenery-diy-digital-painting-by-numbers-modern-wall-art-oil-painting-holiday-gift-home-decor-big-size/,"Vacation Coconut tree sea Scenery DIY Digital Painting By Numbers Modern Wall Art Oil Painting Holiday Gift Home Decor Big Size",2020/05/Vacation-Coconut-tree-sea-Scenery-DIY-Digital-Painting-By-Numbers-Modern-Wall-Art-Oil-Painting-Holiday.jpg
458815,https://wallcorners.com/product/gatyztory-diy-digital-oil-painting-by-numbers-with-frame-home-decor-wall-art-pictures-for-living-room-coloring-paint/,"GATYZTORY DIY Digital Oil Painting By Numbers With Frame Home Decor Wall Art Pictures For Living Room Coloring Paint",2020/05/GATYZTORY-DIY-Digital-Oil-Painting-By-Numbers-With-Frame-Home-Decor-Wall-Art-Pictures-For-Living.jpg
458816,https://wallcorners.com/product/fghgf-frameless-dolphin-lover-diy-painting-by-numbers-romantic-modern-wall-art-picture-unique-gift-for-home-decor-40x50cm/,"FGHGF Frameless Dolphin Lover DIY Painting By Numbers Romantic Modern Wall Art Picture Unique Gift For Home Decor 40x50cm",2020/05/FGHGF-Frameless-Dolphin-Lover-DIY-Painting-By-Numbers-Romantic-Modern-Wall-Art-Picture-Unique-Gift-For.jpg
458819,https://wallcorners.com/product/yellow-flowers-and-little-bees-diy-painting-by-numbers-canvas-painitng-home-wall-art-picture-coloring-by-numbers-for-home-decor/,"Yellow flowers and little bees DIY Painting By Numbers Canvas Painitng Home Wall Art Picture Coloring By Numbers For Home Decor",2020/05/Yellow-flowers-and-little-bees-DIY-Painting-By-Numbers-Canvas-Painitng-Home-Wall-Art-Picture-Coloring.jpg
458822,https://wallcorners.com/product/original-hand-painted-abstract-flowers-landscape-oil-painting-on-canvas-wall-art-pictures-for-living-room-home-decor-no-framed/,"Original Hand Painted Abstract flowers landscape oil painting on canvas Wall art Pictures for Living Room home decor no framed",2020/05/Original-Hand-Painted-Abstract-flowers-landscape-oil-painting-on-canvas-Wall-art-Pictures-for-Living-Room.jpg
