625286,https://wallcorners.com/product/4-colors-set-long-lasting-matte-korean-lipstick-moisture-cosmetic-lips-makeup-waterproof-smoke-tube-lipstick-velvet-red-lip/,"4 Colors/set Long Lasting Matte Korean Lipstick  Moisture Cosmetic Lips Makeup Waterproof Smoke Tube Lipstick Velvet Red Lip",2020/08/4-Colors-set-Long-Lasting-Matte-Korean-Lipstick-Moisture-Cosmetic-Lips-Makeup-Waterproof-Smoke-Tube-Lipstick.jpg
625291,https://wallcorners.com/product/beauty-make-up-bright-crystal-lipstick-magic-temperature-change-color-lipstick-waterproof-long-lasting-lip-balm-makeup-cosmetics/,"Beauty Make Up Bright Crystal Lipstick Magic Temperature Change Color Lipstick Waterproof Long Lasting Lip Balm Makeup Cosmetics",2020/08/Beauty-Make-Up-Bright-Crystal-Lipstick-Magic-Temperature-Change-Color-Lipstick-Waterproof-Long-Lasting-Lip-Balm.png
625292,https://wallcorners.com/product/focallure-19-colors-matte-lipsticks-waterproof-matte-lipstick-lip-sticks-cosmetic-easy-to-wear-matte-batom-makeup-lipstick/,"FOCALLURE 19 Colors Matte Lipsticks Waterproof Matte Lipstick Lip Sticks Cosmetic Easy to Wear Matte Batom Makeup Lipstick",2020/08/FOCALLURE-19-Colors-Matte-Lipsticks-Waterproof-Matte-Lipstick-Lip-Sticks-Cosmetic-Easy-to-Wear-Matte-Batom.jpg
625294,https://wallcorners.com/product/brand-long-lasting-waterproof-makeup-lipstick-moisturizer-lipglossnutritious-lip-balm-make-up-12-colors-options-magic-lips/,"Brand Long-lasting Waterproof Makeup Lipstick Moisturizer Lipgloss,Nutritious Lip Balm Make up 12 Colors options Magic Lips",2020/08/Brand-Long-lasting-Waterproof-Makeup-Lipstick-Moisturizer-Lipgloss-Nutritious-Lip-Balm-Make-up-12-Colors-options.jpg
625297,https://wallcorners.com/product/12-color-waterproof-matte-moisturizer-red-charm-fashion-liquid-lipstick-long-lasting-lip-gloss-beauty-makeup/,"12 Color Waterproof Matte Moisturizer Red Charm Fashion Liquid Lipstick Long Lasting Lip Gloss Beauty Makeup",2020/08/12-Color-Waterproof-Matte-Moisturizer-Red-Charm-Fashion-Liquid-Lipstick-Long-Lasting-Lip-Gloss-Beauty-Makeup.jpg
625299,https://wallcorners.com/product/wostu-925-sterling-silver-fashion-lipstick-charms-fit-original-bracelet-pendant-zircon-beads-wedding-party-jewelry-gift-cqc1392/,"WOSTU 925 Sterling Silver Fashion Lipstick Charms Fit Original Bracelet Pendant Zircon Beads Wedding Party Jewelry Gift CQC1392",2020/08/WOSTU-925-Sterling-Silver-Fashion-Lipstick-Charms-Fit-Original-Bracelet-Pendant-Zircon-Beads-Wedding-Party-Jewelry.jpg
625306,https://wallcorners.com/product/focallure-matte-lipstick-set-rich-color-velvet-waterproof-high-pigment-make-up-lipstick-pencil/,"FOCALLURE Matte Lipstick Set Rich Color Velvet Waterproof High Pigment Make up Lipstick Pencil",2020/08/FOCALLURE-Matte-Lipstick-Set-Rich-Color-Velvet-Waterproof-High-Pigment-Make-up-Lipstick-Pencil.jpg
625408,https://wallcorners.com/product/2019-brand-new-hot-sale-lip-balm-magic-change-color-lipstick-green-paste-change-color-turn-into-pink-free-shipping/,"2019  Brand New Hot Sale Lip Balm Magic Change Color Lipstick Green Paste Change Color Turn Into Pink  Free shipping",2020/08/2019-Brand-New-Hot-Sale-Lip-Balm-Magic-Change-Color-Lipstick-Green-Paste-Change-Color-Turn.jpg
625443,https://wallcorners.com/product/focallure-matte-lipstick-19-colors-waterproof-long-lasting-easy-to-wear-professional-lipstick-nude-lipstick/,"FOCALLURE Matte Lipstick 19 Colors Waterproof Long-lasting Easy to Wear Professional Lipstick Nude Lipstick",2020/08/FOCALLURE-Matte-Lipstick-19-Colors-Waterproof-Long-lasting-Easy-to-Wear-Professional-Lipstick-Nude-Lipstick.jpg
625456,https://wallcorners.com/product/zeesea-new-egypt-%d0%ba%d0%be%d1%81%d0%bc%d0%b5%d1%82%d0%b8%d0%ba%d0%b0-10-colors-long-lasting-waterproof-nutritious-lipstick-moisture-velvet-matt-nude-fashion-lip-gloss/,"ZEESEA New Egypt косметика 10 Colors Long Lasting Waterproof Nutritious Lipstick Moisture Velvet Matt Nude Fashion Lip Gloss",2020/08/ZEESEA-New-Egypt-10-Colors-Long-Lasting-Waterproof-Nutritious-Lipstick-Moisture-Velvet-Matt-Nude.jpg
625463,https://wallcorners.com/product/matte-lipstick-multi-colors-lipstick-lip-tint-matte-velvet-long-lasting-non-stick-cup-lip-sticks-moisture-makeup-cosmetic/,"Matte Lipstick Multi Colors Lipstick Lip Tint Matte Velvet Long Lasting Non-stick Cup Lip Sticks Moisture Makeup Cosmetic",2020/08/Matte-Lipstick-Multi-Colors-Lipstick-Lip-Tint-Matte-Velvet-Long-Lasting-Non-stick-Cup-Lip-Sticks.jpg
625470,https://wallcorners.com/product/handaiyan-shimmer-lipstick-glitter-gold-lipstick-pearl-pink-lip-makeup-waterproof-long-lasting-stay-pigment-lips-shiny-cosmetic/,"HANDAIYAN Shimmer Lipstick Glitter Gold Lipstick Pearl Pink Lip Makeup Waterproof Long Lasting Stay Pigment Lips Shiny Cosmetic",2020/08/HANDAIYAN-Shimmer-Lipstick-Glitter-Gold-Lipstick-Pearl-Pink-Lip-Makeup-Waterproof-Long-Lasting-Stay-Pigment-Lips.jpg
625477,https://wallcorners.com/product/beauty-lip-cosmetics-velvet-matte-lipstick-long-lasting-moisture-lip-gloss-sexy-beauty-waterproof-easy-to-wear-makeup-10-colors/,"Beauty Lip Cosmetics Velvet Matte Lipstick Long Lasting Moisture Lip Gloss Sexy Beauty Waterproof Easy To Wear Makeup 10 colors",2020/08/Beauty-Lip-Cosmetics-Velvet-Matte-Lipstick-Long-Lasting-Moisture-Lip-Gloss-Sexy-Beauty-Waterproof-Easy-To.jpg
625550,https://wallcorners.com/product/focallure-19-colors-matte-lipstick-long-lasting-waterproof-lip-stick-pencil-matt-lipstick-nude-velvet-lips-makeup/,"FOCALLURE 19 colors matte lipstick long lasting waterproof lip stick pencil matt lipstick nude velvet lips makeup",2020/08/FOCALLURE-19-colors-matte-lipstick-long-lasting-waterproof-lip-stick-pencil-matt-lipstick-nude-velvet-lips.jpg
625573,https://wallcorners.com/product/red-lips-mouth-face-mask-red-kiss-lipstick-on-pouty-lips-fashion-art-facial-mask-cool-kawai-with-2-filters-for-adult/,"Red Lips Mouth Face Mask Red Kiss Lipstick On Pouty Lips Fashion Art Facial Mask Cool Kawai with 2 Filters for Adult",2020/08/Red-Lips-Mouth-Face-Mask-Red-Kiss-Lipstick-On-Pouty-Lips-Fashion-Art-Facial-Mask-Cool.jpg
625579,https://wallcorners.com/product/lovely-sweet-fruit-magic-change-color-lipstick-makeup-baby-pink-strawberry-jelly-lips-moisturizer-cute-battom-lip-balm/,"Lovely Sweet Fruit Magic Change Color Lipstick Makeup Baby Pink Strawberry Jelly Lips Moisturizer Cute battom lip balm",2020/08/Lovely-Sweet-Fruit-Magic-Change-Color-Lipstick-Makeup-Baby-Pink-Strawberry-Jelly-Lips-Moisturizer-Cute-battom.jpg
625595,https://wallcorners.com/product/12-colors-matte-lip-liner-pen-use-with-lipstick-long-lasting-pigments-waterproof-no-blooming-beauty-makeup-color-optional/,"12 Colors Matte Lip Liner pen use with lipstick Long Lasting Pigments Waterproof no blooming beauty Makeup color optional",2020/08/12-Colors-Matte-Lip-Liner-pen-use-with-lipstick-Long-Lasting-Pigments-Waterproof-no-blooming-beauty.jpg
625628,https://wallcorners.com/product/20-colors-penis-shape-lipsticks-mushroom-long-lasting-waterproof-sexy-matte-lip-stick-moisturizer-makeup-pigment-cosmetics/,"20 Colors Penis Shape Lipsticks Mushroom Long Lasting Waterproof Sexy Matte Lip Stick Moisturizer Makeup Pigment Cosmetics",2020/08/20-Colors-Penis-Shape-Lipsticks-Mushroom-Long-Lasting-Waterproof-Sexy-Matte-Lip-Stick-Moisturizer-Makeup-Pigment.jpg
625631,https://wallcorners.com/product/2019-beauty-bright-crystal-jelly-lipstick-magic-temperature-change-color-lipsticks-for-women-sexy-waterproof-long-lasting-lipst/,"2019 Beauty Bright Crystal Jelly Lipstick Magic Temperature Change Color Lipsticks for Women Sexy Waterproof Long Lasting Lipst",2020/08/2019-Beauty-Bright-Crystal-Jelly-Lipstick-Magic-Temperature-Change-Color-Lipsticks-for-Women-Sexy-Waterproof-Long.jpg
625643,https://wallcorners.com/product/o-two-o-velvet-matte-lip-gloss-makeup-lipstick-waterproof-long-lasting-moisture-cosmetic-pigment-lip-tint-cosmetics-12-colors/,"O.TWO.O Velvet Matte Lip Gloss Makeup Lipstick Waterproof Long Lasting Moisture Cosmetic Pigment Lip Tint Cosmetics 12 colors",2020/08/O-TWO-O-Velvet-Matte-Lip-Gloss-Makeup-Lipstick-Waterproof-Long-Lasting-Moisture-Cosmetic-Pigment-Lip.jpg
625645,https://wallcorners.com/product/lipstick-mouth-face-mask-makeup-bag-innards-black-facial-mask-fashion-funny-adult-with-filters-mask/,"Lipstick Mouth Face Mask Makeup Bag Innards Black Facial Mask Fashion Funny Adult with Filters Mask",2020/08/Lipstick-Mouth-Face-Mask-Makeup-Bag-Innards-Black-Facial-Mask-Fashion-Funny-Adult-with-Filters-Mask.jpg
625655,https://wallcorners.com/product/pudaier-sexy-waterproof-lipgloss-velvet-nude-matte-liquid-lipstick-long-lasting-moisturizer-lipstick-makeup-lip-tint-17-colors/,"PUDAIER Sexy Waterproof Lipgloss Velvet Nude Matte Liquid Lipstick Long-lasting Moisturizer Lipstick Makeup Lip Tint 17 Colors",2020/08/PUDAIER-Sexy-Waterproof-Lipgloss-Velvet-Nude-Matte-Liquid-Lipstick-Long-lasting-Moisturizer-Lipstick-Makeup-Lip-Tint.jpg
625663,https://wallcorners.com/product/flash-moment-5pcs-set-mini-lipstick-set-waterproof-matte-lipsticks-for-lip-long-lasting-makeup-matte-moisturize-tint-lip-stick/,"Flash Moment 5pcs/Set Mini Lipstick Set Waterproof Matte Lipsticks for Lip Long Lasting Makeup Matte Moisturize Tint Lip Stick",2020/08/Flash-Moment-5pcs-Set-Mini-Lipstick-Set-Waterproof-Matte-Lipsticks-for-Lip-Long-Lasting-Makeup-Matte.jpg
625665,https://wallcorners.com/product/handaiyan-matte-lipstick-2020-new-arrive-lips-makeup-nude-velvet-lip-stick-make-up-cosmetics-foggy-smooth-matt-tint-lip-balm-1pc/,"HANDAIYAN Matte Lipstick 2020 New Arrive Lips Makeup Nude Velvet Lip Stick Make up Cosmetics Foggy Smooth Matt Tint Lip Balm 1Pc",2020/08/HANDAIYAN-Matte-Lipstick-2020-New-Arrive-Lips-Makeup-Nude-Velvet-Lip-Stick-Make-up-Cosmetics-Foggy.jpg
625671,https://wallcorners.com/product/rose-extract-black-lipstick-sexy-red-lip-color-changing-waterproof-makeup-long-lasting-matte-lipstick-moisturizer-lip-balm-1pcs/,"Rose extract black lipstick Sexy Red Lip Color changing Waterproof Makeup Long Lasting Matte Lipstick Moisturizer lip balm 1Pcs",2020/08/Rose-extract-black-lipstick-Sexy-Red-Lip-Color-changing-Waterproof-Makeup-Long-Lasting-Matte-Lipstick-Moisturizer.jpg
625678,https://wallcorners.com/product/miss-rose-black-lipstick-waterproof-batom-matte-lipstick-pencil-shimmer-gold-lipstick-velvet-lip-makeup-beauty-tool-255589/,"Miss Rose Black Lipstick Waterproof Batom Matte Lipstick Pencil Shimmer Gold Lipstick Velvet Lip Makeup Beauty Tool #255589",2020/08/Miss-Rose-Black-Lipstick-Waterproof-Batom-Matte-Lipstick-Pencil-Shimmer-Gold-Lipstick-Velvet-Lip-Makeup-Beauty.jpg
625690,https://wallcorners.com/product/pudaier-mini-liquid-lipstick-portable-professional-makeup-full-portable-lipsticks-for-lips-make-up-tint-lip-gloss-lipstick-matte/,"Pudaier Mini Liquid lipstick Portable professional makeup full Portable lipsticks for lips make up tint lip gloss lipstick matte",2020/08/Pudaier-Mini-Liquid-lipstick-Portable-professional-makeup-full-Portable-lipsticks-for-lips-make-up-tint-lip.jpg
625692,https://wallcorners.com/product/matt-lipstick-pencil-lips-make-up-kiss-proof-batom-pen-women-makeup-brand-waterproof-matte-lip-stick-cosmetics-lip-balm-pens/,"Matt Lipstick Pencil Lips Make up Kiss Proof Batom Pen Women Makeup Brand Waterproof  Matte Lip Stick Cosmetics Lip Balm Pens",2020/08/Matt-Lipstick-Pencil-Lips-Make-up-Kiss-Proof-Batom-Pen-Women-Makeup-Brand-Waterproof-Matte-Lip.jpg
625699,https://wallcorners.com/product/new-women-girls-aloe-vera-moist-lipstick-temperature-color-change-lady-lip-moisturizer-jelly-balm-taint-cream/,"New Women Girls Aloe Vera Moist Lipstick Temperature Color Change Lady Lip Moisturizer Jelly Balm Taint Cream",2020/08/New-Women-Girls-Aloe-Vera-Moist-Lipstick-Temperature-Color-Change-Lady-Lip-Moisturizer-Jelly-Balm-Taint.jpg
625706,https://wallcorners.com/product/pudaier-sexy-red-velvet-matte-lipstick-natural-color-rich-cosmetic-makeup-for-women-long-lasting-tint-matt-lip-stick-batom-matte/,"Pudaier Sexy Red Velvet Matte Lipstick Natural Color Rich Cosmetic Makeup for Women Long Lasting Tint Matt Lip Stick Batom Matte",2020/08/Pudaier-Sexy-Red-Velvet-Matte-Lipstick-Natural-Color-Rich-Cosmetic-Makeup-for-Women-Long-Lasting-Tint.jpg
625713,https://wallcorners.com/product/alobon-egypt-style-velvet-soft-matte-lipstick-matte-not-to-pull-out-dry-blood-orange-color-is-red-yellow-skin-white-lipstick/,"AloBon Egypt-Style Velvet Soft Matte Lipstick Matte Not to Pull out Dry Blood Orange Color Is Red Yellow Skin White Lipstick",2020/08/AloBon-Egypt-Style-Velvet-Soft-Matte-Lipstick-Matte-Not-to-Pull-out-Dry-Blood-Orange-Color.jpg
625720,https://wallcorners.com/product/matte-lipstick-pencil-lips-make-up-kiss-proof-lip-stick-pen-makeup-waterproof-velvet-lip-balm-cosmetics-nude-silky-tint-lipbalm/,"Matte Lipstick Pencil Lips Make up Kiss-proof Lip Stick Pen Makeup Waterproof Velvet Lip Balm Cosmetics Nude Silky Tint Lipbalm",2020/08/Matte-Lipstick-Pencil-Lips-Make-up-Kiss-proof-Lip-Stick-Pen-Makeup-Waterproof-Velvet-Lip-Balm.jpg
625727,https://wallcorners.com/product/1pc-waterproof-nude-matte-velvet-glossy-lip-gloss-lipstick-lip-balm-sexy-red-lip-tint-21-colors-women-lip-matte-lipstick/,"1Pc Waterproof Nude Matte Velvet Glossy Lip Gloss Lipstick Lip Balm Sexy Red Lip Tint 21 Colors Women Lip Matte Lipstick",2020/08/1Pc-Waterproof-Nude-Matte-Velvet-Glossy-Lip-Gloss-Lipstick-Lip-Balm-Sexy-Red-Lip-Tint-21.jpeg
625737,https://wallcorners.com/product/handaiyan-velvet-matte-lip-gloss-lip-liner-liquid-lipstick-lip-tint-moisturizing-gloss-long-lasting-lipgloss/,"HANDAIYAN Velvet Matte Lip Gloss Lip Liner Liquid Lipstick Lip Tint Moisturizing Gloss Long Lasting Lipgloss",2020/08/HANDAIYAN-Velvet-Matte-Lip-Gloss-Lip-Liner-Liquid-Lipstick-Lip-Tint-Moisturizing-Gloss-Long-Lasting-Lipgloss.jpg
625741,https://wallcorners.com/product/professional-matte-lipstick-21-colors-lip-gloss-for-women-long-lasting-coloring-liquid-lip-stick-sexy-temptation-mekeup-for-lip/,"Professional Matte Lipstick 21 Colors Lip Gloss for Women Long Lasting Coloring Liquid Lip Stick Sexy Temptation Mekeup for Lip",2020/08/Professional-Matte-Lipstick-21-Colors-Lip-Gloss-for-Women-Long-Lasting-Coloring-Liquid-Lip-Stick-Sexy.jpg
625752,https://wallcorners.com/product/1pc-flower-lipstick-color-jelly-transparent-temperature-change-matte-lipstick-set/,"1Pc Flower Lipstick Color Jelly Transparent Temperature Change Matte Lipstick Set",2020/08/1Pc-Flower-Lipstick-Color-Jelly-Transparent-Temperature-Change-Matte-Lipstick-Set.jpg
625755,https://wallcorners.com/product/12-colors-makeup-matte-lipsticks-waterproof-cosmetic-easy-to-wear-batom-maquiagem-shopants-make-up-lip-sticks/,"12 Colors Makeup Matte Lipsticks Waterproof Cosmetic Easy To Wear Batom Maquiagem ShopAnts Make Up Lip Sticks",2020/08/12-Colors-Makeup-Matte-Lipsticks-Waterproof-Cosmetic-Easy-To-Wear-Batom-Maquiagem-ShopAnts-Make-Up-Lip.jpg
625762,https://wallcorners.com/product/flower-west-lipstick-moisturizing-red-lip-matte-long-lasting-lipstick-mouth-red-moisturizer-makeup-china-cosmetics-florasis/,"Flower West Lipstick Moisturizing Red Lip Matte Long Lasting Lipstick Mouth Red Moisturizer Makeup China Cosmetics Florasis",2020/08/Flower-West-Lipstick-Moisturizing-Red-Lip-Matte-Long-Lasting-Lipstick-Mouth-Red-Moisturizer-Makeup-China-Cosmetics.jpg
625770,https://wallcorners.com/product/pudaier-26colors-matte-lipstick-waterproof-makeup-batom-nude-velvet-long-lasting-lapiz-labial-mate-lip-stick-rouge-a-levres-mat/,"Pudaier 26Colors Matte Lipstick Waterproof Makeup Batom Nude Velvet Long Lasting Lapiz Labial Mate Lip stick Rouge a Levres Mat",2020/08/Pudaier-26Colors-Matte-Lipstick-Waterproof-Makeup-Batom-Nude-Velvet-Long-Lasting-Lapiz-Labial-Mate-Lip-stick.jpg
625776,https://wallcorners.com/product/korean-fashion-bite-lipstick-v-cutting-two-tone-tint-silky-long-lasting-moisturzing-nourishing-lipstick-balm-lip-cosmetic-makeup/,"Korean Fashion Bite Lipstick V Cutting Two Tone Tint Silky Long Lasting Moisturzing Nourishing Lipstick Balm Lip Cosmetic Makeup",2020/08/Korean-Fashion-Bite-Lipstick-V-Cutting-Two-Tone-Tint-Silky-Long-Lasting-Moisturzing-Nourishing-Lipstick-Balm.jpg
625782,https://wallcorners.com/product/matte-chinese-style-lipstick-lasting-moisturizing-waterproof-lipstick-cosmetic-lotus-crane-peony-koi-style/,"Matte Chinese style lipstick lasting moisturizing waterproof lipstick cosmetic lotus crane peony koi style",2020/08/Matte-Chinese-style-lipstick-lasting-moisturizing-waterproof-lipstick-cosmetic-lotus-crane-peony-koi-style.jpg
625794,https://wallcorners.com/product/3colors-liquid-light-bulb-lipstick-gloss-tint-long-lasting-natural-kissproof-red-pink-orange-lipstick-lips-beauty-makeup/,"3Colors Liquid Light Bulb Lipstick Gloss Tint Long Lasting Natural Kissproof Red Pink Orange Lipstick Lips Beauty Makeup",2020/08/3Colors-Liquid-Light-Bulb-Lipstick-Gloss-Tint-Long-Lasting-Natural-Kissproof-Red-Pink-Orange-Lipstick-Lips.jpg
625796,https://wallcorners.com/product/21-colors-hot-sales-waterproof-nude-matte-velvet-glossy-lip-gloss-lipstick-lip-balm-sexy-red-lip-tint-women-fashion-makeup/,"21 Colors Hot Sales Waterproof Nude Matte Velvet Glossy Lip Gloss Lipstick Lip Balm Sexy Red Lip Tint Women Fashion Makeup",2020/08/21-Colors-Hot-Sales-Waterproof-Nude-Matte-Velvet-Glossy-Lip-Gloss-Lipstick-Lip-Balm-Sexy-Red.jpg
625802,https://wallcorners.com/product/niceface-waterproof-matte-lipstick-moisturizer-smooth-lipstick-pencil-pigment-nude-lip-tint-kit-pen-lips-beauty-makeup-cosmetics/,"NICEFACE Waterproof Matte Lipstick Moisturizer Smooth Lipstick Pencil Pigment Nude Lip Tint Kit Pen Lips Beauty Makeup Cosmetics",2020/08/NICEFACE-Waterproof-Matte-Lipstick-Moisturizer-Smooth-Lipstick-Pencil-Pigment-Nude-Lip-Tint-Kit-Pen-Lips-Beauty.jpg
625809,https://wallcorners.com/product/1pc-metal-lipstick-box-makeup-cosmetic-box-powder-box-desktop-women-lipstick-holder/,"1PC Metal Lipstick Box Makeup Cosmetic Box Powder Box Desktop Women Lipstick Holder",2020/08/1PC-Metal-Lipstick-Box-Makeup-Cosmetic-Box-Powder-Box-Desktop-Women-Lipstick-Holder.jpg
625816,https://wallcorners.com/product/flash-moment-5-colors-cute-mini-matte-lipstick-set-long-lasting-lipstick-for-lips-stick-waterproof-mate-tint-lip-kit-lip-gloss/,"Flash Moment 5 Colors Cute Mini Matte Lipstick Set Long Lasting Lipstick for Lips Stick Waterproof Mate Tint Lip Kit lip gloss",2020/08/Flash-Moment-5-Colors-Cute-Mini-Matte-Lipstick-Set-Long-Lasting-Lipstick-for-Lips-Stick-Waterproof.jpg
625823,https://wallcorners.com/product/pudaier-mini-liquid-matte-lipstick-portable-professional-makeup-full-portable-lipstick-for-lips-make-up-tint-lip-gloss-lipstick/,"Pudaier Mini Liquid matte lipstick Portable professional makeup full Portable lipstick for lips make up tint lip gloss lipstick",2020/08/Pudaier-Mini-Liquid-matte-lipstick-Portable-professional-makeup-full-Portable-lipstick-for-lips-make-up-tint.jpg
625835,https://wallcorners.com/product/handaiyan-6colors-sets-liquid-matte-velvet-lipstick-set-lipgloss-makeup-nude-lip-glosses-waterproof-natural-moisturizer/,"HANDAIYAN 6Colors/Sets Liquid Matte Velvet Lipstick Set Lipgloss Makeup Nude Lip Glosses Waterproof Natural Moisturizer",2020/08/HANDAIYAN-6Colors-Sets-Liquid-Matte-Velvet-Lipstick-Set-Lipgloss-Makeup-Nude-Lip-Glosses-Waterproof-Natural-Moisturizer.jpg
625837,https://wallcorners.com/product/3-pieces-set-of-lipstick-matte-liquid-waterproof-non-stick-lip-gloss-cosmetics/,"3 Pieces / Set of Lipstick Matte Liquid Waterproof Non-stick Lip Gloss Cosmetics",2020/08/3-Pieces-Set-of-Lipstick-Matte-Liquid-Waterproof-Non-stick-Lip-Gloss-Cosmetics.jpg
625848,https://wallcorners.com/product/niceface-12pcs-set-matte-long-lasting-lipstick-12-colors-lip-gloss-waterproof-lip-stick-5gx12-beauty-lips-makeup-lipstick-blws/,"NICEFACE 12Pcs/Set Matte Long-Lasting Lipstick 12 Colors Lip Gloss Waterproof Lip stick 5gx12 Beauty Lips Makeup Lipstick BLWS",2020/08/NICEFACE-12Pcs-Set-Matte-Long-Lasting-Lipstick-12-Colors-Lip-Gloss-Waterproof-Lip-stick-5gx12-Beauty.jpg
625851,https://wallcorners.com/product/1pcs-handmade-diy-lipstick-mold-diy-lipstick-mold-mould-lip-balm-homemade-silicone-lipstick-filling/,"1PCS Handmade Diy Lipstick Mold Diy Lipstick Mold Mould Lip Balm Homemade Silicone Lipstick Filling",2020/08/1PCS-Handmade-Diy-Lipstick-Mold-Diy-Lipstick-Mold-Mould-Lip-Balm-Homemade-Silicone-Lipstick-Filling.jpg
625864,https://wallcorners.com/product/1pc-professional-double-gradient-lipstick-two-tone-lip-bar-waterproof-make-up-lips-cosmetic-lipsticks-korean-makeup/,"1pc Professional Double Gradient Lipstick Two Tone Lip Bar Waterproof  Make Up Lips Cosmetic Lipsticks Korean Makeup",2020/08/1pc-Professional-Double-Gradient-Lipstick-Two-Tone-Lip-Bar-Waterproof-Make-Up-Lips-Cosmetic-Lipsticks-Korean.jpg
625870,https://wallcorners.com/product/niceface-1-pc-waterproof-lipstick-long-lasting-matte-liquid-lipstick-lip-gloss-for-lip-cosmetics-makeup-26-color-makeup-tools/,"NICEFACE 1 pc Waterproof Lipstick Long Lasting Matte Liquid Lipstick Lip Gloss For Lip Cosmetics Makeup 26 Color Makeup Tools",2020/08/NICEFACE-1-pc-Waterproof-Lipstick-Long-Lasting-Matte-Liquid-Lipstick-Lip-Gloss-For-Lip-Cosmetics-Makeup.jpg
625872,https://wallcorners.com/product/6-colors-take-off-liquid-lipstick-waterproof-long-lasting-lip-gloss-lint-mask-makeup-tattoo-matte-lipstick-lipstick-cosmetic/,"6 colors take off liquid lipstick waterproof long-lasting lip gloss lint mask makeup tattoo matte lipstick lipstick cosmetic",2020/08/6-colors-take-off-liquid-lipstick-waterproof-long-lasting-lip-gloss-lint-mask-makeup-tattoo-matte.jpg
625879,https://wallcorners.com/product/addfavor-sexy-matte-lipstick-makeup-long-lasting-lip-gloss-stain-beauty-waterproof-velvet-lipstick-set-cosmetics-lip-tint/,"AddFavor Sexy Matte Lipstick Makeup Long Lasting Lip Gloss Stain Beauty Waterproof Velvet Lipstick Set Cosmetics Lip Tint",2020/08/AddFavor-Sexy-Matte-Lipstick-Makeup-Long-Lasting-Lip-Gloss-Stain-Beauty-Waterproof-Velvet-Lipstick-Set-Cosmetics.jpg
625892,https://wallcorners.com/product/women-lip-gloss-waterproof-lip-stick-non-stick-cup-long-lasting-lip-sticks-matte-lipsticks-beauty-lips-tint-cosmetic-makeup/,"Women Lip Gloss Waterproof Lip Stick Non-stick Cup Long Lasting Lip Sticks Matte Lipsticks Beauty Lips Tint Cosmetic Makeup",2020/08/Women-Lip-Gloss-Waterproof-Lip-Stick-Non-stick-Cup-Long-Lasting-Lip-Sticks-Matte-Lipsticks-Beauty.jpg
625893,https://wallcorners.com/product/pudaier-1pc-16colors-double-head-fashion-lipstick-pencil-waterproof-makeup-tool-half-matte-lip-stick-velvet-liquid-lipsticks/,"Pudaier 1PC 16Colors Double Head Fashion Lipstick Pencil Waterproof Makeup Tool Half Matte Lip Stick Velvet Liquid Lipsticks",2020/08/Pudaier-1PC-16Colors-Double-Head-Fashion-Lipstick-Pencil-Waterproof-Makeup-Tool-Half-Matte-Lip-Stick-Velvet.jpg
625900,https://wallcorners.com/product/miss-rose-lipstick-matte-waterproof-velvet-lip-stick-25-colors-sexy-red-brown-pigments-make-up-matte-lipsticks-beauty-lips/,"MISS ROSE Lipstick Matte Waterproof Velvet Lip Stick 25 Colors Sexy Red Brown Pigments Make up Matte Lipsticks Beauty Lips",2020/08/MISS-ROSE-Lipstick-Matte-Waterproof-Velvet-Lip-Stick-25-Colors-Sexy-Red-Brown-Pigments-Make-up.jpg
625907,https://wallcorners.com/product/niceface-lipstick-pencil-cosmetics-matte-lips-pigment-nude-lipstick-long-lasting-matte-lipstick-pencil-makeup/,"NICEFACE Lipstick Pencil Cosmetics Matte Lips Pigment Nude Lipstick Long Lasting Matte Lipstick Pencil  Makeup",2020/08/NICEFACE-Lipstick-Pencil-Cosmetics-Matte-Lips-Pigment-Nude-Lipstick-Long-Lasting-Matte-Lipstick-Pencil-Makeup.jpg
625914,https://wallcorners.com/product/sace-lady-19-color-matte-lipstick-makeup-liquid-lipstick-red-nude-lip-tint-moisturizing-make-up-long-lasting-waterproof-cosmetic/,"SACE LADY 19 Color Matte Lipstick Makeup Liquid Lipstick Red Nude Lip Tint Moisturizing Make Up Long Lasting Waterproof Cosmetic",2020/08/SACE-LADY-19-Color-Matte-Lipstick-Makeup-Liquid-Lipstick-Red-Nude-Lip-Tint-Moisturizing-Make-Up.jpg
625938,https://wallcorners.com/product/focallure-waterproof-matte-lipstick-nude-velvet-lip-batom-long-lasting-lip-stick-makeup/,"FOCALLURE Waterproof Matte Lipstick Nude Velvet Lip Batom Long-lasting Lip Stick Makeup",2020/08/FOCALLURE-Waterproof-Matte-Lipstick-Nude-Velvet-Lip-Batom-Long-lasting-Lip-Stick-Makeup.jpg
625943,https://wallcorners.com/product/focallure-staymax-powder-matte-lipstick-lightweight-waterproof-lips-makeup-nude-matte-velvet-lip-stick/,"FOCALLURE Staymax Powder Matte Lipstick Lightweight Waterproof Lips Makeup Nude Matte Velvet Lip Stick",2020/08/FOCALLURE-Staymax-Powder-Matte-Lipstick-Lightweight-Waterproof-Lips-Makeup-Nude-Matte-Velvet-Lip-Stick.jpg
625947,https://wallcorners.com/product/focallure-staymax-matte-liquid-lipstick-lip-makeup-long-lasting-kissproof-nourish-lip-tint-lightweight-formula-liquid-lipstick/,"FOCALLURE Staymax Matte Liquid Lipstick Lip Makeup Long Lasting Kissproof Nourish Lip Tint Lightweight formula Liquid Lipstick",2020/08/FOCALLURE-Staymax-Matte-Liquid-Lipstick-Lip-Makeup-Long-Lasting-Kissproof-Nourish-Lip-Tint-Lightweight-formula-Liquid.jpg
625951,https://wallcorners.com/product/10-15-color-jelly-makeup-lipstick-palette-waterproof-long-lasting-moisturizing-nutritious-lips-balm-makeup-lip-gloss-palette-kit/,"10/15 Color Jelly Makeup Lipstick Palette Waterproof Long Lasting Moisturizing Nutritious Lips Balm Makeup Lip Gloss Palette Kit",2020/08/10-15-Color-Jelly-Makeup-Lipstick-Palette-Waterproof-Long-Lasting-Moisturizing-Nutritious-Lips-Balm-Makeup-Lip.jpg
625955,https://wallcorners.com/product/4pcs-colors-women-new-creative-cigarette-lipstick-set-matte-long-lasting-waterproof-matt-lip-stick-tube-nude-red-gloss-makeup/,"4pcs/Colors Women New Creative Cigarette Lipstick Set Matte Long Lasting Waterproof Matt Lip Stick Tube Nude Red Gloss Makeup",2020/08/4pcs-Colors-Women-New-Creative-Cigarette-Lipstick-Set-Matte-Long-Lasting-Waterproof-Matt-Lip-Stick-Tube.jpg
625957,https://wallcorners.com/product/drxiner-matte-lipstick-makeup-nude-purple-red-liquid-lipstick-set-velvet-long-lasting-waterproof-lipsticks-16-colors-matte-lips/,"Drxiner matte lipstick makeup nude purple red liquid lipstick set velvet long lasting waterproof  lipsticks 16 colors matte lips",2020/08/Drxiner-matte-lipstick-makeup-nude-purple-red-liquid-lipstick-set-velvet-long-lasting-waterproof-lipsticks-16.jpg
626046,https://wallcorners.com/product/limited-snow-lipstick-lips-makeup-matte-lip-stick-pen-moisturizer-metallic-shimmer-tint-lip-blam-make-up-cosmetics-mate-batom/,"Limited Snow Lipstick Lips Makeup Matte Lip Stick Pen Moisturizer Metallic Shimmer Tint Lip Blam Make up Cosmetics Mate Batom",2020/08/Limited-Snow-Lipstick-Lips-Makeup-Matte-Lip-Stick-Pen-Moisturizer-Metallic-Shimmer-Tint-Lip-Blam-Make.jpg
626060,https://wallcorners.com/product/pudaier-brand-double-ended-matte-lip-liner-lipstick-pencil-makeup-lip-tint-set-for-women-non-stick-cup-long-lasting-batom-matte/,"Pudaier Brand Double Ended Matte Lip Liner Lipstick Pencil Makeup Lip Tint Set For Women Non-stick Cup Long Lasting Batom Matte",2020/08/Pudaier-Brand-Double-Ended-Matte-Lip-Liner-Lipstick-Pencil-Makeup-Lip-Tint-Set-For-Women-Non.jpg
626064,https://wallcorners.com/product/color-change-lipstick-avocado-jelly-moisturizing-nutrition-liquid-temperature-change-lip-stick-waterproof-makeup-dropshipping/,"Color Change Lipstick Avocado Jelly Moisturizing Nutrition Liquid Temperature Change Lip Stick Waterproof Makeup dropshipping",2020/08/Color-Change-Lipstick-Avocado-Jelly-Moisturizing-Nutrition-Liquid-Temperature-Change-Lip-Stick-Waterproof-Makeup-dropshipping.jpg
626074,https://wallcorners.com/product/pudaier-17-colors-matte-lipstick-for-lips-makeup-matte-lipsticks-long-lasting-natural-moisture-lip-stick-of-waterproof-cosmetics/,"Pudaier 17 Colors Matte Lipstick for Lips Makeup Matte Lipsticks Long Lasting Natural Moisture Lip Stick of Waterproof Cosmetics",2020/08/Pudaier-17-Colors-Matte-Lipstick-for-Lips-Makeup-Matte-Lipsticks-Long-Lasting-Natural-Moisture-Lip-Stick.jpg
626081,https://wallcorners.com/product/pudaier-small-size-sexy-red-long-lasting-matte-lipstick-moisturizer-waterproof-makeup-liquid-lipstick-sexy-lip-stick-batom-matt/,"Pudaier Small Size Sexy Red Long Lasting Matte Lipstick Moisturizer Waterproof Makeup Liquid Lipstick Sexy Lip Stick Batom Matt",2020/08/Pudaier-Small-Size-Sexy-Red-Long-Lasting-Matte-Lipstick-Moisturizer-Waterproof-Makeup-Liquid-Lipstick-Sexy-Lip.jpg
626094,https://wallcorners.com/product/pudaier-lip-plumper-lipstick-set-volumising-moisturizing-lip-repairing-reduce-gloss-lip-fine-line-brighten-natural-makeup/,"Pudaier Lip Plumper Lipstick set  Volumising  Moisturizing Lip Repairing Reduce gloss Lip Fine Line Brighten Natural Makeup",2020/08/Pudaier-Lip-Plumper-Lipstick-set-Volumising-Moisturizing-Lip-Repairing-Reduce-gloss-Lip-Fine-Line-Brighten-Natural.jpg
626203,https://wallcorners.com/product/brand-new-lips-makeup-moisturizing-glitter-diamond-long-lasting-pigment-mermaid-shimmer-shiny-lipstick-luxury-makeup-cosmetic/,"Brand New Lips Makeup Moisturizing Glitter Diamond Long Lasting Pigment  Mermaid Shimmer Shiny Lipstick Luxury Makeup Cosmetic",2020/08/Brand-New-Lips-Makeup-Moisturizing-Glitter-Diamond-Long-Lasting-Pigment-Mermaid-Shimmer-Shiny-Lipstick-Luxury-Makeup.jpg
626210,https://wallcorners.com/product/professional-shiny-mineral-oil-moisturizing-plumping-clear-lip-gloss-volume-tint-matte-liquid-lipstick-makeup/,"Professional Shiny Mineral Oil Moisturizing Plumping Clear Lip Gloss Volume Tint Matte Liquid Lipstick Makeup",2020/08/Professional-Shiny-Mineral-Oil-Moisturizing-Plumping-Clear-Lip-Gloss-Volume-Tint-Matte-Liquid-Lipstick-Makeup.jpg
626223,https://wallcorners.com/product/12-colors-pack-nude-velvet-liquid-lipstick-kit-lips-makeup-cosmetics-glosses-matte-lip-gloss-set-waterproof-silky-metal-lipgloss/,"12 Colors/pack Nude Velvet Liquid Lipstick Kit Lips Makeup Cosmetics Glosses Matte Lip Gloss Set Waterproof Silky Metal Lipgloss",2020/08/12-Colors-pack-Nude-Velvet-Liquid-Lipstick-Kit-Lips-Makeup-Cosmetics-Glosses-Matte-Lip-Gloss-Set.jpg
626230,https://wallcorners.com/product/pudaier-21-colors-waterproof-velvet-liquid-lipstick-sexy-red-lip-tint-make-up-long-lasting-maquiagem-matte-nude-glossy-lipgloss/,"Pudaier 21 Colors Waterproof Velvet Liquid Lipstick Sexy Red Lip Tint Make up Long Lasting maquiagem Matte Nude Glossy Lipgloss",2020/08/Pudaier-21-Colors-Waterproof-Velvet-Liquid-Lipstick-Sexy-Red-Lip-Tint-Make-up-Long-Lasting-maquiagem.jpg
626237,https://wallcorners.com/product/17-color-matte-liquid-lipstick-makeup-waterproof-sexy-red-long-lasting-lip-gloss-lip-make-up-liquid-lip-sticks-costmetic/,"17 Color Matte Liquid Lipstick Makeup Waterproof Sexy Red Long Lasting Lip Gloss Lip Make Up Liquid Lip sticks Costmetic",2020/08/17-Color-Matte-Liquid-Lipstick-Makeup-Waterproof-Sexy-Red-Long-Lasting-Lip-Gloss-Lip-Make-Up.jpg
626244,https://wallcorners.com/product/focallure-19-colors-waterproof-long-lasting-lip-makeup-red-lipstick-matte-lip-stick-sexy-colors/,"FOCALLURE 19 Colors Waterproof Long Lasting Lip Makeup Red Lipstick Matte Lip Stick Sexy Colors",2020/08/FOCALLURE-19-Colors-Waterproof-Long-Lasting-Lip-Makeup-Red-Lipstick-Matte-Lip-Stick-Sexy-Colors.jpg
626255,https://wallcorners.com/product/long-lasting-lipstick-waterproof-matte-velvet-lipstick-lipgloss-for-women-beauty-lip-pencil-liner-makeup-lipstick-cosmetics/,"Long Lasting Lipstick Waterproof Matte Velvet Lipstick Lipgloss for Women Beauty Lip Pencil Liner Makeup Lipstick Cosmetics",2020/08/Long-Lasting-Lipstick-Waterproof-Matte-Velvet-Lipstick-Lipgloss-for-Women-Beauty-Lip-Pencil-Liner-Makeup-Lipstick.jpg
626258,https://wallcorners.com/product/20-colors-penis-shape-lips-makeup-lipstick-mushroom-long-lasting-moisture-cosmetic-lipstick-red-lip-matte-lipstick-waterproof/,"20 Colors Penis Shape Lips Makeup Lipstick Mushroom Long Lasting Moisture Cosmetic Lipstick red Lip matte lipstick waterproof",2020/08/20-Colors-Penis-Shape-Lips-Makeup-Lipstick-Mushroom-Long-Lasting-Moisture-Cosmetic-Lipstick-red-Lip-matte.jpg
626265,https://wallcorners.com/product/zeesea-new-9-colors-moisturizing-nourishing-lipstick-velvet-matt-fashion-batom-pigment-long-lasting-lip-makeup-cosmetic/,"ZEESEA New 9 Colors Moisturizing Nourishing Lipstick Velvet Matt Fashion Batom Pigment Long Lasting Lip Makeup Cosmetic",2020/08/ZEESEA-New-9-Colors-Moisturizing-Nourishing-Lipstick-Velvet-Matt-Fashion-Batom-Pigment-Long-Lasting-Lip-Makeup.jpg
626272,https://wallcorners.com/product/o-two-o-lips-makeup-lipstick-lip-gloss-long-lasting-moisture-cosmetic-lipstick-red-lip-matte-12-colors-waterproof-lipstick/,"O.TWO.O Lips Makeup Lipstick Lip Gloss Long Lasting Moisture Cosmetic Lipstick Red Lip Matte 12 Colors Waterproof Lipstick",2020/08/O-TWO-O-Lips-Makeup-Lipstick-Lip-Gloss-Long-Lasting-Moisture-Cosmetic-Lipstick-Red-Lip-Matte.jpg
626279,https://wallcorners.com/product/new-lazy-non-cup-long-lasting-waterproof-matte-makeup-lipstick-nude-lipstick-4-colors-options-make-up-lipscosmetics-lipstick/,"New Lazy Non-cup Long-lasting Waterproof Matte Makeup Lipstick Nude Lipstick 4 Colors options make up Lips,Cosmetics Lipstick",2020/08/New-Lazy-Non-cup-Long-lasting-Waterproof-Matte-Makeup-Lipstick-Nude-Lipstick-4-Colors-options-make.jpg
626286,https://wallcorners.com/product/novo-8-color-moisturizing-lipstick-pen-red-bean-paste-milk-tea-peach-blossom-grapefruit-cut-male-color-mist-matte-lipstick/,"Novo 8-color moisturizing lipstick pen red bean paste milk tea peach blossom grapefruit cut male color mist matte lipstick",2020/08/Novo-8-color-moisturizing-lipstick-pen-red-bean-paste-milk-tea-peach-blossom-grapefruit-cut-male.jpg
626294,https://wallcorners.com/product/chinese-style-lipsticks-set-long-lasting-cosmetic-lips-makeup-lip-gloss-moisturizing-glaze-for-lady-girls/,"Chinese Style Lipsticks Set Long Lasting Cosmetic Lips Makeup Lip Gloss Moisturizing Glaze for Lady Girls",2020/08/Chinese-Style-Lipsticks-Set-Long-Lasting-Cosmetic-Lips-Makeup-Lip-Gloss-Moisturizing-Glaze-for-Lady-Girls.jpg
626300,https://wallcorners.com/product/catkin-lipstick-set-waterproof-red-lip-moisturizing-matte-long-lasting-lipstick-for-lips-beauty-makeup-china-cosme/,"Catkin Lipstick Set Waterproof Red Lip Moisturizing Matte Long Lasting Lipstick For Lips Beauty Makeup China Cosme",2020/08/Catkin-Lipstick-Set-Waterproof-Red-Lip-Moisturizing-Matte-Long-Lasting-Lipstick-For-Lips-Beauty-Makeup-China.jpg
626307,https://wallcorners.com/product/new-29-colors-matte-lipstick-waterproof-red-lip-gloss-easy-to-dry-non-stick-cup-long-lasting-moisturizing-cosmetics-lip-makeup/,"New 29 Colors Matte Lipstick Waterproof Red Lip Gloss Easy To Dry Non-stick Cup Long Lasting Moisturizing Cosmetics Lip Makeup",2020/08/New-29-Colors-Matte-Lipstick-Waterproof-Red-Lip-Gloss-Easy-To-Dry-Non-stick-Cup-Long.jpg
626314,https://wallcorners.com/product/zeesea-7-colors-shimmer-long-lasting-lip-gloss-waterproof-liquid-lipstick-matt-moisturized-bright-lip-stick-cosmetics/,"ZEESEA 7 Colors Shimmer Long Lasting Lip Gloss  Waterproof Liquid Lipstick Matt Moisturized Bright Lip Stick Cosmetics",2020/08/ZEESEA-7-Colors-Shimmer-Long-Lasting-Lip-Gloss-Waterproof-Liquid-Lipstick-Matt-Moisturized-Bright-Lip-Stick.jpg
626321,https://wallcorners.com/product/100pc-logo-customized-matte-lipstick-long-lasting-waterproof-makeup-lip-stick-with-box-12-color-mixed-lip-tint-design-your-logo/,"100pc Logo Customized Matte Lipstick Long Lasting Waterproof Makeup Lip Stick With Box 12 Color Mixed Lip Tint Design Your Logo",2020/08/100pc-Logo-Customized-Matte-Lipstick-Long-Lasting-Waterproof-Makeup-Lip-Stick-With-Box-12-Color-Mixed.jpg
626327,https://wallcorners.com/product/exquisite-matte-chinese-style-lipstick-gift-set-box-lasting-moisturizing-nourishing-lipstick-cosmetics-easy-to-apply-6pcs-set/,"Exquisite matte Chinese style lipstick gift set box lasting moisturizing nourishing lipstick cosmetics easy to apply 6pcs/set",2020/08/Exquisite-matte-Chinese-style-lipstick-gift-set-box-lasting-moisturizing-nourishing-lipstick-cosmetics-easy-to-apply.jpg
626331,https://wallcorners.com/product/sexy-34-colors-waterproof-matte-long-lasting-liquid-lipstick-makeup-lip-glosses/,"Sexy 34 Colors Waterproof Matte Long Lasting Liquid Lipstick Makeup Lip Glosses",2020/08/Sexy-34-Colors-Waterproof-Matte-Long-Lasting-Liquid-Lipstick-Makeup-Lip-Glosses.jpg
626336,https://wallcorners.com/product/women-lipstick-moisturizing-soft-texture-mattee-lipsticks-waterproof-traditional-chinese-emboss-craft-design-lip-makeup-3-colors/,"Women Lipstick Moisturizing Soft Texture Mattee Lipsticks Waterproof Traditional Chinese Emboss Craft Design Lip Makeup 3 Colors",2020/08/Women-Lipstick-Moisturizing-Soft-Texture-Mattee-Lipsticks-Waterproof-Traditional-Chinese-Emboss-Craft-Design-Lip-Makeup-3.jpg
626343,https://wallcorners.com/product/zeesea-red-nourish-matte-lipstick-set-make-up-for-women-easy-to-color-lasting-waterproof-lip-gloss-cosmetics-beauty-makeup-3-8g/,"Zeesea Red Nourish Matte Lipstick Set Make-Up For Women Easy To Color Lasting  Waterproof Lip Gloss Cosmetics Beauty Makeup 3.8g",2020/08/Zeesea-Red-Nourish-Matte-Lipstick-Set-Make-Up-For-Women-Easy-To-Color-Lasting-Waterproof-Lip.jpg
626350,https://wallcorners.com/product/handaiyan-matte-velvet-lipstick-makeup-lip-stick-pencil-lips-cosmetics-silky-moisturizer-tint-lip-balm-nude-make-up-lipbalm-pen/,"HANDAIYAN Matte Velvet Lipstick Makeup Lip Stick Pencil Lips Cosmetics Silky Moisturizer Tint Lip Balm Nude Make up Lipbalm Pen",2020/08/HANDAIYAN-Matte-Velvet-Lipstick-Makeup-Lip-Stick-Pencil-Lips-Cosmetics-Silky-Moisturizer-Tint-Lip-Balm-Nude.jpg
626358,https://wallcorners.com/product/1pcs-waterproof-nonstick-cup-lipstick-capsule-small-lipstick-moisturizer-set-colors-soft-cream-lip-stick-long-lasting-makeup/,"1pcs Waterproof Nonstick Cup lipstick Capsule Small Lipstick Moisturizer Set Colors Soft Cream Lip Stick Long Lasting Makeup",2020/08/1pcs-Waterproof-Nonstick-Cup-lipstick-Capsule-Small-Lipstick-Moisturizer-Set-Colors-Soft-Cream-Lip-Stick-Long.jpg
626364,https://wallcorners.com/product/brand-professional-lipgloss-bold-vivid-color-dark-red-black-grape-purple-red-blue-lipsticks/,"Brand Professional Lipgloss Bold Vivid Color Dark Red Black Grape Purple Red Blue Lipsticks",2020/08/Brand-Professional-Lipgloss-Bold-Vivid-Color-Dark-Red-Black-Grape-Purple-Red-Blue-Lipsticks.jpg
626371,https://wallcorners.com/product/5-colors-matte-lipstick-waterproof-liquid-red-lip-stick-lip-gloss-cosmetics-long-lasting-non-stick-cupmoisturizing-lip-makeup/,"5 Colors Matte Lipstick Waterproof  Liquid Red Lip Stick Lip Gloss Cosmetics Long Lasting Non-stick Cupmoisturizing Lip Makeup",2020/08/5-Colors-Matte-Lipstick-Waterproof-Liquid-Red-Lip-Stick-Lip-Gloss-Cosmetics-Long-Lasting-Non-stick.jpg
626378,https://wallcorners.com/product/miss-rose-1pcs-matte-lipstick-long-lasting-waterproof-nude-lipsticks-sexy-lips-makeup-cosmetics-for-women-natural-soft-lipstick/,"MISS ROSE 1pcs Matte Lipstick Long Lasting Waterproof Nude Lipsticks Sexy Lips Makeup Cosmetics for Women Natural Soft Lipstick",2020/08/MISS-ROSE-1pcs-Matte-Lipstick-Long-Lasting-Waterproof-Nude-Lipsticks-Sexy-Lips-Makeup-Cosmetics-for-Women.jpg
626385,https://wallcorners.com/product/double-ended-lipstick-wateproof-long-lasting-lipsticks-brand-lip-makeup-cosmetics-red-lips-liner-pencil/,"Double Ended Lipstick Wateproof Long Lasting Lipsticks Brand Lip Makeup Cosmetics Red Lips Liner Pencil",2020/08/Double-Ended-Lipstick-Wateproof-Long-Lasting-Lipsticks-Brand-Lip-Makeup-Cosmetics-Red-Lips-Liner-Pencil.jpg
626392,https://wallcorners.com/product/makeup-matte-lipstick-long-lasting-matt-smoky-cosmetics-lip-stick-lips-make-up-tint-nutritious-lip-balm-waterproof-mate-batom/,"Makeup Matte Lipstick Long-lasting Matt Smoky Cosmetics Lip Stick Lips Make up Tint Nutritious Lip Balm Waterproof Mate Batom",2020/08/Makeup-Matte-Lipstick-Long-lasting-Matt-Smoky-Cosmetics-Lip-Stick-Lips-Make-up-Tint-Nutritious-Lip.jpg
626399,https://wallcorners.com/product/long-lasting-lip-stick-waterproof-rose-essence-lip-balm-non-stick-cup-lipsticks-beauty-easy-to-wear-lip-gloss-cosmetic-makeup/,"Long Lasting Lip Stick Waterproof Rose Essence Lip Balm Non-stick Cup Lipsticks Beauty Easy to Wear Lip Gloss Cosmetic Makeup",2020/08/Long-Lasting-Lip-Stick-Waterproof-Rose-Essence-Lip-Balm-Non-stick-Cup-Lipsticks-Beauty-Easy-to.jpg
626406,https://wallcorners.com/product/double-gradient-lipstick-waterproof-sexy-red-lip-color-lipgloss-lip-gloss-tint-makeup-korean-effect-two-tone-bar-fruit-organic/,"Double Gradient Lipstick Waterproof Sexy Red Lip Color Lipgloss Lip Gloss Tint Makeup Korean Effect Two Tone Bar Fruit Organic",2020/08/Double-Gradient-Lipstick-Waterproof-Sexy-Red-Lip-Color-Lipgloss-Lip-Gloss-Tint-Makeup-Korean-Effect-Two.jpg
626416,https://wallcorners.com/product/matte-liquid-lipstick-waterproof-red-velvet-lip-makeup-tattoo-long-lasting-lip-gloss-tint-matte-lipgloss-tube-cosmetics/,"Matte Liquid Lipstick Waterproof Red Velvet Lip Makeup Tattoo Long Lasting Lip Gloss Tint Matte Lipgloss Tube Cosmetics",2020/08/Matte-Liquid-Lipstick-Waterproof-Red-Velvet-Lip-Makeup-Tattoo-Long-Lasting-Lip-Gloss-Tint-Matte-Lipgloss.jpg
626422,https://wallcorners.com/product/novo-lipstick-make-up-lip-stick-fashion-matte-sexy-bitten-lips-marker-long-lasting-waterproof-lipstick-makeup-cosmetics/,"NOVO  Lipstick Make up Lip Stick Fashion Matte Sexy Bitten Lips Marker Long-lasting Waterproof Lipstick Makeup Cosmetics",2020/08/NOVO-Lipstick-Make-up-Lip-Stick-Fashion-Matte-Sexy-Bitten-Lips-Marker-Long-lasting-Waterproof-Lipstick.jpg
626426,https://wallcorners.com/product/1pc-wet-cherry-gloss-candy-color-lips-cosmetics-lip-gloss-plumper-makeup-waterproof-glitter-liquid-lipstick-batom-matte-liquid/,"1PC Wet Cherry Gloss Candy Color Lips Cosmetics  Lip Gloss Plumper Makeup Waterproof Glitter Liquid Lipstick Batom Matte Liquid",2020/08/1PC-Wet-Cherry-Gloss-Candy-Color-Lips-Cosmetics-Lip-Gloss-Plumper-Makeup-Waterproof-Glitter-Liquid-Lipstick.jpg
626433,https://wallcorners.com/product/1-3-5-pcs-set-capsule-small-lipstick-set-waterproof-moisturizing-matte-lipstick-kit-non-stick-cup-sexy-lip-stick-small-lipstick/,"1/3/5/pcs/set Capsule Small Lipstick Set Waterproof Moisturizing Matte Lipstick Kit Non-Stick Cup Sexy Lip Stick Small Lipstick",2020/08/1-3-5-pcs-set-Capsule-Small-Lipstick-Set-Waterproof-Moisturizing-Matte-Lipstick-Kit-Non-Stick.jpg
626441,https://wallcorners.com/product/12-colors-pack-nude-velvet-liquid-lipstick-kit-lips-makeup-cosmetics-matte-lip-gloss-set-waterproof-silky-lipgloss-make-up-gloss/,"12 Colors/pack Nude Velvet Liquid Lipstick Kit Lips Makeup Cosmetics Matte Lip Gloss Set Waterproof Silky Lipgloss Make up Gloss",2020/08/12-Colors-pack-Nude-Velvet-Liquid-Lipstick-Kit-Lips-Makeup-Cosmetics-Matte-Lip-Gloss-Set-Waterproof.jpg
626447,https://wallcorners.com/product/waterproof-lip-gloss-natural-long-lasting-moisturizing-lipstick-plumping-glitter-lipgloss-matte-lipsticks-beauty-makeup-lip-tint/,"Waterproof Lip Gloss Natural Long-lasting Moisturizing Lipstick Plumping Glitter Lipgloss Matte Lipsticks Beauty Makeup Lip Tint",2020/08/Waterproof-Lip-Gloss-Natural-Long-lasting-Moisturizing-Lipstick-Plumping-Glitter-Lipgloss-Matte-Lipsticks-Beauty-Makeup-Lip.jpg
626456,https://wallcorners.com/product/miss-rose-lipstick-matte-waterproof-long-lasting-moisturizer-lip-stick-12-colors-sexy-red-brown-pigments-makeup-matte-lipsticks/,"MISS ROSE Lipstick Matte Waterproof Long-lasting Moisturizer Lip Stick 12 Colors Sexy Red Brown Pigments Makeup Matte Lipsticks",2020/08/MISS-ROSE-Lipstick-Matte-Waterproof-Long-lasting-Moisturizer-Lip-Stick-12-Colors-Sexy-Red-Brown-Pigments.jpg
626461,https://wallcorners.com/product/1pcs-sexy-matte-lipstick-waterproof-long-lasting-natural-matte-lipsticks-women-lip-gloss-pigments-lips-beauty-makeup-cosmetics/,"1pcs Sexy Matte Lipstick Waterproof Long Lasting Natural Matte Lipsticks Women Lip Gloss Pigments Lips Beauty Makeup Cosmetics",2020/08/1pcs-Sexy-Matte-Lipstick-Waterproof-Long-Lasting-Natural-Matte-Lipsticks-Women-Lip-Gloss-Pigments-Lips-Beauty.jpg
626472,https://wallcorners.com/product/miss-rose-5-color-set-makeup-lipstick-lipliner-waterproof-matte-lipstick-pen-lasting-moisturizer-women-beauty-lip-cosmetic-kits/,"MISS ROSE 5 Color/set Makeup Lipstick Lipliner Waterproof Matte Lipstick Pen Lasting Moisturizer Women Beauty Lip Cosmetic Kits",2020/08/MISS-ROSE-5-Color-set-Makeup-Lipstick-Lipliner-Waterproof-Matte-Lipstick-Pen-Lasting-Moisturizer-Women-Beauty.jpg
626475,https://wallcorners.com/product/lady-sexy-beauty-lip-makeup-long-lasting-waterproof-matte-lipstick-moisturizing-easy-to-wear-nude-lip-makeup-lipsticks-cosmetic/,"Lady Sexy Beauty Lip Makeup Long Lasting Waterproof Matte Lipstick Moisturizing Easy To Wear Nude Lip Makeup Lipsticks Cosmetic",2020/08/Lady-Sexy-Beauty-Lip-Makeup-Long-Lasting-Waterproof-Matte-Lipstick-Moisturizing-Easy-To-Wear-Nude-Lip.jpg
626482,https://wallcorners.com/product/new-cosmetics-bowknot-diamond-matte-lipstick-moisturize-and-long-lasting-non-fade/,"New Cosmetics Bowknot Diamond Matte Lipstick Moisturize And Long Lasting Non Fade",2020/08/New-Cosmetics-Bowknot-Diamond-Matte-Lipstick-Moisturize-And-Long-Lasting-Non-Fade.jpg
626489,https://wallcorners.com/product/luxurious-gold-matte-lipstick-waterproof-long-lasting-moisturize-lip-stick-brand-makeup-pigment-pintalabios-batom-matte-lip/,"Luxurious Gold Matte Lipstick Waterproof Long Lasting Moisturize Lip Stick Brand Makeup Pigment Pintalabios batom Matte Lip",2020/08/Luxurious-Gold-Matte-Lipstick-Waterproof-Long-Lasting-Moisturize-Lip-Stick-Brand-Makeup-Pigment-Pintalabios-batom-Matte.jpg
626495,https://wallcorners.com/product/14-colors-fashion-double-end-lip-makeup-lipstick-pencil-waterproof-long-lasting-tint-sexy-lip-stick-matte-liner-pen-lipstick/,"14 Colors Fashion Double-end Lip Makeup Lipstick Pencil Waterproof Long Lasting Tint Sexy Lip Stick Matte Liner Pen Lipstick",2020/08/14-Colors-Fashion-Double-end-Lip-Makeup-Lipstick-Pencil-Waterproof-Long-Lasting-Tint-Sexy-Lip-Stick.jpg
626502,https://wallcorners.com/product/catkin-moisturizing-lipstick-with-six-beautiful-colors-silky-nourish-lip-stick-with-triple-plant-essence-long-lasting-waterproof/,"CATKIN Moisturizing Lipstick With Six Beautiful Colors Silky Nourish Lip Stick With Triple Plant Essence Long Lasting Waterproof",2020/08/CATKIN-Moisturizing-Lipstick-With-Six-Beautiful-Colors-Silky-Nourish-Lip-Stick-With-Triple-Plant-Essence-Long.jpg
626507,https://wallcorners.com/product/12pcs-waterproof-magic-colour-temperature-change-color-aloe-lipstick-protection-lip-balm-long-lasting-moisturizer-lips-cosmetics/,"12pcs Waterproof Magic Colour Temperature Change Color Aloe Lipstick Protection Lip Balm Long-Lasting Moisturizer Lips Cosmetics",2020/08/12pcs-Waterproof-Magic-Colour-Temperature-Change-Color-Aloe-Lipstick-Protection-Lip-Balm-Long-Lasting-Moisturizer-Lips.jpg
626514,https://wallcorners.com/product/starry-magic-lipstick-free-lip-brush-color-temperature-change-moisturizer-long-lasting-waterproof-lip-gloss-cosmetic-makeup/,"Starry Magic Lipstick Free Lip Brush Color Temperature Change Moisturizer long-lasting waterproof Lip gloss Cosmetic makeup",2020/08/Starry-Magic-Lipstick-Free-Lip-Brush-Color-Temperature-Change-Moisturizer-long-lasting-waterproof-Lip-gloss-Cosmetic.jpg
626534,https://wallcorners.com/product/focallure-staymax-matte-liquid-lipstick-lightweight-but-watery-highly-pigmented-waterproof-liquid-matte-lipstick/,"FOCALLURE Staymax Matte Liquid Lipstick Lightweight But Watery Highly Pigmented Waterproof Liquid Matte Lipstick",2020/08/FOCALLURE-Staymax-Matte-Liquid-Lipstick-Lightweight-But-Watery-Highly-Pigmented-Waterproof-Liquid-Matte-Lipstick.jpg
626545,https://wallcorners.com/product/catkin-semi-matte-lipstick-long-lasting-moisturizing-lipstick-chinese-style-no-fragrance-alcohol-suitable-for-any-type-of-skin/,"CATKIN Semi-Matte Lipstick Long Lasting Moisturizing Lipstick Chinese Style No Fragrance / Alcohol Suitable For Any Type Of Skin",2020/08/CATKIN-Semi-Matte-Lipstick-Long-Lasting-Moisturizing-Lipstick-Chinese-Style-No-Fragrance-Alcohol-Suitable-For-Any.jpg
626549,https://wallcorners.com/product/pudaier-1pc-double-end-matte-lipstick-lip-liner-gloss-long-lasting-waterproof-tattoo-paint-lip-tint-matt-stick-batom-lipgloss/,"Pudaier 1pc Double-end Matte Lipstick Lip Liner Gloss Long-lasting Waterproof Tattoo Paint Lip Tint Matt Stick Batom lipgloss",2020/08/Pudaier-1pc-Double-end-Matte-Lipstick-Lip-Liner-Gloss-Long-lasting-Waterproof-Tattoo-Paint-Lip-Tint.jpg
626552,https://wallcorners.com/product/henlics-1pc-waterproof-lipstick-pumpkin-color-lipstick-moisturizing-long-lasting-professional-lipstick-maquiagem/,"HENLICS 1PC Waterproof Lipstick  Pumpkin Color Lipstick Moisturizing Long lasting Professional Lipstick maquiagem",2020/08/HENLICS-1PC-Waterproof-Lipstick-Pumpkin-Color-Lipstick-Moisturizing-Long-lasting-Professional-Lipstick-maquiagem.jpg
626553,https://wallcorners.com/product/pudaier-brand-matte-lipstick-professional-makeup-for-women-long-lasting-velvet-tint-matt-sexy-lip-stick-nice-shades-batom-matte/,"Pudaier Brand Matte Lipstick Professional Makeup for Women Long Lasting Velvet Tint Matt Sexy Lip Stick Nice Shades Batom Matte",2020/08/Pudaier-Brand-Matte-Lipstick-Professional-Makeup-for-Women-Long-Lasting-Velvet-Tint-Matt-Sexy-Lip-Stick.jpg
626556,https://wallcorners.com/product/focallure-high-quality-cream-lipstick-soft-long-lasting-pigmented-tint-sexy-red-lip-stick-beauty-matte-but-not-dry-lipstick/,"FOCALLURE High Quality Cream Lipstick Soft Long Lasting Pigmented Tint Sexy Red Lip Stick Beauty Matte But not Dry Lipstick",2020/08/FOCALLURE-High-Quality-Cream-Lipstick-Soft-Long-Lasting-Pigmented-Tint-Sexy-Red-Lip-Stick-Beauty-Matte.jpg
626709,https://wallcorners.com/product/pudaier-2-in-1-matte-liquid-lipstick-20-professional-makeup-nude-lipstick-for-makeup-tint-lip-line-long-lasting-waterproof/,"Pudaier 2 In 1 Matte Liquid Lipstick 20 Professional Makeup Nude Lipstick For Makeup Tint Lip Line Long lasting Waterproof",2020/08/Pudaier-2-In-1-Matte-Liquid-Lipstick-20-Professional-Makeup-Nude-Lipstick-For-Makeup-Tint-Lip.jpg
626728,https://wallcorners.com/product/5pcs-set-matte-lipstick-long-lasting-professional-makeup-full-portable-lipsticks-for-lips-make-up-tint-lip-gloss-lipstick-matte/,"5pcs/set matte lipstick long lasting professional makeup full Portable lipsticks for lips make up tint lip gloss lipstick matte",2020/08/5pcs-set-matte-lipstick-long-lasting-professional-makeup-full-Portable-lipsticks-for-lips-make-up-tint.jpg
626732,https://wallcorners.com/product/18pcs-mini-liquid-lipstick-portable-professional-makeup-full-portable-lipsticks-for-lips-make-up-tint-lip-gloss-lipstick-matte/,"18pcs Mini Liquid lipstick Portable professional makeup full Portable lipsticks for lips make up tint lip gloss lipstick matte",2020/08/18pcs-Mini-Liquid-lipstick-Portable-professional-makeup-full-Portable-lipsticks-for-lips-make-up-tint-lip.jpg
626738,https://wallcorners.com/product/pudaier-12-colors-semi-matte-lipstick-long-lasting-liquid-lipstick-for-lips-makeup-waterproof-tint-lip-batom-matte-lipstick-matt/,"Pudaier 12 Colors Semi Matte Lipstick Long Lasting Liquid Lipstick for Lips Makeup Waterproof Tint Lip Batom Matte Lipstick Matt",2020/08/Pudaier-12-Colors-Semi-Matte-Lipstick-Long-Lasting-Liquid-Lipstick-for-Lips-Makeup-Waterproof-Tint-Lip.jpg
626749,https://wallcorners.com/product/pudaier-future-matter-lipstick-for-lips-makeup-matte-lipsticks-long-lasting-cosmetics-professional-makeup-full-women-lips-stick/,"Pudaier Future Matter Lipstick for Lips Makeup Matte Lipsticks Long Lasting Cosmetics Professional Makeup Full Women Lips Stick",2020/08/Pudaier-Future-Matter-Lipstick-for-Lips-Makeup-Matte-Lipsticks-Long-Lasting-Cosmetics-Professional-Makeup-Full-Women.jpg
626754,https://wallcorners.com/product/pudaier-26-colors-lip-gloss-lip-tint-kyliejener-cosmetic-lipstick-lipgloss-pigment-sexy-lip-matte-liquid-lipstick-nude-makeup/,"Pudaier 26 colors Lip gloss Lip Tint Kyliejener Cosmetic Lipstick Lipgloss Pigment Sexy Lip Matte Liquid Lipstick Nude Makeup",2020/08/Pudaier-26-colors-Lip-gloss-Lip-Tint-Kyliejener-Cosmetic-Lipstick-Lipgloss-Pigment-Sexy-Lip-Matte-Liquid.jpg
626813,https://wallcorners.com/product/hot-sale-women-double-color-lipstick-waterproof-long-lasting-lip-gloss-moisturzing-nourishing-lipsticks-balm-lip-cosmetics/,"Hot Sale Women Double Color Lipstick Waterproof Long-Lasting Lip Gloss Moisturzing Nourishing Lipsticks Balm Lip Cosmetics",2020/08/Hot-Sale-Women-Double-Color-Lipstick-Waterproof-Long-Lasting-Lip-Gloss-Moisturzing-Nourishing-Lipsticks-Balm-Lip.jpg
626840,https://wallcorners.com/product/bittb-1pcs-matte-nude-lipstick-lipgloss-set-long-lasting-lip-stick-gloss-cosmetics-velvet-red-lipstick-makeup-tools/,"Bittb 1pcs Matte Nude Lipstick Lipgloss Set Long Lasting Lip Stick Gloss Cosmetics Velvet Red Lipstick Makeup Tools",2020/08/Bittb-1pcs-Matte-Nude-Lipstick-Lipgloss-Set-Long-Lasting-Lip-Stick-Gloss-Cosmetics-Velvet-Red-Lipstick.jpg
626899,https://wallcorners.com/product/waterproof-long-lasting-flower-lipsticks-transparant-cosmetics-magic-temperature-color-changing-moisturizer-pink-lip-blam-makeup/,"Waterproof Long-lasting Flower Lipsticks Transparant Cosmetics Magic Temperature Color Changing Moisturizer Pink Lip Blam Makeup",2020/08/Waterproof-Long-lasting-Flower-Lipsticks-Transparant-Cosmetics-Magic-Temperature-Color-Changing-Moisturizer-Pink-Lip-Blam-Makeup.jpg
626922,https://wallcorners.com/product/6-colors-hot-sale-wine-bottle-shape-lip-gloss-long-lasting-moisturer-liquid-lipstick-lip-makeup-lipstick/,"6 Colors Hot Sale Wine Bottle Shape Lip Gloss Long Lasting Moisturer Liquid Lipstick Lip Makeup Lipstick",2020/08/6-Colors-Hot-Sale-Wine-Bottle-Shape-Lip-Gloss-Long-Lasting-Moisturer-Liquid-Lipstick-Lip-Makeup.jpg
626943,https://wallcorners.com/product/3pcs-set-nutritious-cat-paw-lipstick-cat-lip-stick-makeup-set-waterproof-long-lasting-lipstick-moisturizing-lipstick-batom/,"3pcs/Set Nutritious Cat Paw Lipstick Cat lip Stick Makeup Set Waterproof Long Lasting Lipstick Moisturizing lipstick Batom",2020/08/3pcs-Set-Nutritious-Cat-Paw-Lipstick-Cat-lip-Stick-Makeup-Set-Waterproof-Long-Lasting-Lipstick-Moisturizing.jpg
626952,https://wallcorners.com/product/makeup-matte-velvet-dark-lipstick-waterproof-long-lasting-nude-lip-stick-pencil-make-up-pink-lip-balm-pen-silky-cosmetics-tint/,"Makeup Matte Velvet Dark Lipstick Waterproof Long-lasting Nude Lip Stick Pencil Make up Pink Lip Balm Pen Silky Cosmetics Tint",2020/08/Makeup-Matte-Velvet-Dark-Lipstick-Waterproof-Long-lasting-Nude-Lip-Stick-Pencil-Make-up-Pink-Lip.jpg
627010,https://wallcorners.com/product/change-color-fruit-moisturizer-makeup-lipsticklabial-glairsweet-tast-lipbalmcosmetics-clear-lip-balmlipglosslip-stain-lips/,"Change Color fruit Moisturizer Makeup Lipstick,Labial Glair,Sweet Tast Lipbalm,Cosmetics clear Lip Balm,Lipgloss,Lip Stain ,Lips",2020/08/Change-Color-fruit-Moisturizer-Makeup-Lipstick-Labial-Glair-Sweet-Tast-Lipbalm-Cosmetics-clear-Lip-Balm-Lipgloss.jpg
627012,https://wallcorners.com/product/new-hot-cute-cat-shaped-matte-lipstick-long-lasting-lipsticks-nude-makeup-lip-cosmetics-velvet-red-waterproof-korean-cosmetics/,"New Hot Cute Cat Shaped Matte Lipstick Long Lasting Lipsticks Nude Makeup Lip Cosmetics Velvet Red Waterproof  Korean Cosmetics",2020/08/New-Hot-Cute-Cat-Shaped-Matte-Lipstick-Long-Lasting-Lipsticks-Nude-Makeup-Lip-Cosmetics-Velvet-Red.jpg
627019,https://wallcorners.com/product/1pcs-color-changing-lipstick-dried-flower-jelly-lipstick-long-lasting-moisturizer-plumper-cosmetic-makeup-tools/,"1pcs Color Changing Lipstick Dried Flower Jelly Lipstick Long-lasting Moisturizer Plumper Cosmetic Makeup Tools",2020/08/1pcs-Color-Changing-Lipstick-Dried-Flower-Jelly-Lipstick-Long-lasting-Moisturizer-Plumper-Cosmetic-Makeup-Tools.jpg
627028,https://wallcorners.com/product/flower-west-moisturizing-lipstick-red-lip-matte-long-lasting-lipstick-mouth-red-moisturizer-china-makeup-cosmetics-florasis/,"Flower West Moisturizing Lipstick Red Lip Matte Long Lasting Lipstick Mouth Red Moisturizer China Makeup Cosmetics Florasis",2020/08/Flower-West-Moisturizing-Lipstick-Red-Lip-Matte-Long-Lasting-Lipstick-Mouth-Red-Moisturizer-China-Makeup-Cosmetics.jpg
627039,https://wallcorners.com/product/handaiyan-cigarette-lipstick-4pcs-set-matte-velvet-mist-lipstick-small-cigarette-lasting-lipstick/,"HANDAIYAN Cigarette Lipstick 4pcs/Set Matte velvet Mist Lipstick Small Cigarette Lasting Lipstick",2020/08/HANDAIYAN-Cigarette-Lipstick-4pcs-Set-Matte-velvet-Mist-Lipstick-Small-Cigarette-Lasting-Lipstick.jpg
627042,https://wallcorners.com/product/1pc-aloe-vera-natural-moisturizer-lipstick-temperature-changed-color-lipbalm-natural-magic-pink-protector-lips-cosmetics/,"1pc Aloe Vera Natural Moisturizer Lipstick Temperature Changed Color Lipbalm Natural Magic Pink Protector Lips Cosmetics",2020/08/1pc-Aloe-Vera-Natural-Moisturizer-Lipstick-Temperature-Changed-Color-Lipbalm-Natural-Magic-Pink-Protector-Lips-Cosmetics.jpg
627049,https://wallcorners.com/product/hot-sale-waterproof-lipstick-sexy-vampire-lip-stick-matte-velvet-lipsticks-red-lips-color-28-colors-women-makeup-cosmetics/,"Hot Sale Waterproof Lipstick Sexy Vampire Lip Stick Matte Velvet Lipsticks Red Lips Color 28 Colors Women Makeup Cosmetics",2020/08/Hot-Sale-Waterproof-Lipstick-Sexy-Vampire-Lip-Stick-Matte-Velvet-Lipsticks-Red-Lips-Color-28-Colors.jpeg
627056,https://wallcorners.com/product/focallure-3pcs-matte-lip-crayon-high-quality-with-long-lasting-liquid-lipstick-sexy-matte-lip-colors-lips-makeup-tools/,"FOCALLURE 3Pcs Matte Lip Crayon High Quality with Long-lasting Liquid Lipstick Sexy Matte Lip Colors Lips Makeup Tools",2020/08/FOCALLURE-3Pcs-Matte-Lip-Crayon-High-Quality-with-Long-lasting-Liquid-Lipstick-Sexy-Matte-Lip-Colors.jpg
627063,https://wallcorners.com/product/focallure-velvet-matte-liquid-lipstick-high-quality-sexy-lip-tint-pigment-waterproof-long-lasting-natural-light-makeup-lipstick/,"FOCALLURE Velvet Matte Liquid Lipstick High Quality Sexy Lip Tint Pigment Waterproof Long Lasting Natural light Makeup Lipstick",2020/08/FOCALLURE-Velvet-Matte-Liquid-Lipstick-High-Quality-Sexy-Lip-Tint-Pigment-Waterproof-Long-Lasting-Natural-light.jpg
627074,https://wallcorners.com/product/focallure-liquid-lipstick-makeup-matte-lip-tint-sexy-pigment-waterproof-tint-nude-gloss-kiss-proof-make-up-liquid-lipstick/,"FOCALLURE Liquid Lipstick Makeup Matte Lip Tint Sexy Pigment Waterproof Tint Nude Gloss Kiss-proof Make up Liquid Lipstick",2020/08/FOCALLURE-Liquid-Lipstick-Makeup-Matte-Lip-Tint-Sexy-Pigment-Waterproof-Tint-Nude-Gloss-Kiss-proof-Make.jpg
627077,https://wallcorners.com/product/focallure-brand-2019-matte-lipstick-waterproof-long-lasting-women-new-make-up-lips-sexy-red-brown-velvet-lipstick/,"FOCALLURE brand 2019 Matte lipstick waterproof long lasting women new make up lips Sexy red brown velvet lipstick",2020/08/FOCALLURE-brand-2019-Matte-lipstick-waterproof-long-lasting-women-new-make-up-lips-Sexy-red-brown.jpg
627095,https://wallcorners.com/product/pudaier-brand-sexy-matte-moisturizing-lipstick-pumpkin-color-tint-matt-lip-stick-makeup-for-women-gift-long-lasting-waterproof/,"Pudaier Brand Sexy Matte Moisturizing Lipstick Pumpkin Color Tint Matt Lip Stick Makeup For Women Gift Long-Lasting Waterproof",2020/08/Pudaier-Brand-Sexy-Matte-Moisturizing-Lipstick-Pumpkin-Color-Tint-Matt-Lip-Stick-Makeup-For-Women-Gift.jpg
627096,https://wallcorners.com/product/pudaier-2-in-1-perfect-lipstick-professional-makeup-full-portable-matte-liquid-lipsticks-for-makeup-tint-lip-line-waterproof/,"Pudaier 2 in 1 perfect lipstick professional makeup full Portable matte Liquid lipsticks for makeup tint lip line waterproof",2020/08/Pudaier-2-in-1-perfect-lipstick-professional-makeup-full-Portable-matte-Liquid-lipsticks-for-makeup-tint.png
627098,https://wallcorners.com/product/pudaier-hydrating-long-lasting-matte-liquid-makeup-lipstick-darker-red-color-non-stick-cup-waterproof-matt-lipstick-batom-matte/,"Pudaier Hydrating Long Lasting Matte Liquid Makeup Lipstick Darker Red Color Non Stick Cup Waterproof Matt Lipstick Batom Matte",2020/08/Pudaier-Hydrating-Long-Lasting-Matte-Liquid-Makeup-Lipstick-Darker-Red-Color-Non-Stick-Cup-Waterproof-Matt.jpg
627105,https://wallcorners.com/product/pudaier-16-colors-matte-lipstick-rebellious-girl-lip-red-makeup-stick-nude-long-lasting-portable-moisturizing-lip-balm-cosmetic/,"Pudaier 16 Colors Matte Lipstick Rebellious Girl Lip Red Makeup Stick Nude Long-lasting Portable Moisturizing Lip Balm Cosmetic",2020/08/Pudaier-16-Colors-Matte-Lipstick-Rebellious-Girl-Lip-Red-Makeup-Stick-Nude-Long-lasting-Portable-Moisturizing.jpg
627114,https://wallcorners.com/product/pudaier-1pc-9colors-lipstick-palette-cream-waterproof-nutritious-moisturizer-long-lasting-lip-stick-pigment-makeup-palette/,"Pudaier 1PC 9Colors Lipstick Palette Cream Waterproof Nutritious Moisturizer Long Lasting Lip Stick Pigment Makeup palette",2020/08/Pudaier-1PC-9Colors-Lipstick-Palette-Cream-Waterproof-Nutritious-Moisturizer-Long-Lasting-Lip-Stick-Pigment-Makeup-palette.jpg
627119,https://wallcorners.com/product/pudaier-brand-double-ended-lipstick-long-lasting-makeup-pencil-lip-liner-sexy-red-lipstick-waterproof-batom-matte-nude-16-colors/,"Pudaier Brand Double Ended Lipstick Long Lasting Makeup Pencil Lip Liner Sexy Red Lipstick Waterproof Batom Matte Nude 16 Colors",2020/08/Pudaier-Brand-Double-Ended-Lipstick-Long-Lasting-Makeup-Pencil-Lip-Liner-Sexy-Red-Lipstick-Waterproof-Batom.jpg
627131,https://wallcorners.com/product/pudaier-semi-matte-lipstick-unique-long-lasting-for-lip-makeup-liquid-lipstick-set-professional-waterproof-tint-lip-cosmetics/,"Pudaier Semi Matte Lipstick Unique Long Lasting for Lip Makeup Liquid Lipstick Set Professional Waterproof Tint Lip Cosmetics",2020/08/Pudaier-Semi-Matte-Lipstick-Unique-Long-Lasting-for-Lip-Makeup-Liquid-Lipstick-Set-Professional-Waterproof-Tint.jpg
627138,https://wallcorners.com/product/pudaier-moisturizing-lipstick-long-lasting-for-lip-makeup-12-colors-liquid-lipstick-set-professional-bottom-color-tint-cosmetics/,"Pudaier Moisturizing Lipstick Long Lasting for Lip Makeup 12 Colors Liquid Lipstick Set Professional Bottom color Tint Cosmetics",2020/08/Pudaier-Moisturizing-Lipstick-Long-Lasting-for-Lip-Makeup-12-Colors-Liquid-Lipstick-Set-Professional-Bottom-color.jpg
627140,https://wallcorners.com/product/handaiyan-glitter-lipstick-shimmer-temperature-change-lipstick-shiny-glitter-lipstick-lips-batom-wine-gold-pink-lip-cosmetics/,"HANDAIYAN Glitter Lipstick Shimmer Temperature Change Lipstick Shiny Glitter Lipstick Lips Batom Wine Gold Pink Lip Cosmetics",2020/08/HANDAIYAN-Glitter-Lipstick-Shimmer-Temperature-Change-Lipstick-Shiny-Glitter-Lipstick-Lips-Batom-Wine-Gold-Pink-Lip.jpg
627147,https://wallcorners.com/product/focallure-new-matte-liquid-lipstick-high-pigment-lip-tint-sexy-red-easy-to-wear-2019-rich-hot-color-lips-makeup-liquid-lipstick/,"FOCALLURE New Matte Liquid Lipstick High Pigment Lip Tint Sexy Red Easy to Wear 2019 Rich Hot Color Lips makeup Liquid Lipstick",2020/08/FOCALLURE-New-Matte-Liquid-Lipstick-High-Pigment-Lip-Tint-Sexy-Red-Easy-to-Wear-2019-Rich.jpg
627158,https://wallcorners.com/product/focallure-nude-color-liquid-lipstick-long-lasting-waterproof-matte-velvet-no-sticky-lip-stick/,"FOCALLURE Nude Color Liquid Lipstick Long-lasting Waterproof Matte Velvet No Sticky Lip Stick",2020/08/FOCALLURE-Nude-Color-Liquid-Lipstick-Long-lasting-Waterproof-Matte-Velvet-No-Sticky-Lip-Stick.jpg
627161,https://wallcorners.com/product/focallure-12-new-arrival-shimmer-lip-gloss-waterproof-matte-lipstick-metal-rose-golden-lip-gloss-liquid-lipstick/,"FOCALLURE 12 New Arrival Shimmer Lip Gloss Waterproof Matte Lipstick Metal Rose Golden Lip Gloss Liquid Lipstick",2020/08/FOCALLURE-12-New-Arrival-Shimmer-Lip-Gloss-Waterproof-Matte-Lipstick-Metal-Rose-Golden-Lip-Gloss-Liquid.jpg
627168,https://wallcorners.com/product/focallure-velvet-liquid-lipstick-waterproof-long-lasting-9-colors-lipsticks-matt-lip-stick/,"FOCALLURE Velvet Liquid Lipstick waterproof long lasting 9 colors lipsticks Matt lip stick",2020/08/FOCALLURE-Velvet-Liquid-Lipstick-waterproof-long-lasting-9-colors-lipsticks-Matt-lip-stick.jpg
627175,https://wallcorners.com/product/pudaier-dark-berry-color-matte-lipstick-makeup-for-women-long-lasting-waterproof-tint-matt-lip-stick-moisturizer-non-stick-cup/,"Pudaier Dark Berry Color Matte Lipstick Makeup for Women Long Lasting Waterproof Tint Matt Lip Stick Moisturizer Non stick Cup",2020/08/Pudaier-Dark-Berry-Color-Matte-Lipstick-Makeup-for-Women-Long-Lasting-Waterproof-Tint-Matt-Lip-Stick.jpg
627182,https://wallcorners.com/product/pudaier-dark-red-matte-lipstick-makeup-long-lasting-waterproof-professional-cosmetics-smooth-velvet-matt-lip-stick-nice-shades/,"Pudaier Dark Red Matte Lipstick Makeup Long Lasting Waterproof Professional Cosmetics  Smooth Velvet Matt Lip Stick nice Shades",2020/08/Pudaier-Dark-Red-Matte-Lipstick-Makeup-Long-Lasting-Waterproof-Professional-Cosmetics-Smooth-Velvet-Matt-Lip-Stick.jpg
627205,https://wallcorners.com/product/makeup-matte-nude-liquid-lipstick-waterproof-long-lasting-high-quality-27colors-custom-private-label-packaging-wholesale-vendor/,"Makeup Matte Nude Liquid Lipstick Waterproof Long Lasting High quality 27Colors Custom Private label Packaging  Wholesale Vendor",2020/08/Makeup-Matte-Nude-Liquid-Lipstick-Waterproof-Long-Lasting-High-quality-27Colors-Custom-Private-label-Packaging-Wholesale.jpg
627210,https://wallcorners.com/product/high-quality-matte-nude-red-lipstick-long-lasting-non-stick-waterproof-makeup-liquid-lipgloss-cosmetics-custom-private-label/,"High Quality Matte Nude Red Lipstick Long Lasting Non-stick Waterproof Makeup Liquid Lipgloss Cosmetics Custom Private label",2020/08/High-Quality-Matte-Nude-Red-Lipstick-Long-Lasting-Non-stick-Waterproof-Makeup-Liquid-Lipgloss-Cosmetics-Custom.jpg
627218,https://wallcorners.com/product/21-color-lady-matte-moisturizing-lip-balm-lipstick-lip-gloss-waterproof-non-stick-cup-lasting-makeup/,"21 color lady matte moisturizing lip balm lipstick lip gloss waterproof non-stick cup lasting makeup",2020/08/21-color-lady-matte-moisturizing-lip-balm-lipstick-lip-gloss-waterproof-non-stick-cup-lasting-makeup.jpg
627220,https://wallcorners.com/product/candy-jelly-lip-gloss-waterproof-lip-stick-long-lasting-non-stick-cup-lip-sticks-cosmetic-makeup-matte-lipsticks-beauty-lip-tint/,"Candy Jelly Lip Gloss Waterproof Lip Stick Long Lasting Non-stick Cup Lip Sticks Cosmetic Makeup Matte Lipsticks Beauty Lip Tint",2020/08/Candy-Jelly-Lip-Gloss-Waterproof-Lip-Stick-Long-Lasting-Non-stick-Cup-Lip-Sticks-Cosmetic-Makeup.jpg
627222,https://wallcorners.com/product/waterproof-lip-stick-non-stick-cup-lip-sticks-matte-lipsticks-long-lasting-lip-gloss-beauty-lip-tint-lipgloss-cosmetic-makeup/,"Waterproof Lip Stick Non-stick Cup Lip Sticks Matte Lipsticks Long Lasting Lip Gloss Beauty Lip Tint Lipgloss Cosmetic Makeup",2020/08/Waterproof-Lip-Stick-Non-stick-Cup-Lip-Sticks-Matte-Lipsticks-Long-Lasting-Lip-Gloss-Beauty-Lip.jpg
627224,https://wallcorners.com/product/wholesale-matte-moist-lipstick-high-pigmented-long-lasting-makeup-waterproof-cosmetics-red-nude-lipstick-low-moq-custom-label/,"Wholesale Matte Moist Lipstick High Pigmented Long Lasting Makeup Waterproof Cosmetics Red Nude Lipstick Low MOQ Custom Label",2020/08/Wholesale-Matte-Moist-Lipstick-High-Pigmented-Long-Lasting-Makeup-Waterproof-Cosmetics-Red-Nude-Lipstick-Low-MOQ.jpg
627283,https://wallcorners.com/product/2pcs-set-gold-silver-lips-makeup-brush-pen-metal-handle-cosmetic-lipgloss-lipstick-lip-gloss-brush-with-protect-cap-random/,"2pcs/set Gold Silver Lips Makeup Brush Pen Metal Handle Cosmetic Lipgloss Lipstick Lip Gloss Brush With Protect Cap Random",2020/08/2pcs-set-Gold-Silver-Lips-Makeup-Brush-Pen-Metal-Handle-Cosmetic-Lipgloss-Lipstick-Lip-Gloss-Brush.jpg
627293,https://wallcorners.com/product/nude-matte-lip-gloss-makeup-waterproof-velvet-liquid-lipstick-lips-cosmetics-long-lasting-lip-stick-cream-make-up-tint-lipgloss/,"Nude Matte Lip Gloss Makeup Waterproof Velvet Liquid Lipstick Lips Cosmetics Long-lasting Lip Stick Cream Make up Tint Lipgloss",2020/08/Nude-Matte-Lip-Gloss-Makeup-Waterproof-Velvet-Liquid-Lipstick-Lips-Cosmetics-Long-lasting-Lip-Stick-Cream.jpg
627317,https://wallcorners.com/product/makeup-tools-lipstick-nail-polish-chocolate-party-diy-fondant-cake-decorating-tools-silicone-mold-dessert-moulds-t0075/,"Makeup tools lipstick nail polish chocolate Party DIY fondant cake decorating tools silicone mold dessert moulds T0075",2020/08/Makeup-tools-lipstick-nail-polish-chocolate-Party-DIY-fondant-cake-decorating-tools-silicone-mold-dessert-moulds.jpg
627328,https://wallcorners.com/product/matte-liquid-lipstick-makeup-nude-matt-lip-gloss-lips-make-up-cosmetics-waterproof-velvet-lip-stick-smooth-lipgloss-sample-size/,"Matte Liquid Lipstick Makeup Nude Matt Lip Gloss Lips Make up Cosmetics Waterproof Velvet Lip Stick Smooth Lipgloss Sample Size",2020/08/Matte-Liquid-Lipstick-Makeup-Nude-Matt-Lip-Gloss-Lips-Make-up-Cosmetics-Waterproof-Velvet-Lip-Stick.jpg
627338,https://wallcorners.com/product/50pcs-disposable-cosmetic-makeup-lip-brush-lipstick-lip-glossy-wands-pen-cleaner-applicator-eyeshadow-lip-gloss-brushes-tools/,"50pcs Disposable Cosmetic Makeup Lip Brush Lipstick Lip Glossy Wands Pen Cleaner Applicator Eyeshadow Lip Gloss Brushes Tools",2020/08/50pcs-Disposable-Cosmetic-Makeup-Lip-Brush-Lipstick-Lip-Glossy-Wands-Pen-Cleaner-Applicator-Eyeshadow-Lip-Gloss.jpg
627341,https://wallcorners.com/product/creative-lipstick-pen-cute-mini-7cm-ballpoint-pen-office-stationery-supplies-funny-ballpoint-pen-gift-personality-ballpoint-pen/,"Creative lipstick pen cute mini 7cm ballpoint pen, office stationery supplies funny ballpoint pen gift personality ballpoint pen",2020/08/Creative-lipstick-pen-cute-mini-7cm-ballpoint-pen-office-stationery-supplies-funny-ballpoint-pen-gift-personality.jpg
627348,https://wallcorners.com/product/fashion-brooch-pins-girl-cosmetics-lipstick-bow-love-wings-purple-stone-enamel-pins-skirt-accessories-women-gifts-for-daughter/,"Fashion Brooch Pins Girl Cosmetics Lipstick Bow Love Wings Purple Stone Enamel Pins Skirt Accessories Women Gifts for daughter",2020/08/Fashion-Brooch-Pins-Girl-Cosmetics-Lipstick-Bow-Love-Wings-Purple-Stone-Enamel-Pins-Skirt-Accessories-Women.jpg
627383,https://wallcorners.com/product/waterproof-makeup-matte-liquid-lipstick-long-lasting-cosmetics-mist-nude-lip-gloss-cheap-stuff-lip-stick-lips-make-up-lipgloss/,"Waterproof Makeup Matte Liquid Lipstick Long-lasting Cosmetics Mist Nude Lip Gloss Cheap Stuff Lip Stick Lips Make up Lipgloss",2020/08/Waterproof-Makeup-Matte-Liquid-Lipstick-Long-lasting-Cosmetics-Mist-Nude-Lip-Gloss-Cheap-Stuff-Lip-Stick.jpg
627448,https://wallcorners.com/product/new-50pcs-disposable-lip-brush-lipstick-brush-cosmetic-lip-brush-plastic-makeup-brush-applicators-maquiagem-lipstick-wands/,"New 50Pcs Disposable Lip Brush Lipstick Brush Cosmetic Lip Brush Plastic Makeup Brush Applicators maquiagem Lipstick Wands",2020/08/New-50Pcs-Disposable-Lip-Brush-Lipstick-Brush-Cosmetic-Lip-Brush-Plastic-Makeup-Brush-Applicators-maquiagem-Lipstick.jpg
627455,https://wallcorners.com/product/new-sexy-lips-lipstick-creative-brooch-collar-hat-metal-enamel-pin-brooches-for-women-popular-lapels-pins-badge-jewelry-gift/,"New Sexy Lips Lipstick Creative Brooch Collar Hat Metal Enamel Pin Brooches For women Popular Lapels Pins Badge Jewelry Gift",2020/08/New-Sexy-Lips-Lipstick-Creative-Brooch-Collar-Hat-Metal-Enamel-Pin-Brooches-For-women-Popular-Lapels.jpg
627472,https://wallcorners.com/product/50-pcs-disposable-lip-brush-eyelash-makeups-brushes-lash-extension-mascara-applicator-lipstick-wands-set-cosmetic-makeup-tools/,"50 Pcs Disposable Lip Brush Eyelash Makeups Brushes Lash Extension Mascara Applicator Lipstick Wands Set Cosmetic Makeup Tools",2020/08/50-Pcs-Disposable-Lip-Brush-Eyelash-Makeups-Brushes-Lash-Extension-Mascara-Applicator-Lipstick-Wands-Set-Cosmetic.jpg
627491,https://wallcorners.com/product/qibest-liquid-lipstick-waterproof-lipgloss-24-color-lipgloss-lipstick-lips-makeup-cosmetic-long-lasting-lip-tint-lip-gloss-matte/,"QIBEST Liquid Lipstick Waterproof Lipgloss 24 Color Lipgloss Lipstick Lips Makeup Cosmetic Long Lasting Lip Tint Lip Gloss Matte",2020/08/QIBEST-Liquid-Lipstick-Waterproof-Lipgloss-24-Color-Lipgloss-Lipstick-Lips-Makeup-Cosmetic-Long-Lasting-Lip-Tint.jpg
627498,https://wallcorners.com/product/1pc-crystal-red-lipstick-brooches-enamel-pin-jackets-for-women-accessories-pins-rhinestone-lapel-pin-kiss-red-jewelry/,"1pc Crystal Red Lipstick Brooches Enamel Pin Jackets For Women Accessories Pins Rhinestone Lapel Pin Kiss Red Jewelry",2020/08/1pc-Crystal-Red-Lipstick-Brooches-Enamel-Pin-Jackets-For-Women-Accessories-Pins-Rhinestone-Lapel-Pin-Kiss.jpg
627525,https://wallcorners.com/product/fashion-women-small-cosmetic-bags-travel-mini-sanitary-napkins-make-up-coin-money-card-lipstick-storage-pouch-purse-bags/,"Fashion Women Small Cosmetic Bags Travel Mini Sanitary Napkins Make Up Coin Money Card Lipstick Storage Pouch Purse Bags",2020/08/Fashion-Women-Small-Cosmetic-Bags-Travel-Mini-Sanitary-Napkins-Make-Up-Coin-Money-Card-Lipstick-Storage.jpg
627527,https://wallcorners.com/product/monja-gold-silver-collapsible-lips-makeup-brush-pen-metal-handle-lipgloss-lipstick-lip-gloss-brush-with-protect-cap-beauty-tools/,"Monja Gold Silver Collapsible Lips Makeup Brush Pen Metal Handle Lipgloss Lipstick Lip Gloss Brush With Protect Cap Beauty Tools",2020/08/Monja-Gold-Silver-Collapsible-Lips-Makeup-Brush-Pen-Metal-Handle-Lipgloss-Lipstick-Lip-Gloss-Brush-With.jpg
627531,https://wallcorners.com/product/lipsticks-vibrator-mini-secret-bullet-vibrator-clitoris-stimulator-g-spot-massage-sex-toys-for-woman-masturbator-erotic-product/,"Lipsticks Vibrator Mini Secret Bullet Vibrator Clitoris Stimulator G-spot Massage Sex Toys for Woman Masturbator Erotic Product",2020/08/Lipsticks-Vibrator-Mini-Secret-Bullet-Vibrator-Clitoris-Stimulator-G-spot-Massage-Sex-Toys-for-Woman-Masturbator.jpg
627598,https://wallcorners.com/product/5pcs-lipstick-protection-breathable-mask-bracket-prevent-makeup-removal-enhance-breathing-space-mask-nose-pad-bracket/,"5Pcs Lipstick Protection Breathable Mask Bracket Prevent Makeup Removal Enhance Breathing Space Mask Nose Pad Bracket",2020/08/5Pcs-Lipstick-Protection-Breathable-Mask-Bracket-Prevent-Makeup-Removal-Enhance-Breathing-Space-Mask-Nose-Pad-Bracket.jpg
627631,https://wallcorners.com/product/1pc-lipstick-portable-smoking-pipes-metal-tobacco-gift-pipe-magic-novelty-gift-for-men-women-hookah-grinder-narguile-cigarette/,"1pc Lipstick Portable Smoking Pipes Metal Tobacco Gift Pipe Magic Novelty Gift for Men/women Hookah Grinder Narguile Cigarette",2020/08/1pc-Lipstick-Portable-Smoking-Pipes-Metal-Tobacco-Gift-Pipe-Magic-Novelty-Gift-for-Men-women-Hookah.jpg
627641,https://wallcorners.com/product/20pcs-white-8ml-empty-lipstick-tube-lip-balm-soft-tube-makeup-squeeze-clear-lip-gloss-container/,"20pcs White 8ml Empty Lipstick Tube Lip Balm Soft Tube Makeup Squeeze Clear Lip Gloss Container",2020/08/20pcs-White-8ml-Empty-Lipstick-Tube-Lip-Balm-Soft-Tube-Makeup-Squeeze-Clear-Lip-Gloss-Container.jpg
627645,https://wallcorners.com/product/45pcs-hand-drawing-watercolor-beauty-cosmetics-sticker-makeup-lipstick-decoration-notebook-planner-scrapbooking-stickers/,"45pcs Hand Drawing Watercolor beauty Cosmetics Sticker makeup Lipstick decoration Notebook Planner Scrapbooking stickers",2020/08/45pcs-Hand-Drawing-Watercolor-beauty-Cosmetics-Sticker-makeup-Lipstick-decoration-Notebook-Planner-Scrapbooking-stickers.jpg
627649,https://wallcorners.com/product/makeup-tools-silicone-molds-lipstick-nnail-polish-cupcake-topper-fondant-cake-decorating-tools-candy-chocolate-gumpaste-moulds/,"Makeup Tools Silicone Molds Lipstick Nnail Polish Cupcake Topper Fondant Cake Decorating Tools Candy Chocolate Gumpaste Moulds",2020/08/Makeup-Tools-Silicone-Molds-Lipstick-Nnail-Polish-Cupcake-Topper-Fondant-Cake-Decorating-Tools-Candy-Chocolate-Gumpaste.jpg
627650,https://wallcorners.com/product/realistic-lipstick-vibrators-for-women-anal-clit-vagina-dildo-vibrator-erotic-products-sex-toys-for-woman-adults-machine-shop/,"Realistic Lipstick Vibrators for Women Anal Clit Vagina Dildo Vibrator Erotic Products Sex Toys for Woman Adults Machine Shop",2020/08/Realistic-Lipstick-Vibrators-for-Women-Anal-Clit-Vagina-Dildo-Vibrator-Erotic-Products-Sex-Toys-for-Woman.jpg
627652,https://wallcorners.com/product/feminism-badge-pin-fight-like-a-girl-lipstick-pink-metal-enamel-brooch-mace-pistol-lips-trendy-womens-clothing-backpack-jewelry/,"Feminism Badge Pin FIGHT LIKE A GIRL Lipstick Pink Metal Enamel Brooch Mace Pistol Lips Trendy Women's Clothing Backpack Jewelry",2020/08/Feminism-Badge-Pin-FIGHT-LIKE-A-GIRL-Lipstick-Pink-Metal-Enamel-Brooch-Mace-Pistol-Lips-Trendy.jpg
627665,https://wallcorners.com/product/perfume-fashion-poster-lipstick-makeup-brushes-print-canvas-art-painting-wall-picture-beauty-poster-girl-room-home-decoration/,"Perfume Fashion Poster Lipstick Makeup Brushes Print Canvas Art Painting Wall Picture Beauty Poster Girl Room Home Decoration",2020/08/Perfume-Fashion-Poster-Lipstick-Makeup-Brushes-Print-Canvas-Art-Painting-Wall-Picture-Beauty-Poster-Girl-Room.jpg
627673,https://wallcorners.com/product/vintage-drama-women-pink-phonograph-pill-enamel-pins-girls-lips-lipstick-cartoon-game-brooch-jackets-lapel-button-badge-jewelry/,"Vintage Drama Women Pink Phonograph Pill Enamel Pins Girls Lips Lipstick Cartoon Game Brooch Jackets Lapel Button Badge Jewelry",2020/08/Vintage-Drama-Women-Pink-Phonograph-Pill-Enamel-Pins-Girls-Lips-Lipstick-Cartoon-Game-Brooch-Jackets-Lapel.jpg
627705,https://wallcorners.com/product/vela-yue-lipstick-brush-lip-makeup-brush-cosmetics-beauty-tool/,"vela.yue Lipstick Brush Lip Makeup Brush Cosmetics Beauty Tool",2020/08/vela-yue-Lipstick-Brush-Lip-Makeup-Brush-Cosmetics-Beauty-Tool.jpg
627710,https://wallcorners.com/product/10pcs-lot-cosmetic-diy-empty-chapstick-lip-gloss-lipstick-balm-tube-with-caps-container-lip-cream-cosmetic-refillable-bottle/,"10PCS/lot Cosmetic DIY Empty Chapstick Lip Gloss Lipstick Balm Tube With Caps Container Lip Cream Cosmetic Refillable Bottle",2020/08/10PCS-lot-Cosmetic-DIY-Empty-Chapstick-Lip-Gloss-Lipstick-Balm-Tube-With-Caps-Container-Lip-Cream.jpg
627711,https://wallcorners.com/product/1pc-lipstick-portable-smoking-pipes-metal-tobacco-pipe-gift-magic-lip-gloss-novelty-hookah-grinder-narguile-cigarette-holder/,"1pc Lipstick Portable Smoking Pipes Metal Tobacco Pipe Gift Magic Lip Gloss Novelty Hookah Grinder Narguile Cigarette Holder",2020/08/1pc-Lipstick-Portable-Smoking-Pipes-Metal-Tobacco-Pipe-Gift-Magic-Lip-Gloss-Novelty-Hookah-Grinder-Narguile.jpg
627726,https://wallcorners.com/product/45cm45cm-hand-painted-flowers-lipstick-bottles-cushion-cover-and-sofa-pillow-case-home-decorative-pillow-cover-zy833/,"45cm*45cm Hand Painted Flowers Lipstick Bottles Cushion Cover and Sofa Pillow Case Home Decorative Pillow Cover ZY833",2020/08/45cm-45cm-Hand-Painted-Flowers-Lipstick-Bottles-Cushion-Cover-and-Sofa-Pillow-Case-Home-Decorative-Pillow.jpg
627790,https://wallcorners.com/product/portable-lipstick-travel-cosmetic-bag-women-cartoon-cases-make-up-toiletries-organizer-lightweight-waterproof-storage-handbags/,"Portable Lipstick Travel Cosmetic Bag Women Cartoon Cases Make Up Toiletries Organizer Lightweight Waterproof Storage Handbags",2020/08/Portable-Lipstick-Travel-Cosmetic-Bag-Women-Cartoon-Cases-Make-Up-Toiletries-Organizer-Lightweight-Waterproof-Storage-Handbags.jpg
627811,https://wallcorners.com/product/1-set-12-patterns-silver-ring-silicone-lipstick-mould-for-diy-filling-single-cavity-12-1mm-silica-lipstick-mould-crafts-tool-kit/,"1/set 12 Patterns Silver Ring Silicone Lipstick Mould for DIY Filling Single Cavity 12.1mm Silica Lipstick Mould Crafts Tool Kit",2020/08/1-set-12-Patterns-Silver-Ring-Silicone-Lipstick-Mould-for-DIY-Filling-Single-Cavity-12-1mm.jpg
627820,https://wallcorners.com/product/2pcs-natural-ostrich-feathers-white-pink-blue-photography-accessories-diy-decoration-for-bracelet-ring-jewelry-lipstick-cosmetic/,"2pcs Natural Ostrich Feathers White Pink Blue Photography Accessories DIY Decoration for Bracelet Ring Jewelry Lipstick Cosmetic",2020/08/2pcs-Natural-Ostrich-Feathers-White-Pink-Blue-Photography-Accessories-DIY-Decoration-for-Bracelet-Ring-Jewelry-Lipstick.jpg
627824,https://wallcorners.com/product/9-12-grid-transparent-lipstick-storage-box-acrylic-makeup-organizer-cosmetic-storage-rack-desktop-finishing-bathroom-storage/,"9/12 Grid Transparent Lipstick Storage Box Acrylic Makeup Organizer Cosmetic Storage Rack Desktop Finishing Bathroom Storage",2020/08/9-12-Grid-Transparent-Lipstick-Storage-Box-Acrylic-Makeup-Organizer-Cosmetic-Storage-Rack-Desktop-Finishing-Bathroom.jpg
627909,https://wallcorners.com/product/diy-makeup-tools-perfume-bottle-lipstick-silicone-mold-polymer-clay-chocolate-candy-molds-cupcake-fondant-cake-decorating-tools/,"DIY Makeup Tools Perfume Bottle Lipstick Silicone Mold Polymer Clay Chocolate Candy Molds Cupcake Fondant Cake Decorating Tools",2020/08/DIY-Makeup-Tools-Perfume-Bottle-Lipstick-Silicone-Mold-Polymer-Clay-Chocolate-Candy-Molds-Cupcake-Fondant-Cake.jpg
627933,https://wallcorners.com/product/red-lips-mobile-phone-stand-holder-lipstick-finger-ring-poker-character-smartphone-holder-stand-for-iphone-xiaomi-all-phone/,"Red Lips Mobile Phone Stand Holder Lipstick Finger Ring Poker Character Smartphone Holder Stand for IPhone Xiaomi All Phone",2020/08/Red-Lips-Mobile-Phone-Stand-Holder-Lipstick-Finger-Ring-Poker-Character-Smartphone-Holder-Stand-for-IPhone.jpg
627940,https://wallcorners.com/product/2pcs-new-black-lipstick-brush-fiber-hair-gloss-makeup-brush-wooden-soft-handle-lasting-for-lips-beauty-makeup-tools-women/,"2pcs New Black Lipstick Brush Fiber Hair Gloss Makeup Brush Wooden Soft Handle Lasting for Lips Beauty Makeup Tools Women",2020/08/2pcs-New-Black-Lipstick-Brush-Fiber-Hair-Gloss-Makeup-Brush-Wooden-Soft-Handle-Lasting-for-Lips.jpg
627952,https://wallcorners.com/product/1pcs-aloe-natural-high-moisture-lips-care-temperature-change-color-anti-aging-protection-magic-lip-balm-discolor-lipstick/,"1Pcs Aloe Natural High Moisture Lips Care Temperature Change Color Anti-aging Protection Magic Lip Balm Discolor Lipstick",2020/08/1Pcs-Aloe-Natural-High-Moisture-Lips-Care-Temperature-Change-Color-Anti-aging-Protection-Magic-Lip-Balm.jpg
627955,https://wallcorners.com/product/kuguys-fashion-acrylic-jewelry-hyperbole-hiphop-large-rings-lipstick-ring-for-women/,"KUGUYS Fashion Acrylic Jewelry Hyperbole HipHop Large Rings Lipstick Ring for Women",2020/08/KUGUYS-Fashion-Acrylic-Jewelry-Hyperbole-HipHop-Large-Rings-Lipstick-Ring-for-Women.jpg
627959,https://wallcorners.com/product/olo-magic-wand-waterproof-erotic-small-jump-egg-sex-toy-discreet-mini-vibrator-lipstick-machine-products-for-woman-quiet/,"OLO Magic wand Waterproof Erotic Small  Jump Egg Sex Toy Discreet Mini Vibrator Lipstick Machine products  For woman Quiet",2020/08/OLO-Magic-wand-Waterproof-Erotic-Small-Jump-Egg-Sex-Toy-Discreet-Mini-Vibrator-Lipstick-Machine-products.jpg
627966,https://wallcorners.com/product/fashion-jewelry-accessories-lipstick-dress-cartoon-badge-brooch-animal-bird-rabbit-cat-enamel-pins-ice-cream-eye-teeth-brooches/,"Fashion jewelry accessories lipstick dress cartoon badge brooch animal bird rabbit cat enamel pins ice cream eye teeth brooches",2020/08/Fashion-jewelry-accessories-lipstick-dress-cartoon-badge-brooch-animal-bird-rabbit-cat-enamel-pins-ice-cream.jpg
628004,https://wallcorners.com/product/1pc-hot-portable-women-lipstick-case-retro-embroidered-brocade-flower-design-box-with-mirror-fashion-jewelry-holder-random-color/,"1Pc Hot Portable Women Lipstick Case Retro Embroidered Brocade Flower Design Box With Mirror Fashion Jewelry Holder Random Color",2020/08/1Pc-Hot-Portable-Women-Lipstick-Case-Retro-Embroidered-Brocade-Flower-Design-Box-With-Mirror-Fashion-Jewelry.jpg
628010,https://wallcorners.com/product/bella-joy-lovely-red-lipstick-type-acrylic-blocks-dinner-makeup-lipstick-female-package-mini-chain-shoulder-strap/,"BELLA JOY lovely red lipstick type acrylic blocks dinner makeup lipstick female package mini chain shoulder strap",2020/08/BELLA-JOY-lovely-red-lipstick-type-acrylic-blocks-dinner-makeup-lipstick-female-package-mini-chain-shoulder.jpg
628035,https://wallcorners.com/product/brand-50pcs-disposable-lip-brush-lipstick-gloss-wands-lipbrush-makeup-tool/,"Brand 50pcs Disposable Lip Brush Lipstick Gloss Wands Lipbrush Makeup Tool",2020/08/Brand-50pcs-Disposable-Lip-Brush-Lipstick-Gloss-Wands-Lipbrush-Makeup-Tool.jpg
628037,https://wallcorners.com/product/12-1mm-lipstick-mold-silicone-diy-lip-balm-cosmetic-mould-holder-6-types-good-use-lipstick-mould-craft-tool/,"12.1mm Lipstick Mold Silicone DIY Lip Balm Cosmetic Mould Holder 6 Types Good Use Lipstick Mould Craft Tool",2020/08/12-1mm-Lipstick-Mold-Silicone-DIY-Lip-Balm-Cosmetic-Mould-Holder-6-Types-Good-Use-Lipstick.jpg
628044,https://wallcorners.com/product/100pcs-5ml-empty-lip-gloss-tubes-empty-cosmetic-containers-lipstick-jars-balm-lip-gloss-tube-cap-container-travel-makeup-tools/,"100Pcs 5ml Empty Lip Gloss Tubes Empty Cosmetic Containers Lipstick Jars Balm Lip Gloss Tube Cap Container Travel Makeup Tools",2020/08/100Pcs-5ml-Empty-Lip-Gloss-Tubes-Empty-Cosmetic-Containers-Lipstick-Jars-Balm-Lip-Gloss-Tube-Cap.jpg
628110,https://wallcorners.com/product/blucome-enamel-sexy-red-lips-mouth-shape-brooches-for-women-girls-lipstick-bag-dress-banquet-accessories-alloy-brooch-corsage/,"Blucome Enamel Sexy Red Lips Mouth Shape Brooches For Women Girls Lipstick Bag Dress Banquet Accessories Alloy Brooch Corsage",2020/08/Blucome-Enamel-Sexy-Red-Lips-Mouth-Shape-Brooches-For-Women-Girls-Lipstick-Bag-Dress-Banquet-Accessories.jpg
628133,https://wallcorners.com/product/lipstick-brush-nail-polish-makeup-mold-silicone-fondant-mould-diy-chocolate-cake-decorating-tools-craft-cupcake-clay-toppers/,"Lipstick Brush Nail Polish Makeup Mold Silicone Fondant Mould DIY Chocolate Cake Decorating Tools Craft Cupcake Clay Toppers",2020/08/Lipstick-Brush-Nail-Polish-Makeup-Mold-Silicone-Fondant-Mould-DIY-Chocolate-Cake-Decorating-Tools-Craft-Cupcake.jpg
628157,https://wallcorners.com/product/creative-transparent-makeup-storage-box-cosmetic-organizer-acrylic-holder-desktop-display-stand-for-lipsticks-nail-polishes/,"Creative Transparent Makeup Storage Box Cosmetic Organizer Acrylic Holder Desktop Display Stand for Lipsticks Nail Polishes",2020/08/Creative-Transparent-Makeup-Storage-Box-Cosmetic-Organizer-Acrylic-Holder-Desktop-Display-Stand-for-Lipsticks-Nail-Polishes.jpg
628169,https://wallcorners.com/product/5pcs-lipstick-protection-cool-breathable-mask-bracket-enhance-breathing-bracket-pxpb/,"5Pcs Lipstick Protection Cool Breathable Mask Bracket Enhance Breathing Bracket PXPB",2020/08/5Pcs-Lipstick-Protection-Cool-Breathable-Mask-Bracket-Enhance-Breathing-Bracket-PXPB.jpg
628174,https://wallcorners.com/product/2pcs-24-grids-empty-refillable-container-case-makeup-palette-for-beauty-cosmetic-lipstick-lip-balm-eyeshadow-blusher-white-black/,"2pcs 24 Grids Empty Refillable Container Case Makeup Palette for Beauty Cosmetic Lipstick Lip Balm Eyeshadow Blusher White Black",2020/08/2pcs-24-Grids-Empty-Refillable-Container-Case-Makeup-Palette-for-Beauty-Cosmetic-Lipstick-Lip-Balm-Eyeshadow.jpg
628200,https://wallcorners.com/product/10pcs-diy-empty-lipstick-bottle-lipgloss-tube-lip-balm-tube-container-with-cap-cosmetic-sample-container/,"10pcs DIY Empty Lipstick Bottle Lipgloss Tube Lip Balm Tube Container With Cap Cosmetic Sample Container",2020/08/10pcs-DIY-Empty-Lipstick-Bottle-Lipgloss-Tube-Lip-Balm-Tube-Container-With-Cap-Cosmetic-Sample-Container.jpg
628211,https://wallcorners.com/product/2pcs-lot-diy-empty-lipstick-bottle-lip-gloss-tube-lip-balm-tube-sample-container-with-cap-clear-black-white-cosmetic-bottles/,"2pcs/lot DIY Empty Lipstick Bottle Lip Gloss Tube Lip Balm Tube Sample Container With Cap Clear Black White Cosmetic Bottles",2020/08/2pcs-lot-DIY-Empty-Lipstick-Bottle-Lip-Gloss-Tube-Lip-Balm-Tube-Sample-Container-With-Cap.jpg
628214,https://wallcorners.com/product/48pc-set-kawaii-animal-brooch-rabbit-deer-horn-lipstick-cactus-cool-metal-enamel-pins-brooch-jewelry-badge-gifts-women-man/,"4~8pc/set Kawaii Animal Brooch Rabbit Deer Horn Lipstick Cactus COOL Metal Enamel Pins Brooch Jewelry badge Gifts Women Man",2020/08/4-8pc-set-Kawaii-Animal-Brooch-Rabbit-Deer-Horn-Lipstick-Cactus-COOL-Metal-Enamel-Pins-Brooch.jpg
628235,https://wallcorners.com/product/m0075-makeup-tools-lipstick-silicone-mold-gumpaste-chocolate-candy-clay-molds-cupcake-fondant-cake-decorating-tools/,"M0075 Makeup Tools Lipstick Silicone Mold Gumpaste Chocolate Candy Clay Molds Cupcake Fondant Cake Decorating Tools",2020/08/M0075-Makeup-Tools-Lipstick-Silicone-Mold-Gumpaste-Chocolate-Candy-Clay-Molds-Cupcake-Fondant-Cake-Decorating-Tools.jpg
628264,https://wallcorners.com/product/20pcs-bag-8-10-15ml-empty-lip-gloss-tubes-lipstick-tube-lip-balm-soft-tube-makeup-squeeze-clear-lipgloss-tube-container/,"20pcs/bag 8/10/15ML Empty Lip Gloss Tubes Lipstick Tube Lip Balm Soft Tube Makeup Squeeze Clear Lipgloss Tube Container",2020/08/20pcs-bag-8-10-15ML-Empty-Lip-Gloss-Tubes-Lipstick-Tube-Lip-Balm-Soft-Tube-Makeup.jpg
628271,https://wallcorners.com/product/lady-daily-necessities-perfume-lipstick-bags-glasses-scrapbook-photo-cards-rubber-stamp-clear-stamp-transparent-stamp-kw9112829/,"Lady Daily Necessities Perfume Lipstick Bags Glasses Scrapbook photo cards rubber stamp clear stamp transparent stamp KW9112829",2020/08/Lady-Daily-Necessities-Perfume-Lipstick-Bags-Glasses-Scrapbook-photo-cards-rubber-stamp-clear-stamp-transparent-stamp.jpg
628280,https://wallcorners.com/product/1pc-lipstick-secret-stash-safe-diversion-conceal-hidden-compartment-fake-pill-box-random-color-medicine-container-organizer/,"1pc Lipstick Secret Stash Safe Diversion Conceal Hidden Compartment Fake Pill Box Random Color Medicine Container Organizer",2020/08/1pc-Lipstick-Secret-Stash-Safe-Diversion-Conceal-Hidden-Compartment-Fake-Pill-Box-Random-Color-Medicine-Container.jpg
628284,https://wallcorners.com/product/24-grids-acrylic-makeup-organizer-storage-box-cosmetic-box-lipstick-jewelry-box-case-display-stand-organizer-tools/,"24 Grids Acrylic Makeup Organizer Storage Box Cosmetic Box Lipstick Jewelry Box Case  Display Stand Organizer Tools",2020/08/24-Grids-Acrylic-Makeup-Organizer-Storage-Box-Cosmetic-Box-Lipstick-Jewelry-Box-Case-Display-Stand-Organizer.jpg
628297,https://wallcorners.com/product/alnico-v-magnet-lipstick-tube-pickup-electric-guitar-single-coil-pickup-for-st-guitar/,"Alnico V Magnet Lipstick Tube Pickup Electric Guitar Single Coil Pickup for ST Guitar",2020/08/Alnico-V-Magnet-Lipstick-Tube-Pickup-Electric-Guitar-Single-Coil-Pickup-for-ST-Guitar.jpg
628298,https://wallcorners.com/product/100pcs-lot-size-5103cm-plastic-cookie-packaging-cupcake-wrapper-bags-opp-self-adhesive-gift-bag-for-diy-candy-lipstick-packag/,"100pcs/lot Size 5*10+3cm Plastic Cookie Packaging Cupcake Wrapper Bags opp Self Adhesive gift bag For DIY candy Lipstick packag",2020/08/100pcs-lot-Size-5-10-3cm-Plastic-Cookie-Packaging-Cupcake-Wrapper-Bags-opp-Self-Adhesive-gift.jpg
