436738,https://wallcorners.com/product/creative-face-ceramic-vase-flowers-artificial-flowers-decorative-white-vase-nordic-decoration-home/,"Creative Face Ceramic Vase Flowers, Artificial Flowers, Decorative White Vase  Nordic Decoration Home",2020/05/Creative-Face-Ceramic-Vase-Flowers-Artificial-Flowers-Decorative-White-Vase-Nordic-Decoration-Home.jpg
436739,https://wallcorners.com/product/home-decoration-accessories-silicone-sticky-vase-stick-on-the-smooth-wall-glass-and-fridge-magic-flower-plant-vases/,"Home Decoration Accessories Silicone Sticky Vase Stick on The Smooth Wall Glass and Fridge Magic Flower Plant Vases",2020/05/Home-Decoration-Accessories-Silicone-Sticky-Vase-Stick-on-The-Smooth-Wall-Glass-and-Fridge-Magic-Flower.jpg
436741,https://wallcorners.com/product/mediterranean-ceramic-vase-northern-europe-modern-simple-white-powder-grey-ornament-flower-arranging-device-home-frosting/,"Mediterranean ceramic vase northern Europe modern simple white powder grey ornament flower arranging device home frosting",2020/05/Mediterranean-ceramic-vase-northern-Europe-modern-simple-white-powder-grey-ornament-flower-arranging-device-home-frosting.jpg
436745,https://wallcorners.com/product/origami-plastic-vase-flower-vase-imitation-ceramic-flowerpot-flower-basket-artificial-flower-vase-decoration-home-nordic-decorat/,"Origami Plastic Vase Flower Vase Imitation Ceramic Flowerpot Flower Basket Artificial Flower Vase Decoration Home Nordic Decorat",2020/05/Origami-Plastic-Vase-Flower-Vase-Imitation-Ceramic-Flowerpot-Flower-Basket-Artificial-Flower-Vase-Decoration-Home-Nordic.jpg
436746,https://wallcorners.com/product/mini-cute-girl-boy-planter-flower-pot-home-garden-home-decoration-flowerpot-planter-desktop-vase-home-office-bonsai-pot/,"Mini Cute girl boy Planter Flower Pot Home Garden Home Decoration Flowerpot Planter Desktop Vase Home Office Bonsai Pot",2020/05/Mini-Cute-girl-boy-Planter-Flower-Pot-Home-Garden-Home-Decoration-Flowerpot-Planter-Desktop-Vase-Home.jpg
436748,https://wallcorners.com/product/diy-glass-bottle-cutter-glass-cutting-tools-for-making-chandelier-lampshade-decorative-star-lights-bottle-flower-vase-wind-chime/,"DIY Glass Bottle Cutter Glass Cutting Tools for Making Chandelier Lampshade Decorative Star Lights Bottle Flower Vase Wind Chime",2020/05/DIY-Glass-Bottle-Cutter-Glass-Cutting-Tools-for-Making-Chandelier-Lampshade-Decorative-Star-Lights-Bottle-Flower.jpg
436850,https://wallcorners.com/product/o-roselif-pig-creative-glass-vase-articulos-de-cristal-decoracion-furnishing-articles-glass-vase-decoration-mariage/,"O.RoseLif  Pig Creative Glass Vase  Articulos de Cristal Decoracion  Furnishing Articles Glass Vase Decoration Mariage",2020/05/O-RoseLif-Pig-Creative-Glass-Vase-Articulos-de-Cristal-Decoracion-Furnishing-Articles-Glass-Vase-Decoration-Mariage.jpg
436892,https://wallcorners.com/product/ncyp-modern-glass-vase-classic-black-copper-tabletop-vase-terrarium-grid-pattern-floor-vase-home-decoration-accessories/,"NCYP Modern Glass Vase Classic Black Copper Tabletop Vase Terrarium Grid Pattern Floor Vase Home Decoration Accessories",2020/05/NCYP-Modern-Glass-Vase-Classic-Black-Copper-Tabletop-Vase-Terrarium-Grid-Pattern-Floor-Vase-Home-Decoration.jpg
437018,https://wallcorners.com/product/ncyp-modern-glass-geometric-tabletop-vase-black-tin-sealed-brass-black-house-shape-container-with-grid-and-swing-lid-floor-vase/,"NCYP Modern Glass Geometric Tabletop Vase Black Tin-Sealed Brass Black House Shape Container With Grid And Swing Lid Floor Vase",2020/05/NCYP-Modern-Glass-Geometric-Tabletop-Vase-Black-Tin-Sealed-Brass-Black-House-Shape-Container-With-Grid.jpg
437091,https://wallcorners.com/product/o-roselif-1-x-creative-tall-bird-vase-glass-vase-home-decoration-hotel-decoration-flower-containers/,"O.RoseLif 1 x Creative tall bird vase glass vase Home Decoration hotel decoration flower containers",2020/05/O-RoseLif-1-x-Creative-tall-bird-vase-glass-vase-Home-Decoration-hotel-decoration-flower-containers.jpg
437102,https://wallcorners.com/product/color-glass-vase-handmade-hemp-rope-transparent-glass-flower-vase-living-room-tabletop-decor-garden-home-decoration-accessories/,"Color Glass vase handmade hemp rope transparent glass flower vase living room tabletop decor garden home decoration accessories",2020/05/Color-Glass-vase-handmade-hemp-rope-transparent-glass-flower-vase-living-room-tabletop-decor-garden-home.jpg
437112,https://wallcorners.com/product/direct-sales-new-ins-human-head-model-ceramic-vase-creative-portrait-round-hole-flower-arrangement-decorative-ornaments-vase/,"Direct sales new ins human head model ceramic vase creative portrait round hole flower arrangement decorative ornaments vase",2020/05/Direct-sales-new-ins-human-head-model-ceramic-vase-creative-portrait-round-hole-flower-arrangement-decorative.jpg
437120,https://wallcorners.com/product/nordic-black-white-glass-vases-hydroponics-plant-flower-home-decor-artificial-flower-bouquet-vase-wedding-table-decoration/,"Nordic Black White Glass Vases Hydroponics Plant Flower Home Decor Artificial Flower Bouquet Vase Wedding Table Decoration",2020/05/Nordic-Black-White-Glass-Vases-Hydroponics-Plant-Flower-Home-Decor-Artificial-Flower-Bouquet-Vase-Wedding-Table.jpg
437122,https://wallcorners.com/product/small-cute-nordic-resin-human-head-golden-vase-woman-bubble-gum-vase-living-room-decoration-flower-arrangement-creative/,"Small Cute Nordic Resin Human head Golden vase woman bubble gum vase living room Decoration Flower arrangement Creative",2020/05/Small-Cute-Nordic-Resin-Human-head-Golden-vase-woman-bubble-gum-vase-living-room-Decoration-Flower.jpg
437133,https://wallcorners.com/product/nordic-retro-kettle-shape-ceramic-vase-blue-white-ceramic-flower-vase-home-wedding-decoration-dried-artificial-flower-decor-vase/,"Nordic Retro kettle shape ceramic vase blue white Ceramic flower Vase home wedding Decoration Dried Artificial Flower Decor vase",2020/05/Nordic-Retro-kettle-shape-ceramic-vase-blue-white-Ceramic-flower-Vase-home-wedding-Decoration-Dried-Artificial.jpg
437134,https://wallcorners.com/product/transparent-tabletop-glass-vase-mini-crystal-hydroponic-container-terrarium-plant-flower-pot-vase-home-office-wedding-decor/,"Transparent Tabletop Glass Vase Mini crystal Hydroponic Container Terrarium Plant Flower Pot Vase Home Office wedding Decor",2020/05/Transparent-Tabletop-Glass-Vase-Mini-crystal-Hydroponic-Container-Terrarium-Plant-Flower-Pot-Vase-Home-Office-wedding.jpg
437179,https://wallcorners.com/product/2-sizes-country-style-rustic-desktop-floor-vase-vintage-shabby-chic-jug-garden-watering-kettle-pot-home-decoration-craftwork/,"2 Sizes Country Style Rustic Desktop Floor Vase Vintage Shabby Chic Jug Garden Watering Kettle Pot Home Decoration Craftwork",2020/05/2-Sizes-Country-Style-Rustic-Desktop-Floor-Vase-Vintage-Shabby-Chic-Jug-Garden-Watering-Kettle-Pot.jpg
437198,https://wallcorners.com/product/1pcs-chinese-porcelain-nordic-modern-ceramic-white-vase-ornaments-creative-home-decoration-tabletop-vase-handmade-handicrafts/,"1pcs Chinese Porcelain Nordic Modern Ceramic White Vase Ornaments Creative Home Decoration Tabletop Vase Handmade Handicrafts",2020/05/1pcs-Chinese-Porcelain-Nordic-Modern-Ceramic-White-Vase-Ornaments-Creative-Home-Decoration-Tabletop-Vase-Handmade-Handicrafts.jpg
437211,https://wallcorners.com/product/glass-vase-european-plant-holder-living-room-decoration-flower-arrangement-hydroponic-vase/,"Glass Vase European Plant Holder Living Room Decoration Flower Arrangement Hydroponic Vase",2020/05/Glass-Vase-European-Plant-Holder-Living-Room-Decoration-Flower-Arrangement-Hydroponic-Vase.jpg
437215,https://wallcorners.com/product/yellow-flower-vase-of-jingdezhen-ceramic-bottle-gourd-bottle-of-pure-yellow-home-furnishing-home-feng-shui-ornaments-f/,"Yellow Flower Vase of Jingdezhen Ceramic Bottle Gourd Bottle of Pure Yellow Home Furnishing Home Feng Shui Ornaments F",2020/05/Yellow-Flower-Vase-of-Jingdezhen-Ceramic-Bottle-Gourd-Bottle-of-Pure-Yellow-Home-Furnishing-Home-Feng.jpg
437256,https://wallcorners.com/product/transparent-glass-cover-flowers-cake-led-lights-display-dome-cloche-with-wooden-base-for-home-shop-wedding-decoration/,"Transparent Glass Cover Flowers Cake LED Lights Display Dome Cloche with Wooden Base for Home Shop Wedding Decoration",2020/05/Transparent-Glass-Cover-Flowers-Cake-LED-Lights-Display-Dome-Cloche-with-Wooden-Base-for-Home-Shop.jpg
437257,https://wallcorners.com/product/ceramic-black-flower-vase-designs-home-decor-crafts-room-wedding-decoration-handicraft-figurine-garden-ornament-porcelain-statue/,"ceramic black flower vase designs home decor crafts room wedding decoration handicraft figurine garden ornament porcelain statue",2020/05/ceramic-black-flower-vase-designs-home-decor-crafts-room-wedding-decoration-handicraft-figurine-garden-ornament-porcelain.jpg
437267,https://wallcorners.com/product/simple-vintage-vase-glass-vase-vase-beautiful-fashion-hot-stamping-black-crafts-living-room-modern-bedroom-handicraft-decoration/,"Simple Vintage Vase Glass Vase Vase Beautiful Fashion Hot Stamping Black Crafts Living Room Modern Bedroom Handicraft Decoration",2020/05/Simple-Vintage-Vase-Glass-Vase-Vase-Beautiful-Fashion-Hot-Stamping-Black-Crafts-Living-Room-Modern-Bedroom.jpeg
437271,https://wallcorners.com/product/y-dshh-big-creative-nordic-style-resin-flower-vase-decoration-home-decorative-vases-for-flowers-pot-vintage-table-vase-cute-girl/,"Y.DSHH Big Creative Nordic Style Resin Flower Vase Decoration Home Decorative Vases For Flowers Pot Vintage Table Vase Cute Girl",2020/05/Y-DSHH-Big-Creative-Nordic-Style-Resin-Flower-Vase-Decoration-Home-Decorative-Vases-For-Flowers-Pot.jpg
437272,https://wallcorners.com/product/home-party-decoration-vase-abstract-minimalist-abstract-iron-vase-dried-flower-vase-racks-nordic-flower-ornaments/,"Home Party Decoration Vase Abstract Minimalist Abstract Iron Vase Dried Flower Vase Racks Nordic flower ornaments",2020/05/Home-Party-Decoration-Vase-Abstract-Minimalist-Abstract-Iron-Vase-Dried-Flower-Vase-Racks-Nordic-flower-ornaments.jpg
437273,https://wallcorners.com/product/modern-creative-black-and-white-ceramic-vase-tabletop-handicraft-ornaments-home-wedding-decoration-art-vases/,"Modern Creative black and white Ceramic vase Tabletop Handicraft ornaments Home wedding decoration Art  Vases",2020/05/Modern-Creative-black-and-white-Ceramic-vase-Tabletop-Handicraft-ornaments-Home-wedding-decoration-Art-Vases.jpg
437320,https://wallcorners.com/product/mini-cute-boy-planter-flower-pot-home-garden-home-decoration-flowerpot-planter-desktop-vase-home-office-accessories-bonsai-pot/,"Mini Cute boy Planter Flower Pot Home Garden Home Decoration Flowerpot Planter Desktop Vase Home Office Accessories Bonsai Pot",2020/05/Mini-Cute-boy-Planter-Flower-Pot-Home-Garden-Home-Decoration-Flowerpot-Planter-Desktop-Vase-Home-Office.jpg
437337,https://wallcorners.com/product/artificial-flowers-vase-drie-iron-shelving-flower-vase-garden-modern-brief-creative-decor-home-party-decorations-drop-shipping/,"Artificial Flowers Vase  Drie Iron Shelving Flower Vase Garden Modern Brief Creative Decor Home Party Decorations Drop Shipping",2020/05/Artificial-Flowers-Vase-Drie-Iron-Shelving-Flower-Vase-Garden-Modern-Brief-Creative-Decor-Home-Party-Decorations.jpg
437343,https://wallcorners.com/product/seagrass-woven-storage-baskets-garden-flower-vase-hanging-basket-rattan-planter-potted-organizer-home-laundry-basket-with-handle/,"Seagrass Woven Storage Baskets Garden Flower Vase Hanging Basket Rattan Planter Potted Organizer Home Laundry Basket with Handle",2020/05/Seagrass-Woven-Storage-Baskets-Garden-Flower-Vase-Hanging-Basket-Rattan-Planter-Potted-Organizer-Home-Laundry-Basket.jpg
437345,https://wallcorners.com/product/decor-vase-transparent-glass-vase-15cm-clear-terrarium-bottle-bottle-home-hydroponic-wedding-round-garden-planter-container/,"Decor Vase Transparent Glass Vase 15cm Clear Terrarium Bottle Bottle Home Hydroponic Wedding Round Garden Planter Container",2020/05/Decor-Vase-Transparent-Glass-Vase-15cm-Clear-Terrarium-Bottle-Bottle-Home-Hydroponic-Wedding-Round-Garden-Planter.jpeg
437350,https://wallcorners.com/product/3d-magic-soft-self-sticking-vase-creative-silicone-vase-body-for-flower-pots-wall-sticker-home-decoration-accessories/,"3D Magic Soft Self-sticking Vase Creative Silicone Vase Body for Flower Pots wall sticker home decoration accessories",2020/05/3D-Magic-Soft-Self-sticking-Vase-Creative-Silicone-Vase-Body-for-Flower-Pots-wall-sticker-home.jpg
437353,https://wallcorners.com/product/clear-hydroponic-container-planter-bird-glass-vase-bottle-home-garden-wedding-decor-flower-hanging-glass-vase-fish-tank-fishbowl/,"Clear Hydroponic Container Planter Bird Glass Vase Bottle Home Garden Wedding Decor Flower Hanging Glass Vase Fish Tank Fishbowl",2020/05/Clear-Hydroponic-Container-Planter-Bird-Glass-Vase-Bottle-Home-Garden-Wedding-Decor-Flower-Hanging-Glass-Vase.jpg
437377,https://wallcorners.com/product/1pc-rattan-tricycle-vase-wedding-flower-basket-home-garden-wedding-decor-bedroom-vase-storage-decoration-for-valentines-day/,"1pc Rattan Tricycle Vase Wedding Flower Basket Home Garden Wedding Decor Bedroom Vase Storage Decoration for Valentine's Day",2020/05/1pc-Rattan-Tricycle-Vase-Wedding-Flower-Basket-Home-Garden-Wedding-Decor-Bedroom-Vase-Storage-Decoration-for.jpg
437392,https://wallcorners.com/product/new-hanging-flower-pot-glass-ball-vase-terrarium-wall-fish-tank-aquarium-container-nordic-decoration-home-decor/,"New Hanging Flower Pot Glass Ball Vase Terrarium Wall Fish Tank Aquarium Container Nordic Decoration Home Decor",2020/05/New-Hanging-Flower-Pot-Glass-Ball-Vase-Terrarium-Wall-Fish-Tank-Aquarium-Container-Nordic-Decoration-Home.jpg
437399,https://wallcorners.com/product/2018-clear-angel-glass-hanging-vase-terrarium-hydroponic-container-plant-pot-diy-home-wedding-garden-decor-vase-drop-shipping/,"2018 Clear Angel Glass Hanging Vase Terrarium Hydroponic Container Plant Pot DIY Home Wedding Garden Decor Vase Drop shipping",2020/05/2018-Clear-Angel-Glass-Hanging-Vase-Terrarium-Hydroponic-Container-Plant-Pot-DIY-Home-Wedding-Garden-Decor.jpg
437417,https://wallcorners.com/product/1pc-creative-silicone-flower-pots-handmade-outdoor-vases-home-decoration-accessories-a-vase-for-flowers-office-vasos-para-jardim/,"1PC Creative Silicone Flower Pots Handmade Outdoor Vases Home Decoration Accessories a Vase For Flowers Office Vasos Para Jardim",2020/05/1PC-Creative-Silicone-Flower-Pots-Handmade-Outdoor-Vases-Home-Decoration-Accessories-a-Vase-For-Flowers-Office.jpg
437421,https://wallcorners.com/product/retro-flowerpot-galvanized-iron-flowerpot-decoration-planter-european-style-antique-finish-garden-flower-pot-planting-tool/,"Retro Flowerpot Galvanized Iron Flowerpot Decoration Planter European Style Antique Finish Garden Flower Pot Planting Tool",2020/05/Retro-Flowerpot-Galvanized-Iron-Flowerpot-Decoration-Planter-European-Style-Antique-Finish-Garden-Flower-Pot-Planting-Tool.jpg
437423,https://wallcorners.com/product/ceramic-stripe-vase-classic-wedding-office-home-decorations-decor-4-colors-mini-10cm-vase-home-decor-flower-storage-party-desk/,"Ceramic Stripe Vase Classic Wedding Office Home Decorations Decor 4 Colors mini 10CM vase home decor flower storage party desk",2020/05/Ceramic-Stripe-Vase-Classic-Wedding-Office-Home-Decorations-Decor-4-Colors-mini-10CM-vase-home-decor.jpg
437445,https://wallcorners.com/product/origami-plastic-vase-white-pink-green-imitation-ceramic-plant-vases-flower-pot-flower-vase-nordic-living-room-home-decoration/,"Origami Plastic Vase White Pink Green Imitation Ceramic Plant Vases Flower Pot Flower Vase Nordic Living Room Home Decoration",2020/05/Origami-Plastic-Vase-White-Pink-Green-Imitation-Ceramic-Plant-Vases-Flower-Pot-Flower-Vase-Nordic-Living.jpg
437478,https://wallcorners.com/product/creative-clear-ball-glass-hanging-vase-bottle-terrarium-container-planter-decor-transparent-vase-home-decor-flower-ornaments/,"Creative Clear Ball Glass Hanging Vase Bottle Terrarium Container Planter Decor Transparent Vase Home Decor Flower Ornaments",2020/05/Creative-Clear-Ball-Glass-Hanging-Vase-Bottle-Terrarium-Container-Planter-Decor-Transparent-Vase-Home-Decor-Flower.jpg
437492,https://wallcorners.com/product/hanging-glass-vase-hanging-terrarium-plant-flower-clear-container-hanging-vase-indoor-home-decoration-creative/,"Hanging Glass Vase Hanging Terrarium Plant Flower Clear Container Hanging Vase Indoor Home Decoration Creative",2020/05/Hanging-Glass-Vase-Hanging-Terrarium-Plant-Flower-Clear-Container-Hanging-Vase-Indoor-Home-Decoration-Creative.jpg
437507,https://wallcorners.com/product/12pcs-ball-clear-hanging-glass-globe-shape-vase-flower-plants-terrarium-vase-container-micro-landscape-diy-wedding-home-decor/,"12pcs Ball Clear Hanging Glass Globe Shape Vase Flower Plants Terrarium Vase Container Micro Landscape DIY Wedding Home Decor",2020/05/12pcs-Ball-Clear-Hanging-Glass-Globe-Shape-Vase-Flower-Plants-Terrarium-Vase-Container-Micro-Landscape-DIY.jpg
437521,https://wallcorners.com/product/mini-europe-home-smooth-ceramic-pottery-flower-pot-office-mini-vase-wedding-ornaments-tabletop-vase-home-decoration-ceramic-vase/,"Mini Europe Home Smooth Ceramic Pottery Flower Pot Office Mini Vase Wedding Ornaments Tabletop Vase Home Decoration Ceramic Vase",2020/05/Mini-Europe-Home-Smooth-Ceramic-Pottery-Flower-Pot-Office-Mini-Vase-Wedding-Ornaments-Tabletop-Vase-Home.jpg
437522,https://wallcorners.com/product/1pc-semicircular-wall-hanging-glass-vase-hydroponic-terrarium-fish-tank-plant-flower-home-decor-wedding-decoration-dropshipping/,"1pc Semicircular Wall Hanging Glass Vase Hydroponic Terrarium Fish Tank Plant Flower Home Decor Wedding Decoration Dropshipping",2020/05/1pc-Semicircular-Wall-Hanging-Glass-Vase-Hydroponic-Terrarium-Fish-Tank-Plant-Flower-Home-Decor-Wedding-Decoration.jpg
437524,https://wallcorners.com/product/test-tube-flower-vase-holder-for-hydroponics-plants-home-garden-hydroponic-flower-vases-plants-glass-pot-in-wooden-stand-rack/,"Test Tube Flower Vase Holder for Hydroponics Plants Home Garden Hydroponic Flower Vases Plants Glass Pot in Wooden Stand Rack",2020/05/Test-Tube-Flower-Vase-Holder-for-Hydroponics-Plants-Home-Garden-Hydroponic-Flower-Vases-Plants-Glass-Pot.jpg
437538,https://wallcorners.com/product/glass-wood-vase-planter-terrarium-table-desktop-hydroponics-plant-bonsai-vintage-flower-pot-with-wooden-bonsai-decor/,"Glass Wood Vase Planter Terrarium Table Desktop Hydroponics Plant Bonsai Vintage Flower Pot  with Wooden Bonsai Decor",2020/05/Glass-Wood-Vase-Planter-Terrarium-Table-Desktop-Hydroponics-Plant-Bonsai-Vintage-Flower-Pot-with-Wooden-Bonsai.jpg
437548,https://wallcorners.com/product/nordic-ins-minimalist-vase-fleshy-flowerpot-marble-pattern-ceramic-wrought-iron-vase-flower-pot-home-mariage-living-room-decor/,"Nordic Ins Minimalist Vase Fleshy Flowerpot Marble Pattern Ceramic Wrought Iron Vase Flower Pot Home Mariage Living Room Decor",2020/05/Nordic-Ins-Minimalist-Vase-Fleshy-Flowerpot-Marble-Pattern-Ceramic-Wrought-Iron-Vase-Flower-Pot-Home-Mariage.jpg
437560,https://wallcorners.com/product/creative-white-vase-ceramic-vase-home-decoration-accessories-dry-flower-modern-minimalist-literary-vase-for-flower-home-decor/,"Creative White Vase Ceramic Vase Home Decoration Accessories Dry Flower Modern Minimalist Literary Vase for Flower Home Decor",2020/05/Creative-White-Vase-Ceramic-Vase-Home-Decoration-Accessories-Dry-Flower-Modern-Minimalist-Literary-Vase-for-Flower.jpg
437591,https://wallcorners.com/product/4pcs-succulent-pot-set-decorative-simple-hexagon-plant-pots-with-bamboo-tray/,"4PCS Succulent Pot Set Decorative Simple Hexagon Plant Pots with Bamboo Tray",2020/05/4PCS-Succulent-Pot-Set-Decorative-Simple-Hexagon-Plant-Pots-with-Bamboo-Tray.jpg
437595,https://wallcorners.com/product/2017-new-clear-heart-shape-glass-hanging-vase-bottle-terrarium-container-plant-flower-table-wedding-garden-decor-drop-shipping/,"2017 New Clear Heart Shape Glass Hanging Vase Bottle Terrarium Container Plant Flower Table Wedding Garden Decor Drop shipping",2020/05/2017-New-Clear-Heart-Shape-Glass-Hanging-Vase-Bottle-Terrarium-Container-Plant-Flower-Table-Wedding-Garden.jpg
437606,https://wallcorners.com/product/creative-glass-transparent-vase-water-culture-green-plant-european-vase-living-room-decoration/,"Creative Glass Transparent Vase Water Culture Green Plant European Vase Living Room Decoration",2020/05/Creative-Glass-Transparent-Vase-Water-Culture-Green-Plant-European-Vase-Living-Room-Decoration.jpg
437628,https://wallcorners.com/product/ceramic-vase-simple-creative-modern-home-decoration-vase-living-room-dining-room-floral-decoration-hydroponic-flower-arrangement/,"Ceramic Vase Simple Creative Modern Home Decoration Vase Living Room Dining Room Floral Decoration Hydroponic Flower Arrangement",2020/05/Ceramic-Vase-Simple-Creative-Modern-Home-Decoration-Vase-Living-Room-Dining-Room-Floral-Decoration-Hydroponic-Flower.jpg
437641,https://wallcorners.com/product/creative-nordic-resin-human-head-golden-vase-cute-catwoman-bubble-gum-home-living-room-flower-arrangement-accessories-decoration/,"Creative Nordic Resin Human Head Golden Vase Cute Catwoman Bubble Gum Home Living Room Flower Arrangement Accessories Decoration",2020/05/Creative-Nordic-Resin-Human-Head-Golden-Vase-Cute-Catwoman-Bubble-Gum-Home-Living-Room-Flower-Arrangement.jpg
437649,https://wallcorners.com/product/plant-terrarium-with-wooden-stand-glass-vase-holder-for-home-decorationscindapsus-container-3-terrariums/,"Plant Terrarium with Wooden Stand Glass Vase Holder for Home Decoration,Scindapsus Container (3 Terrariums)",2020/05/Plant-Terrarium-with-Wooden-Stand-Glass-Vase-Holder-for-Home-Decoration-Scindapsus-Container-3-Terrariums.jpg
437657,https://wallcorners.com/product/classic-black-white-ceramic-vase-tabletop-small-vase-chinese-arts-and-crafts-porcelain-flower-vase-creative-gift-home-decor/,"Classic black / white ceramic vase Tabletop small vase Chinese arts and crafts porcelain flower vase creative gift home decor",2020/05/Classic-black-white-ceramic-vase-Tabletop-small-vase-Chinese-arts-and-crafts-porcelain-flower-vase-creative.jpg
437670,https://wallcorners.com/product/home-decor-clear-cone-glass-flowerpot-mini-wall-hanging-water-plant-vase-tank/,"Home Decor Clear Cone Glass Flowerpot Mini Wall Hanging Water Plant Vase Tank",2020/05/Home-Decor-Clear-Cone-Glass-Flowerpot-Mini-Wall-Hanging-Water-Plant-Vase-Tank.jpeg
437691,https://wallcorners.com/product/1pc-europe-ceramic-vase-home-garden-rhombus-pattern-ceramic-pottery-flower-pot-mini-vase-wedding-decor-garden-plant-decoration/,"1pc Europe Ceramic Vase Home Garden Rhombus Pattern Ceramic Pottery Flower Pot Mini Vase Wedding Decor Garden Plant Decoration",2020/05/1pc-Europe-Ceramic-Vase-Home-Garden-Rhombus-Pattern-Ceramic-Pottery-Flower-Pot-Mini-Vase-Wedding-Decor.jpg
437712,https://wallcorners.com/product/round-glass-vase-terrarium-15-cm-vase-flower-pots-hanging-glass-candle-modern-wedding-floor-air-planter-christmas-candlestick/,"Round Glass Vase Terrarium 15 cm Vase Flower Pots Hanging Glass Candle Modern Wedding Floor Air Planter Christmas Candlestick",2020/05/Round-Glass-Vase-Terrarium-15-cm-Vase-Flower-Pots-Hanging-Glass-Candle-Modern-Wedding-Floor-Air.jpg
437725,https://wallcorners.com/product/modern-mediterranean-ceramic-flower-arrangement-vase-nordic-simple-ceramic-vase-home-flower-inserter-creative-home-decoration-vc/,"Modern Mediterranean Ceramic Flower Arrangement Vase Nordic Simple Ceramic Vase Home Flower Inserter Creative Home Decoration VC",2020/05/Modern-Mediterranean-Ceramic-Flower-Arrangement-Vase-Nordic-Simple-Ceramic-Vase-Home-Flower-Inserter-Creative-Home-Decoration.jpg
437731,https://wallcorners.com/product/handmade-hanging-hanging-air-plant-vases-glass-vases-transparent-hanging-vases-fishbowl-vases-gift-for-valentines-day-no-holder/,"Handmade Hanging Hanging Air Plant Vases Glass Vases Transparent Hanging Vases Fishbowl Vases Gift for Valentine'S Day no holder",2020/05/Handmade-Hanging-Hanging-Air-Plant-Vases-Glass-Vases-Transparent-Hanging-Vases-Fishbowl-Vases-Gift-for-Valentine.jpg
437763,https://wallcorners.com/product/ceramic-vase-tower-vase-for-home-decoration-photo-prop-fashion-ceramic-bottle-green-plant-ceramic-flower-vases/,"Ceramic Vase Tower Vase For Home Decoration Photo Prop Fashion Ceramic Bottle Green Plant Ceramic Flower Vases",2020/05/Ceramic-Vase-Tower-Vase-For-Home-Decoration-Photo-Prop-Fashion-Ceramic-Bottle-Green-Plant-Ceramic-Flower.jpg
437768,https://wallcorners.com/product/hanging-glass-vase-ellipse-hanging-terrarium-glass-vase-ball-indoor-home-decor/,"Hanging Glass Vase Ellipse Hanging Terrarium Glass Vase Ball Indoor Home Decor",2020/05/Hanging-Glass-Vase-Ellipse-Hanging-Terrarium-Glass-Vase-Ball-Indoor-Home-Decor.jpg
437773,https://wallcorners.com/product/1pc-household-new-style-glass-flower-pot-living-room-decoration-dry-flower-vase-transparent-glass-vase/,"1pc Household New Style Glass Flower Pot Living Room Decoration Dry Flower Vase Transparent Glass Vase",2020/05/1pc-Household-New-Style-Glass-Flower-Pot-Living-Room-Decoration-Dry-Flower-Vase-Transparent-Glass-Vase.jpg
437789,https://wallcorners.com/product/2017-hot-clear-water-drop-glass-hanging-vase-bottle-terrarium-container-plant-flower-diy-table-wedding-garden-decor-dropshipping/,"2017 Hot Clear Water Drop Glass Hanging Vase Bottle Terrarium Container Plant Flower DIY Table Wedding Garden Decor Dropshipping",2020/05/2017-Hot-Clear-Water-Drop-Glass-Hanging-Vase-Bottle-Terrarium-Container-Plant-Flower-DIY-Table-Wedding.jpg
437800,https://wallcorners.com/product/1pc-long-hanging-glass-vase-hydroponic-glass-vases-fashion-home-decoration-ornaments-plants-flower-vase-jl-216/,"1PC Long Hanging Glass Vase Hydroponic Glass Vases Fashion Home Decoration Ornaments Plants Flower Vase JL 216",2020/05/1PC-Long-Hanging-Glass-Vase-Hydroponic-Glass-Vases-Fashion-Home-Decoration-Ornaments-Plants-Flower-Vase-JL.jpg
437804,https://wallcorners.com/product/clear-egg-shape-glass-hanging-vase-bottle-terrarium-container-plant-flower-diy-wedding-garden-decor/,"Clear Egg Shape Glass Hanging Vase Bottle Terrarium Container Plant Flower DIY Wedding Garden Decor",2020/05/Clear-Egg-Shape-Glass-Hanging-Vase-Bottle-Terrarium-Container-Plant-Flower-DIY-Wedding-Garden-Decor.jpg
437813,https://wallcorners.com/product/white-ceramic-inserted-ceramic-white-tabletop-vase-home-decoration-vase-fashion-modern-french-palace-classic-vases/,"White Ceramic Inserted Ceramic White Tabletop Vase Home Decoration Vase Fashion Modern French Palace Classic Vases",2020/05/White-Ceramic-Inserted-Ceramic-White-Tabletop-Vase-Home-Decoration-Vase-Fashion-Modern-French-Palace-Classic-Vases.jpg
437830,https://wallcorners.com/product/flower-pot-vase-ceramic-multi-faceted-spherical-porcelain-plant-white-delicate-garden-decoration-home-creative/,"Flower Pot Vase Ceramic Multi-Faceted Spherical Porcelain Plant White Delicate Garden Decoration Home Creative",2020/05/Flower-Pot-Vase-Ceramic-Multi-Faceted-Spherical-Porcelain-Plant-White-Delicate-Garden-Decoration-Home-Creative.jpg
437841,https://wallcorners.com/product/hanging-planters-8-cm-hanging-terrarium-ball-succulent-planters-hanging-glass-vase-hanging-vases-drop-shipping/,"Hanging Planters 8 Cm Hanging Terrarium Ball Succulent Planters Hanging Glass Vase Hanging Vases Drop Shipping",2020/05/Hanging-Planters-8-Cm-Hanging-Terrarium-Ball-Succulent-Planters-Hanging-Glass-Vase-Hanging-Vases-Drop-Shipping.jpg
437862,https://wallcorners.com/product/2018-new-glass-bulb-lamp-shape-flower-water-plant-hanging-vase-hydroponic-container-pot-home-office-wedding-decor-drop-shipping/,"2018 New Glass Bulb Lamp Shape Flower Water Plant Hanging Vase Hydroponic Container Pot Home Office Wedding Decor Drop shipping",2020/05/2018-New-Glass-Bulb-Lamp-Shape-Flower-Water-Plant-Hanging-Vase-Hydroponic-Container-Pot-Home-Office.jpg
437867,https://wallcorners.com/product/nordic-marble-pattern-golden-ceramics-iron-art-vase-minimalism-style-tabletop-flower-pot-home-wedding-living-room-decoration/,"Nordic Marble Pattern Golden Ceramics Iron Art Vase Minimalism Style Tabletop Flower Pot Home Wedding Living Room Decoration",2020/05/Nordic-Marble-Pattern-Golden-Ceramics-Iron-Art-Vase-Minimalism-Style-Tabletop-Flower-Pot-Home-Wedding-Living.jpg
437870,https://wallcorners.com/product/cylinder-glass-wall-hanging-vase-bottle-for-plant-flower-decorations/,"Cylinder Glass Wall Hanging Vase Bottle for Plant Flower Decorations",2020/05/Cylinder-Glass-Wall-Hanging-Vase-Bottle-for-Plant-Flower-Decorations.jpg
437877,https://wallcorners.com/product/simple-flower-hydroponic-small-flower-vase-creative-ceramic-vase-bottle-decoration-white/,"Simple Flower Hydroponic Small Flower Vase Creative Ceramic Vase Bottle Decoration White",2020/05/Simple-Flower-Hydroponic-Small-Flower-Vase-Creative-Ceramic-Vase-Bottle-Decoration-White.jpg
437878,https://wallcorners.com/product/transparent-hanging-glass-vase-ellipse-clear-hanging-terrarium-glass-flower-plant-vase-container-hydroponic-planter-home-decor/,"Transparent Hanging Glass Vase Ellipse Clear Hanging Terrarium Glass Flower Plant Vase Container Hydroponic Planter Home Decor",2020/05/Transparent-Hanging-Glass-Vase-Ellipse-Clear-Hanging-Terrarium-Glass-Flower-Plant-Vase-Container-Hydroponic-Planter-Home.jpg
437890,https://wallcorners.com/product/clear-heart-glass-hanging-vase-bottle-terrarium-container-plant-pot-flower-diy-home-wedding-garden-decor/,"Clear Heart Glass Hanging Vase Bottle Terrarium Container Plant Pot Flower DIY Home Wedding Garden Decor",2020/05/Clear-Heart-Glass-Hanging-Vase-Bottle-Terrarium-Container-Plant-Pot-Flower-DIY-Home-Wedding-Garden-Decor.jpg
437895,https://wallcorners.com/product/2018-wall-hanging-glass-flower-planter-vase-plant-pot-terrarium-home-garden/,"2018 Wall Hanging Glass Flower Planter Vase Plant Pot Terrarium Home Garden",2020/05/2018-Wall-Hanging-Glass-Flower-Planter-Vase-Plant-Pot-Terrarium-Home-Garden.jpg
437897,https://wallcorners.com/product/creative-nordic-glass-vases-transparent-water-hydroponics-flower-rope-dry-flower-vase-diy-bottle-living-room-table-decoration/,"Creative Nordic Glass Vases Transparent Water Hydroponics Flower Rope Dry Flower Vase DIY Bottle Living Room Table Decoration",2020/05/Creative-Nordic-Glass-Vases-Transparent-Water-Hydroponics-Flower-Rope-Dry-Flower-Vase-DIY-Bottle-Living-Room.jpg
437951,https://wallcorners.com/product/home-decor-pear-crystal-glass-vase-planter-terrarium-container-hydroponic-pot/,"Home Decor Pear Crystal Glass Vase Planter Terrarium Container Hydroponic Pot",2020/05/Home-Decor-Pear-Crystal-Glass-Vase-Planter-Terrarium-Container-Hydroponic-Pot.jpg
437955,https://wallcorners.com/product/1pc-cute-home-fashion-lantern-shape-clear-glass-flower-plant-hanging-vase-planter-crystal-ball-container-wedding-garden-decor/,"1Pc Cute Home Fashion Lantern Shape Clear Glass Flower Plant Hanging Vase Planter Crystal ball Container Wedding Garden Decor",2020/05/1Pc-Cute-Home-Fashion-Lantern-Shape-Clear-Glass-Flower-Plant-Hanging-Vase-Planter-Crystal-ball-Container.png
437960,https://wallcorners.com/product/nordic-small-mouth-vase-home-decoration-ceramic-vase-arts-and-crafts-white-flower-vases-centerpieces-for-weddings-accessories/,"Nordic Small mouth vase home decoration Ceramic vase Arts and Crafts white flower vases centerpieces for weddings accessories",2020/05/Nordic-Small-mouth-vase-home-decoration-Ceramic-vase-Arts-and-Crafts-white-flower-vases-centerpieces-for.jpg
437962,https://wallcorners.com/product/nordic-minimalist-abstract-vase-lines-black-a-iron-vase-flower-vase-rakes-nordic-flower-ornaments-home-party-decor-44/,"Nordic Minimalist Abstract Vase Lines Black A Iron Vase Flower Vase Rakes Nordic Flower Ornaments Home Party Decor 44",2020/05/Nordic-Minimalist-Abstract-Vase-Lines-Black-A-Iron-Vase-Flower-Vase-Rakes-Nordic-Flower-Ornaments-Home.jpg
437968,https://wallcorners.com/product/creative-european-gold-wall-hanging-ceramic-vase-flower-pot-wall-decoration-fake-flower-pot-wall-mural-decoration-flower-basket/,"Creative European gold wall hanging ceramic vase flower pot wall decoration fake flower pot wall mural decoration flower basket",2020/05/Creative-European-gold-wall-hanging-ceramic-vase-flower-pot-wall-decoration-fake-flower-pot-wall-mural.jpg
437980,https://wallcorners.com/product/ceramic-vase-weddings-and-christmas-decoration-home-decoration-products/,"Ceramic vase, weddings and Christmas decoration, home decoration products",2020/05/Ceramic-vase-weddings-and-Christmas-decoration-home-decoration-products.jpg
437987,https://wallcorners.com/product/chinese-ceramic-flower-receptacle-tabletop-vase-ornaments-black-and-white-color-decoration-pottery-twisted-vases-with-flower/,"Chinese Ceramic Flower Receptacle Tabletop Vase Ornaments Black and White Color Decoration Pottery Twisted Vases with Flower",2020/05/Chinese-Ceramic-Flower-Receptacle-Tabletop-Vase-Ornaments-Black-and-White-Color-Decoration-Pottery-Twisted-Vases-with.jpg
438017,https://wallcorners.com/product/12pcs-terrarium-ball-globe-shape-clear-hanging-glass-vase-flower-plants-terrarium-container-micro-landscape-wedding-home-decor/,"12pcs Terrarium Ball Globe Shape Clear Hanging Glass Vase Flower Plants Terrarium Container Micro Landscape Wedding Home Decor",2020/05/12pcs-Terrarium-Ball-Globe-Shape-Clear-Hanging-Glass-Vase-Flower-Plants-Terrarium-Container-Micro-Landscape-Wedding.jpg
438037,https://wallcorners.com/product/modern-glass-vase-nordic-decoration-home-tabletop-flower-vase-glass-terrarium-vases-centerpieces-for-weddings-flowerpot/,"Modern glass vase nordic decoration home Tabletop flower vase glass terrarium vases centerpieces for weddings Flowerpot",2020/05/Modern-glass-vase-nordic-decoration-home-Tabletop-flower-vase-glass-terrarium-vases-centerpieces-for-weddings-Flowerpot.jpg
438062,https://wallcorners.com/product/eco-friendly-foldable-flower-pvc-durable-vase-transparent-flower-pot-home-wedding-party-event-store-decor-supplies/,"Eco Friendly Foldable Flower PVC Durable Vase Transparent Flower Pot Home Wedding Party Event Store Decor Supplies",2020/05/Eco-Friendly-Foldable-Flower-PVC-Durable-Vase-Transparent-Flower-Pot-Home-Wedding-Party-Event-Store-Decor.jpg
438082,https://wallcorners.com/product/27-x-12cm-pvc-plastic-foldable-vase-flowers-jardiniere/,"27 X 12cm PVC Plastic Foldable Vase Flowers Jardiniere",2020/05/27-X-12cm-PVC-Plastic-Foldable-Vase-Flowers-Jardiniere.jpg
438103,https://wallcorners.com/product/1pcs-modern-ceramic-artificial-flower-vases-tabletop-vase-european-style-office-home-balcony-decor-flowerpot-creative-gifts/,"1pcs Modern Ceramic Artificial Flower Vases Tabletop Vase European Style Office Home Balcony Decor Flowerpot Creative Gifts",2020/05/1pcs-Modern-Ceramic-Artificial-Flower-Vases-Tabletop-Vase-European-Style-Office-Home-Balcony-Decor-Flowerpot-Creative.jpg
438110,https://wallcorners.com/product/vases-for-centerpieces-for-weddings-glass-vase-flower-vases-for-homes-with-rope-for-diy-decoration-the-flower-bottle/,"Vases for Centerpieces for Weddings Glass Vase Flower Vases for Homes with Rope for DIY Decoration The Flower Bottle",2020/05/Vases-for-Centerpieces-for-Weddings-Glass-Vase-Flower-Vases-for-Homes-with-Rope-for-DIY-Decoration.jpg
438130,https://wallcorners.com/product/lotus-pattern-stained-glass-vase-hydroponic-glass-terrarium-small-flower-vases-for-homes-decoration-accessories-modern-living/,"Lotus-pattern stained glass vase Hydroponic glass terrarium Small flower vases for homes decoration accessories modern living",2020/05/Lotus-pattern-stained-glass-vase-Hydroponic-glass-terrarium-Small-flower-vases-for-homes-decoration-accessories-modern.jpg
438131,https://wallcorners.com/product/o-roselif-1-pcs-crystal-shell-glass-vase-mini-creative-bowl-contemporary-furnishing-household-gift-wedding-decoration/,"O.RoseLif  1 PCS crystal shell glass vase mini creative bowl contemporary furnishing household gift wedding decoration",2020/05/O-RoseLif-1-PCS-crystal-shell-glass-vase-mini-creative-bowl-contemporary-furnishing-household-gift-wedding.jpg
438233,https://wallcorners.com/product/flower-container-enamel-pitcher-jug-vintage-shabby-chic-cream-flower-vase-pitcher-jug-metal-wedding-home-decor/,"Flower Container Enamel Pitcher Jug Vintage Shabby Chic Cream Flower Vase Pitcher Jug Metal Wedding Home Decor",2020/05/Flower-Container-Enamel-Pitcher-Jug-Vintage-Shabby-Chic-Cream-Flower-Vase-Pitcher-Jug-Metal-Wedding-Home.jpg
438234,https://wallcorners.com/product/modern-tube-shape-glass-vase-bottle-for-flower-plant-diy-home-decoration-terrarium-hydroponic-green-plant-container-glass-vase/,"Modern Tube Shape Glass Vase Bottle For Flower Plant DIY Home Decoration Terrarium Hydroponic Green Plant Container Glass Vase",2020/05/Modern-Tube-Shape-Glass-Vase-Bottle-For-Flower-Plant-DIY-Home-Decoration-Terrarium-Hydroponic-Green-Plant.jpg
438239,https://wallcorners.com/product/european-retro-glass-vase-metal-alloy-gold-vase-modern-table-creative-home-decorative-artificial-flower-bottle-for-wedding/,"European Retro Glass Vase Metal Alloy Gold Vase Modern Table Creative Home Decorative Artificial Flower Bottle for Wedding",2020/05/European-Retro-Glass-Vase-Metal-Alloy-Gold-Vase-Modern-Table-Creative-Home-Decorative-Artificial-Flower-Bottle.jpg
438255,https://wallcorners.com/product/hanging-glass-vase-hanging-terrarium-glass-vase-hydroponic-flower-indoor-office-home-garden-decor-jardin-ornament-drop-shipping/,"Hanging Glass Vase Hanging Terrarium Glass Vase Hydroponic Flower Indoor Office Home Garden Decor Jardin Ornament Drop shipping",2020/05/Hanging-Glass-Vase-Hanging-Terrarium-Glass-Vase-Hydroponic-Flower-Indoor-Office-Home-Garden-Decor-Jardin-Ornament.jpg
438258,https://wallcorners.com/product/o-roselif-transparent-flatworm-vase-decorativos-wedding-decoration-round-air-plant-terrarium-handblown-decoration-glass-vase/,"O.RoseLif Transparent  flatworm Vase Decorativos  Wedding Decoration Round Air Plant  Terrarium Handblown decoration glass vase",2020/05/O-RoseLif-Transparent-flatworm-Vase-Decorativos-Wedding-Decoration-Round-Air-Plant-Terrarium-Handblown-decoration-glass-vase.jpg
438347,https://wallcorners.com/product/hot-sale-decorative-vase-16cm-wooden-fence-with-foam-for-artificial-flower-vase-home-furniture-decorations/,"Hot Sale Decorative Vase 16cm Wooden Fence With Foam For Artificial Flower Vase Home Furniture Decorations",2020/05/Hot-Sale-Decorative-Vase-16cm-Wooden-Fence-With-Foam-For-Artificial-Flower-Vase-Home-Furniture-Decorations.jpg
438375,https://wallcorners.com/product/table-glass-hanging-vase-water-clear-cone-glass-flowerpot-mini-plants-bottle-wall-glass-terrarium-yard-garden-decoration-vases/,"Table Glass Hanging Vase Water Clear Cone Glass Flowerpot Mini Plants Bottle Wall Glass Terrarium Yard Garden Decoration Vases",2020/05/Table-Glass-Hanging-Vase-Water-Clear-Cone-Glass-Flowerpot-Mini-Plants-Bottle-Wall-Glass-Terrarium-Yard.jpg
438431,https://wallcorners.com/product/enipate-nordic-ceramic-vase-wrought-iron-small-vase-simple-design-iron-frame-water-culture-green-plant-inserted-small-flower-pot/,"Enipate Nordic Ceramic Vase Wrought Iron Small Vase Simple Design Iron Frame Water Culture Green Plant Inserted Small Flower Pot",2020/05/Enipate-Nordic-Ceramic-Vase-Wrought-Iron-Small-Vase-Simple-Design-Iron-Frame-Water-Culture-Green-Plant.jpg
438439,https://wallcorners.com/product/fashion-fairy-garden-miniature-hanging-holder-iron-art-home-decoration-vintage-glass-ball-hanging-rack-wedding-candle-holder/,"Fashion Fairy Garden Miniature Hanging Holder Iron Art Home Decoration Vintage Glass Ball Hanging Rack Wedding Candle Holder",2020/05/Fashion-Fairy-Garden-Miniature-Hanging-Holder-Iron-Art-Home-Decoration-Vintage-Glass-Ball-Hanging-Rack-Wedding.jpg
438440,https://wallcorners.com/product/nordic-vase-sculpture-home-decoration-resin-vase-creative-abstract-face-vase-modern-minimalist-vase-living-room-statue/,"Nordic vase, sculpture, home decoration resin vase, creative abstract face vase, modern minimalist vase, living room statue",2020/05/Nordic-vase-sculpture-home-decoration-resin-vase-creative-abstract-face-vase-modern-minimalist-vase-living-room.jpg
438444,https://wallcorners.com/product/rux-workshop-nordic-face-shape-designs-best-marble-ceramic-vase-flower-pot-gold-home-decoration-accessories-tools/,"RUX WORKSHOP Nordic Face Shape Designs Best Marble Ceramic Vase flower pot Gold Home Decoration Accessories Tools",2020/05/RUX-WORKSHOP-Nordic-Face-Shape-Designs-Best-Marble-Ceramic-Vase-flower-pot-Gold-Home-Decoration-Accessories.jpg
438445,https://wallcorners.com/product/new-magic-floating-crystal-glass-planter-flower-vase-pot-terrarium-container-hydroponic-pot-home-wedding-party-decoration/,"New Magic Floating Crystal Glass Planter Flower Vase Pot Terrarium Container Hydroponic Pot Home Wedding Party Decoration",2020/05/New-Magic-Floating-Crystal-Glass-Planter-Flower-Vase-Pot-Terrarium-Container-Hydroponic-Pot-Home-Wedding-Party.jpg
438447,https://wallcorners.com/product/hanging-glass-vase-hanging-terrarium-hydroponic-plant-flower-clear-container-indoor-hanging-vase-home-decor/,"Hanging Glass Vase Hanging Terrarium Hydroponic Plant Flower Clear Container Indoor Hanging Vase Home Decor",2020/05/Hanging-Glass-Vase-Hanging-Terrarium-Hydroponic-Plant-Flower-Clear-Container-Indoor-Hanging-Vase-Home-Decor.jpg
438475,https://wallcorners.com/product/european-classical-transparent-metal-bottom-goblet-glass-vase-of-flower-holder-home-furnishing-wedding-decoration-hydroponics/,"European Classical Transparent Metal Bottom Goblet Glass Vase of Flower Holder Home Furnishing Wedding Decoration Hydroponics",2020/05/European-Classical-Transparent-Metal-Bottom-Goblet-Glass-Vase-of-Flower-Holder-Home-Furnishing-Wedding-Decoration-Hydroponics.jpg
438476,https://wallcorners.com/product/nordic-decoration-home-flower-vase-iron-ceramic-small-vase-decorative-flower-pot-hydroponic-planter-vase-decoration-home-decor/,"Nordic decoration home flower vase iron ceramic small vase decorative flower pot hydroponic planter vase decoration home decor",2020/05/Nordic-decoration-home-flower-vase-iron-ceramic-small-vase-decorative-flower-pot-hydroponic-planter-vase-decoration.jpg
438478,https://wallcorners.com/product/nordic-style-ceramic-iron-art-vase-minimalism-flower-vases-home-decoration-green-plant-flowerpot-coffeehouse-livingroom/,"Nordic Style Ceramic Iron Art Vase Minimalism Flower Vases Home Decoration Green Plant Flowerpot Coffeehouse Livingroom",2020/05/Nordic-Style-Ceramic-Iron-Art-Vase-Minimalism-Flower-Vases-Home-Decoration-Green-Plant-Flowerpot-Coffeehouse-Livingroom.jpg
438517,https://wallcorners.com/product/nordic-dried-flower-ceramic-vase-high-quality-tabletop-art-decoration-container-living-room-home-wedding-decor-vases/,"Nordic Dried Flower Ceramic Vase High quality tabletop Art Decoration Container Living Room home wedding decor vases",2020/05/Nordic-Dried-Flower-Ceramic-Vase-High-quality-tabletop-Art-Decoration-Container-Living-Room-home-wedding-decor.jpg
438531,https://wallcorners.com/product/o-roselif-big-size-glass-vase-home-decor-aquarium-suitable-fish-tank-wax-gourd-glass-bottle-iron-holder-set-flower-ball-vase/,"O.RoseLif Big Size Glass Vase Home Decor Aquarium Suitable Fish Tank Wax Gourd Glass Bottle + Iron Holder  Set  Flower Ball Vase",2020/05/O-RoseLif-Big-Size-Glass-Vase-Home-Decor-Aquarium-Suitable-Fish-Tank-Wax-Gourd-Glass-Bottle.jpg
438543,https://wallcorners.com/product/classic-black-white-ceramic-vase-chinese-arts-and-crafts-decor-contracted-porcelain-flower-vase-creative-gift-home-decor/,"Classic black / white ceramic vase Chinese arts and crafts Decor contracted porcelain flower vase creative gift home decor",2020/05/Classic-black-white-ceramic-vase-Chinese-arts-and-crafts-Decor-contracted-porcelain-flower-vase-creative-gift.jpg
438567,https://wallcorners.com/product/glass-vase-blue-flower-vase-pot-flower-basket-tabletop-plants-vase-decorative-home-nordic-style-vases-for-home-decoration/,"Glass Vase Blue Flower Vase Pot Flower Basket Tabletop Plants Vase Decorative Home Nordic Style Vases For Home Decoration",2020/05/Glass-Vase-Blue-Flower-Vase-Pot-Flower-Basket-Tabletop-Plants-Vase-Decorative-Home-Nordic-Style-Vases.jpg
438595,https://wallcorners.com/product/garden-decor-flowerpot-succulent-planter-pot-vase-girl-figurines-desk-top-statue-figure-micro-landscape-bonsai-holder-pot/,"Garden Decor Flowerpot Succulent Planter Pot Vase Girl Figurines Desk Top Statue Figure Micro Landscape Bonsai Holder Pot",2020/05/Garden-Decor-Flowerpot-Succulent-Planter-Pot-Vase-Girl-Figurines-Desk-Top-Statue-Figure-Micro-Landscape-Bonsai.jpg
438619,https://wallcorners.com/product/nordic-glass-vase-ornaments-t-type-home-decoration-crafts-gray-glass-terrarium-flower-vases-centerpieces-for-weddings-decor/,"Nordic glass vase ornaments T type home decoration Crafts Gray glass terrarium flower vases centerpieces for weddings decor",2020/05/Nordic-glass-vase-ornaments-T-type-home-decoration-Crafts-Gray-glass-terrarium-flower-vases-centerpieces-for.jpg
438727,https://wallcorners.com/product/home-decor-pear-crystal-glass-vase-planter-terrarium-container-hydroponic-pot-d15-drop-shipping/,"Home Decor Pear Crystal Glass Vase Planter Terrarium Container Hydroponic Pot D15 drop shipping",2020/05/Home-Decor-Pear-Crystal-Glass-Vase-Planter-Terrarium-Container-Hydroponic-Pot-D15-drop-shipping.jpg
438768,https://wallcorners.com/product/2-pcs-portable-eco-friendly-flower-cute-foldable-vase-wedding-office-home-decoration-random-pvc-plastic-flower-vase/,"2 Pcs Portable Eco-friendly Flower Cute Foldable Vase Wedding Office Home Decoration Random PVC Plastic Flower Vase",2020/05/2-Pcs-Portable-Eco-friendly-Flower-Cute-Foldable-Vase-Wedding-Office-Home-Decoration-Random-PVC-Plastic.jpg
438792,https://wallcorners.com/product/artificial-flower-hanging-basket-vase-rattan-wall-hanging-small-artificial-rattan-flower-basket-for-home-decoration-color-random/,"Artificial Flower Hanging Basket Vase Rattan Wall Hanging Small Artificial Rattan Flower Basket For Home Decoration Color random",2020/05/Artificial-Flower-Hanging-Basket-Vase-Rattan-Wall-Hanging-Small-Artificial-Rattan-Flower-Basket-For-Home-Decoration.jpg
438813,https://wallcorners.com/product/2012cm-rattan-vase-home-living-room-table-decoration-ornament-flower-gift-office-tabletop-art-plant-new/,"20*12cm Rattan Vase Home Living Room Table Decoration Ornament  Flower Gift Office Tabletop Art Plant new",2020/05/20-12cm-Rattan-Vase-Home-Living-Room-Table-Decoration-Ornament-Flower-Gift-Office-Tabletop-Art-Plant.jpg
438840,https://wallcorners.com/product/2017-new-clear-round-hanging-glass-vase-bottle-terrarium-flower-garden-home-decor-10cm-wedding-decoration-vase-drop-shipping/,"2017 New Clear Round Hanging Glass Vase Bottle Terrarium Flower Garden Home Decor 10cm Wedding Decoration Vase Drop Shipping",2020/05/2017-New-Clear-Round-Hanging-Glass-Vase-Bottle-Terrarium-Flower-Garden-Home-Decor-10cm-Wedding-Decoration.jpg
438852,https://wallcorners.com/product/o-roselif-brand-transparent-glass-hanging-hanging-flowerglass-vase-planter-terrarium-container-vases-pot-wedding-decoration/,"O.RoseLif  Brand Transparent Glass Hanging Hanging FlowerGlass Vase Planter Terrarium Container Vases Pot Wedding Decoration",2020/05/O-RoseLif-Brand-Transparent-Glass-Hanging-Hanging-FlowerGlass-Vase-Planter-Terrarium-Container-Vases-Pot-Wedding-Decoration.jpg
438881,https://wallcorners.com/product/6cm-clear-stylish-glass-round-hanging-candle-tea-light-holder-candlestick-romantic-home-wedding-party-decors-vase/,"6CM Clear Stylish Glass Round Hanging Candle Tea Light Holder Candlestick Romantic Home Wedding Party Decors vase",2020/05/6CM-Clear-Stylish-Glass-Round-Hanging-Candle-Tea-Light-Holder-Candlestick-Romantic-Home-Wedding-Party-Decors.jpg
438883,https://wallcorners.com/product/flower-vase-new-glass-bulb-lamp-shape-flower-water-plant-hanging-vase-container-pot-home-indoor-office-wedding-decor-drop-ship/,"Flower Vase New Glass Bulb Lamp Shape Flower Water Plant Hanging Vase Container Pot Home Indoor Office Wedding Decor Drop ship",2020/05/Flower-Vase-New-Glass-Bulb-Lamp-Shape-Flower-Water-Plant-Hanging-Vase-Container-Pot-Home-Indoor.jpg
438911,https://wallcorners.com/product/europea-bottle-shap-metal-table-vase-carriage-vase-vase-for-flowers-home-decorative-vase-hp002/,"Europea bottle shap metal table vase Carriage Vase  vase for flowers home decorative vase HP002",2020/05/Europea-bottle-shap-metal-table-vase-Carriage-Vase-vase-for-flowers-home-decorative-vase-HP002.jpg
438914,https://wallcorners.com/product/cat-shaped-glass-vase-hydroponic-plant-flower-vase-terrarium-container-pot-decor-art-gift/,"Cat Shaped Glass Vase Hydroponic Plant Flower Vase Terrarium Container Pot Decor Art Gift",2020/05/Cat-Shaped-Glass-Vase-Hydroponic-Plant-Flower-Vase-Terrarium-Container-Pot-Decor-Art-Gift.jpg
438918,https://wallcorners.com/product/vilead-44cm-ceramic-hand-drawn-zen-vase-figurines-nordic-creative-black-white-hand-made-ornament-home-decoration-accessories/,"VILEAD 44cm Ceramic Hand-Drawn Zen Vase Figurines Nordic Creative Black White Hand Made Ornament Home Decoration Accessories",2020/05/VILEAD-44cm-Ceramic-Hand-Drawn-Zen-Vase-Figurines-Nordic-Creative-Black-White-Hand-Made-Ornament-Home.jpg
438919,https://wallcorners.com/product/new-european-simple-white-ceramic-vase-nordic-home-flower-inserter-modern-simple-vases-creative-house-living-room-decorations/,"New European Simple White Ceramic Vase Nordic Home Flower Inserter Modern Simple Vases Creative House Living Room Decorations",2020/05/New-European-Simple-White-Ceramic-Vase-Nordic-Home-Flower-Inserter-Modern-Simple-Vases-Creative-House-Living.jpg
438921,https://wallcorners.com/product/gray-glass-vase-bedroom-of-bedroom-of-transparent-glass-vase-vase-table-furnishing-articles-mini-golden-sticker/,"Gray glass vase bedroom of bedroom of transparent glass vase vase table furnishing articles mini golden sticker",2020/05/Gray-glass-vase-bedroom-of-bedroom-of-transparent-glass-vase-vase-table-furnishing-articles-mini-golden.jpg
438924,https://wallcorners.com/product/ceramic-flower-pot-vase-creative-delicate-festival-gifts-office-table-porcelain-home-table-decor-ornament-creative-mini-vase/,"Ceramic Flower Pot Vase Creative Delicate Festival Gifts Office Table Porcelain Home Table Decor Ornament Creative Mini Vase",2020/05/Ceramic-Flower-Pot-Vase-Creative-Delicate-Festival-Gifts-Office-Table-Porcelain-Home-Table-Decor-Ornament-Creative.jpg
438983,https://wallcorners.com/product/cylinder-glass-wall-hanging-vase-bottle-for-plant-flower-decorations-2/,"Cylinder Glass Wall Hanging Vase Bottle for Plant Flower Decorations",2020/05/Cylinder-Glass-Wall-Hanging-Vase-Bottle-for-Plant-Flower-Decorations-6.jpg
439047,https://wallcorners.com/product/o-roselif-conch-glass-vase-home-decor-air-plant-terrarium-globe-crystal-hydroponic-container-creative-wedding-decor-flower-pot/,"O.RoseLif  Conch Glass Vase Home Decor Air Plant Terrarium Globe Crystal Hydroponic Container Creative Wedding Decor Flower Pot",2020/05/O-RoseLif-Conch-Glass-Vase-Home-Decor-Air-Plant-Terrarium-Globe-Crystal-Hydroponic-Container-Creative-Wedding.jpg
439100,https://wallcorners.com/product/hanging-glass-vase-ellipse-hanging-terrarium-glass-vase-hydroponic-office-ellipse-glass-vase-home-decoration-drop-shipping/,"Hanging Glass Vase Ellipse Hanging Terrarium Glass Vase Hydroponic Office Ellipse Glass Vase Home Decoration Drop shipping",2020/05/Hanging-Glass-Vase-Ellipse-Hanging-Terrarium-Glass-Vase-Hydroponic-Office-Ellipse-Glass-Vase-Home-Decoration-Drop.jpg
439105,https://wallcorners.com/product/new-creative-wooden-stand-glass-terrarium-container-hydroponics-planter-flower-pot-tabletop-vase-diy-home-office-wedding-decor/,"New Creative Wooden Stand Glass Terrarium Container Hydroponics Planter Flower Pot Tabletop Vase DIY Home Office Wedding Decor",2020/05/New-Creative-Wooden-Stand-Glass-Terrarium-Container-Hydroponics-Planter-Flower-Pot-Tabletop-Vase-DIY-Home-Office.jpg
439108,https://wallcorners.com/product/mushroom-shaped-glass-vase-glass-terrarium-bottle-container-flower-home-table-decor-modern-style-ornaments/,"Mushroom Shaped Glass Vase Glass Terrarium Bottle Container Flower Home Table Decor Modern Style Ornaments",2020/05/Mushroom-Shaped-Glass-Vase-Glass-Terrarium-Bottle-Container-Flower-Home-Table-Decor-Modern-Style-Ornaments.jpg
439128,https://wallcorners.com/product/creative-nordic-style-resin-vase-cute-girl-bubble-gum-decorative-flower-pot-modern-lovely-art-decoration-flower-home-decoration/,"Creative Nordic style Resin vase Cute girl bubble gum Decorative flower pot modern lovely Art decoration flower home decoration",2020/05/Creative-Nordic-style-Resin-vase-Cute-girl-bubble-gum-Decorative-flower-pot-modern-lovely-Art-decoration.jpg
439139,https://wallcorners.com/product/ceramic-for-succulents-plant-flower-pot-plant-pots-air-plant-pot-delicate-wall-planter-porcelain-gift-for-valentines-day-6-5cm/,"Ceramic for Succulents Plant Flower Pot Plant Pots Air Plant Pot Delicate Wall Planter Porcelain Gift for Valentine'S Day 6.5cm",2020/05/Ceramic-for-Succulents-Plant-Flower-Pot-Plant-Pots-Air-Plant-Pot-Delicate-Wall-Planter-Porcelain-Gift.jpg
439144,https://wallcorners.com/product/modern-white-ceramic-vase-chinese-style-simple-designed-pottery-and-porcelain-vases-for-artificial-flowers-decorative-figurines/,"Modern White Ceramic Vase Chinese Style Simple Designed Pottery And Porcelain Vases For Artificial Flowers Decorative Figurines",2020/05/Modern-White-Ceramic-Vase-Chinese-Style-Simple-Designed-Pottery-And-Porcelain-Vases-For-Artificial-Flowers-Decorative.jpg
439145,https://wallcorners.com/product/8pcs-6-8-10cm-clear-globe-6-8-10cm-diy-hanging-round-glass-air-plant-terrariums-balls-flower-globe-vase-for-wedding-decorations/,"8pcs 6/8/10cm Clear Globe  6/8/10cm DIY Hanging Round Glass Air Plant Terrariums Balls Flower Globe Vase For Wedding Decorations",2020/05/8pcs-6-8-10cm-Clear-Globe-6-8-10cm-DIY-Hanging-Round-Glass-Air-Plant-Terrariums.jpg
439146,https://wallcorners.com/product/party-decoration-vase-abstract-minimalist-flower-vase-racks-nordic-flower-ornaments-paper-vase-home-storage-decor-accessories/,"Party Decoration Vase Abstract Minimalist Flower Vase Racks Nordic Flower Ornaments Paper Vase Home Storage Decor Accessories",2020/05/Party-Decoration-Vase-Abstract-Minimalist-Flower-Vase-Racks-Nordic-Flower-Ornaments-Paper-Vase-Home-Storage-Decor.jpg
439161,https://wallcorners.com/product/20-23-3-27cm-height-white-black-ceramic-tabletop-vase-chinese-crafts-decor-flowerpot-for-artificial-flower-home-decorations/,"20/23.3/27cm Height White/Black Ceramic Tabletop Vase Chinese Crafts Decor Flowerpot for Artificial Flower Home Decorations",2020/05/20-23-3-27cm-Height-White-Black-Ceramic-Tabletop-Vase-Chinese-Crafts-Decor-Flowerpot-for-Artificial.jpg
439170,https://wallcorners.com/product/hyacinth-plastic-imitation-glass-transparent-vase-hydroponic-bottle-living-room-bedside-anti-fall-crystal-ornaments-flower/,"Hyacinth plastic imitation glass transparent vase hydroponic bottle living room bedside anti-fall crystal ornaments flower",2020/05/Hyacinth-plastic-imitation-glass-transparent-vase-hydroponic-bottle-living-room-bedside-anti-fall-crystal-ornaments-flower.jpg
439236,https://wallcorners.com/product/nordic-iron-vases-for-plants-shelving-flower-vase-garden-modern-creative-vase-for-new-year-decor-home-decoration-accessories/,"Nordic Iron Vases for Plants Shelving Flower Vase Garden Modern Creative Vase for New Year Decor Home Decoration Accessories",2020/05/Nordic-Iron-Vases-for-Plants-Shelving-Flower-Vase-Garden-Modern-Creative-Vase-for-New-Year-Decor.jpg
439238,https://wallcorners.com/product/ceramic-vase-flower-pot-pineapple-shape-table-creative-handmade-porcelain-home-decoration-e/,"Ceramic Vase Flower Pot Pineapple Shape Table Creative Handmade Porcelain  Home Decoration E",2020/05/Ceramic-Vase-Flower-Pot-Pineapple-Shape-Table-Creative-Handmade-Porcelain-Home-Decoration-E.jpg
439247,https://wallcorners.com/product/round-colourful-vases-modern-mini-plastic-flower-pot-desktop-plant-flower-pots-flower-basket-home-garden-office-decorations/,"Round Colourful Vases Modern Mini Plastic Flower Pot Desktop Plant Flower Pots Flower Basket Home Garden Office Decorations",2020/05/Round-Colourful-Vases-Modern-Mini-Plastic-Flower-Pot-Desktop-Plant-Flower-Pots-Flower-Basket-Home-Garden.jpg
439257,https://wallcorners.com/product/nordic-glass-vases-living-room-table-decoration-transparent-water-hydroponics-flower-rope-dry-flower-vase-diy-valentines-day/,"Nordic Glass Vases Living Room Table Decoration Transparent Water Hydroponics Flower Rope Dry Flower Vase DIY Valentine's Day",2020/05/Nordic-Glass-Vases-Living-Room-Table-Decoration-Transparent-Water-Hydroponics-Flower-Rope-Dry-Flower-Vase-DIY.jpg
439263,https://wallcorners.com/product/origami-plastic-vase-white-imitation-ceramic-flowerpot-flower-artificial-arrangement-flower-container-party-home-decoration/,"Origami Plastic Vase White Imitation Ceramic Flowerpot Flower Artificial Arrangement Flower Container Party Home Decoration",2020/05/Origami-Plastic-Vase-White-Imitation-Ceramic-Flowerpot-Flower-Artificial-Arrangement-Flower-Container-Party-Home-Decoration.jpg
439280,https://wallcorners.com/product/6-glass-tubes-shape-hanging-hydroponic-flower-plant-vase-terrarium-container-5-9inch/,"6 Glass Tubes Shape Hanging Hydroponic Flower Plant Vase Terrarium Container 5.9inch",2020/05/6-Glass-Tubes-Shape-Hanging-Hydroponic-Flower-Plant-Vase-Terrarium-Container-5-9inch.jpg
439306,https://wallcorners.com/product/set-of-4pcs-iron-geometric-rectangular-frame-wedding-props-road-lead-artificial-flower-holders-40-60-80-100cm-no-flower/,"(set of 4pcs) Iron geometric rectangular frame wedding props road lead artificial flower holders (40/60/80/100cm) (no flower)",2020/05/set-of-4pcs-Iron-geometric-rectangular-frame-wedding-props-road-lead-artificial-flower-holders-40.jpg
439311,https://wallcorners.com/product/transparent-glass-vase-wall-hanging-hydroponic-terrarium-fish-tanks-potted-plant-flower-pot-dia-8-10cm/,"Transparent Glass Vase Wall Hanging Hydroponic Terrarium Fish Tanks Potted Plant Flower pot Dia 8/10CM",2020/05/Transparent-Glass-Vase-Wall-Hanging-Hydroponic-Terrarium-Fish-Tanks-Potted-Plant-Flower-pot-Dia-8-10CM.jpg
439397,https://wallcorners.com/product/artificial-flower-hanging-basket-vase-rattan-wall-hanging-small-artificial-rattan-flower-basket-for-home-decoration-color-random-2/,"Artificial Flower Hanging Basket Vase Rattan Wall Hanging Small Artificial Rattan Flower Basket For Home Decoration Color Random",2020/05/Artificial-Flower-Hanging-Basket-Vase-Rattan-Wall-Hanging-Small-Artificial-Rattan-Flower-Basket-For-Home-Decoration-6.jpg
439428,https://wallcorners.com/product/12-inch-30cm-crystal-terrarium-container-hanging-holder-iron-stand-micro-landscape-figurines-miniatures-holder-decoration/,"12 Inch 30cm Crystal Terrarium Container Hanging Holder Iron Stand Micro Landscape Figurines &amp; Miniatures Holder Decoration",2020/05/12-Inch-30cm-Crystal-Terrarium-Container-Hanging-Holder-Iron-Stand-Micro-Landscape-Figurines-Miniatures-Holder-Decoration.jpg
439429,https://wallcorners.com/product/pastoral-style-ornaments-craft-vase-desktop-garden-flower-bucket-iron-countryside-vintage-decoration-craft-for-home-room-office/,"Pastoral Style Ornaments Craft Vase Desktop Garden Flower Bucket Iron Countryside Vintage Decoration Craft for Home Room Office",2020/05/Pastoral-Style-Ornaments-Craft-Vase-Desktop-Garden-Flower-Bucket-Iron-Countryside-Vintage-Decoration-Craft-for-Home.jpg
439432,https://wallcorners.com/product/1pc-origami-plastic-glass-vase-white-imitation-ceramic-flower-pot-flower-basket-flower-vase-decoration-home-nordic-decoration/,"1pc Origami Plastic Glass Vase White Imitation Ceramic Flower Pot Flower Basket Flower Vase Decoration Home Nordic Decoration",2020/05/1pc-Origami-Plastic-Glass-Vase-White-Imitation-Ceramic-Flower-Pot-Flower-Basket-Flower-Vase-Decoration-Home.jpg
439434,https://wallcorners.com/product/fishbowl-air-plant-vases-handmade-vases-transparent-hanging-fish-tanks-glass-decoration-aquarium-flowers-tank-plants-bowl/,"Fishbowl Air Plant Vases Handmade Vases Transparent Hanging Fish Tanks Glass Decoration Aquarium Flowers Tank Plants Bowl",2020/05/Fishbowl-Air-Plant-Vases-Handmade-Vases-Transparent-Hanging-Fish-Tanks-Glass-Decoration-Aquarium-Flowers-Tank-Plants.jpeg
439440,https://wallcorners.com/product/2pcs-set-high-quality-foldable-folding-flower-vase-pvc-durable-vase-for-wedding-party/,"2Pcs/set High Quality Foldable Folding Flower Vase PVC Durable Vase For Wedding Party",2020/05/2Pcs-set-High-Quality-Foldable-Folding-Flower-Vase-PVC-Durable-Vase-For-Wedding-Party.jpg
439443,https://wallcorners.com/product/78cm-walled-vase-wall-hang-glass-flower-planter-terrarium-container-home-decor-wall-hanging-vase-garden-planting-flower-pot/,"7*8cm Walled Vase Wall Hang Glass Flower Planter Terrarium Container Home Decor Wall Hanging Vase Garden Planting Flower Pot",2020/05/7-8cm-Walled-Vase-Wall-Hang-Glass-Flower-Planter-Terrarium-Container-Home-Decor-Wall-Hanging-Vase.jpg
439467,https://wallcorners.com/product/creative-wall-sticker-vase-glass-wall-silicone-sticker-small-vase-magic-wall-hanging-colorful-vase-silicone-seamless-paste-vase/,"Creative wall sticker vase Glass wall Silicone sticker small vase Magic wall hanging colorful vase Silicone seamless paste vase",2020/05/Creative-wall-sticker-vase-Glass-wall-Silicone-sticker-small-vase-Magic-wall-hanging-colorful-vase-Silicone.jpg
439473,https://wallcorners.com/product/seagrass-woven-storage-baskets-garden-flower-vase-hanging-basket-rattan-planter-potted-organizer-home-laundry-basket-with-handle-2/,"Seagrass Woven Storage Baskets Garden Flower Vase Hanging Basket Rattan Planter Potted Organizer Home Laundry Basket with Handle",2020/05/Seagrass-Woven-Storage-Baskets-Garden-Flower-Vase-Hanging-Basket-Rattan-Planter-Potted-Organizer-Home-Laundry-Basket-6.jpg
439480,https://wallcorners.com/product/modern-white-ceramic-tabletop-decorative-vase-with-metal-frame-home-office-decor-succulent-plant-potted-artificial-flower-holder/,"Modern White Ceramic Tabletop Decorative Vase with Metal Frame Home Office Decor Succulent Plant Potted Artificial Flower Holder",2020/05/Modern-White-Ceramic-Tabletop-Decorative-Vase-with-Metal-Frame-Home-Office-Decor-Succulent-Plant-Potted-Artificial.jpg
439490,https://wallcorners.com/product/simple-nordic-glass-flower-vase-tube-bottle-hydroponic-terrarium-container-holder-decor-for-bedroom-living-room-home-decoration/,"Simple Nordic Glass Flower Vase Tube Bottle Hydroponic Terrarium Container Holder Decor for Bedroom Living Room Home Decoration",2020/05/Simple-Nordic-Glass-Flower-Vase-Tube-Bottle-Hydroponic-Terrarium-Container-Holder-Decor-for-Bedroom-Living-Room.jpg
439494,https://wallcorners.com/product/vintage-vase-crafts-simple-fashion-hot-stamping-black-vase-modern-decoration-glass-bedroom-handicraft-family-beautiful-gift-vase/,"Vintage Vase Crafts Simple Fashion Hot Stamping Black Vase Modern Decoration Glass Bedroom Handicraft Family Beautiful Gift Vase",2020/05/Vintage-Vase-Crafts-Simple-Fashion-Hot-Stamping-Black-Vase-Modern-Decoration-Glass-Bedroom-Handicraft-Family-Beautiful.jpeg
439520,https://wallcorners.com/product/ceramic-desktop-vase-ornaments-jewelry-creative-home-furnishing-small-white-vase-decorated-with-modern-art-ceramic-for-home-s/,"Ceramic Desktop Vase Ornaments Jewelry Creative Home Furnishing Small White Vase Decorated with Modern Art Ceramic for Home S",2020/05/Ceramic-Desktop-Vase-Ornaments-Jewelry-Creative-Home-Furnishing-Small-White-Vase-Decorated-with-Modern-Art-Ceramic.jpg
439521,https://wallcorners.com/product/anti-ceramic-vase-home-decoration-european-style-rural-style-plastic-vase-flower-basket-anti-fall-creative-wedding-decoration/,"Anti-ceramic Vase Home Decoration European-style Rural Style Plastic Vase Flower Basket Anti-fall Creative Wedding Decoration",2020/05/Anti-ceramic-Vase-Home-Decoration-European-style-Rural-Style-Plastic-Vase-Flower-Basket-Anti-fall-Creative.jpg
439570,https://wallcorners.com/product/soledi-12cm-terrarium-hydroponic-plant-ice-cone-vases-vintage-flower-pot-transparent-wall-vase-glass-plants-home-bonsai-decor/,"SOLEDI 12CM Terrarium Hydroponic Plant Ice cone Vases Vintage Flower Pot Transparent wall Vase Glass Plants Home Bonsai Decor",2020/05/SOLEDI-12CM-Terrarium-Hydroponic-Plant-Ice-cone-Vases-Vintage-Flower-Pot-Transparent-wall-Vase-Glass-Plants.jpg
439597,https://wallcorners.com/product/nordic-test-tube-glass-vase-set-hydroponic-vase-elegant-tabletop-vase-for-water-planting-flower-arrangement-decoration-gift/,"Nordic Test Tube Glass Vase Set Hydroponic Vase Elegant Tabletop Vase For Water Planting Flower Arrangement Decoration Gift",2020/05/Nordic-Test-Tube-Glass-Vase-Set-Hydroponic-Vase-Elegant-Tabletop-Vase-For-Water-Planting-Flower-Arrangement.jpg
439640,https://wallcorners.com/product/best-selling-home-garden-hanging-glass-ball-vase-flower-plant-pot-terrarium-container-party-wedding-decor-creative-hanging-decor/,"Best Selling Home Garden Hanging Glass Ball Vase Flower Plant Pot Terrarium Container Party Wedding Decor Creative Hanging Decor",2020/05/Best-Selling-Home-Garden-Hanging-Glass-Ball-Vase-Flower-Plant-Pot-Terrarium-Container-Party-Wedding-Decor.jpg
439645,https://wallcorners.com/product/eco-friendly-unbreakable-foldable-folding-flower-plastic-pvc-durable-vase-home-wedding-party-easy-to-store-27-x-12cm/,"Eco-friendly Unbreakable Foldable Folding Flower Plastic PVC Durable Vase Home Wedding Party Easy to Store 27 x 12cm",2020/05/Eco-friendly-Unbreakable-Foldable-Folding-Flower-Plastic-PVC-Durable-Vase-Home-Wedding-Party-Easy-to-Store.jpg
439658,https://wallcorners.com/product/hot-sale-crystal-glass-test-tube-vase-in-wooden-stand-flower-pots-for-hydroponic-plants-home-garden-decoration/,"Hot Sale Crystal Glass Test Tube Vase in Wooden Stand Flower Pots for Hydroponic Plants Home Garden Decoration",2020/05/Hot-Sale-Crystal-Glass-Test-Tube-Vase-in-Wooden-Stand-Flower-Pots-for-Hydroponic-Plants-Home.jpg
439675,https://wallcorners.com/product/high-quality-glass-vase-hydroponic-creative-plants-garden-flower-pot-skull-shape-hanging-clear-vases-home-yard-halloween-decor/,"High Quality Glass Vase Hydroponic Creative Plants Garden Flower Pot Skull Shape Hanging Clear Vases Home Yard Halloween Decor",2020/05/High-Quality-Glass-Vase-Hydroponic-Creative-Plants-Garden-Flower-Pot-Skull-Shape-Hanging-Clear-Vases-Home.jpg
439707,https://wallcorners.com/product/home-window-hanging-glass-vase-flower-water-planting-terrarium-glass-hanging-vase-hydroponic-indoor-office-home-decor-ornament/,"Home Window Hanging Glass Vase Flower Water Planting Terrarium Glass Hanging Vase Hydroponic Indoor Office Home Decor Ornament",2020/05/Home-Window-Hanging-Glass-Vase-Flower-Water-Planting-Terrarium-Glass-Hanging-Vase-Hydroponic-Indoor-Office-Home.jpg
439721,https://wallcorners.com/product/clear-ball-glass-hanging-vase-bottle-terrarium-container-planter-decor-transparent-vase-house-home-decor-flower-ornaments/,"Clear Ball Glass Hanging Vase Bottle Terrarium Container Planter Decor Transparent Vase House Home Decor Flower Ornaments",2020/05/Clear-Ball-Glass-Hanging-Vase-Bottle-Terrarium-Container-Planter-Decor-Transparent-Vase-House-Home-Decor-Flower.jpg
439733,https://wallcorners.com/product/2pcs-lottransparent-crystal-glass-hanging-wall-plant-vase-glass-terrarium-decoration-wall-home-decorfree-shipping/,"2pcs/lot,Transparent Crystal Glass hanging wall plant vase, glass terrarium decoration, wall home decor,Free Shipping",2020/05/2pcs-lot-Transparent-Crystal-Glass-hanging-wall-plant-vase-glass-terrarium-decoration-wall-home-decor-Free.jpg
439755,https://wallcorners.com/product/flower-plant-glass-vase-hanging-design-stand-round-with-1-hole-hydroponic-container-with-holder-living-room-home-decor-gift/,"Flower Plant Glass Vase Hanging Design Stand Round with 1 Hole Hydroponic Container with Holder Living Room Home Decor Gift",2020/05/Flower-Plant-Glass-Vase-Hanging-Design-Stand-Round-with-1-Hole-Hydroponic-Container-with-Holder-Living.jpg
439757,https://wallcorners.com/product/clear-glass-hanging-vase-bottle-terrarium-container-plant-flower-decor-transparents-wall-hanging-glass-vase-home-decoration/,"Clear Glass Hanging Vase Bottle Terrarium Container Plant Flower Decor Transparents Wall Hanging Glass Vase Home Decoration",2020/05/Clear-Glass-Hanging-Vase-Bottle-Terrarium-Container-Plant-Flower-Decor-Transparents-Wall-Hanging-Glass-Vase-Home.jpg
439761,https://wallcorners.com/product/8cm-12cm-glass-vase-wall-hanging-hydroponic-terrarium-fish-tanks-potted-plant-flower-pot/,"8CM/12CM Glass Vase Wall Hanging Hydroponic Terrarium Fish Tanks Potted Plant Flower pot",2020/05/8CM-12CM-Glass-Vase-Wall-Hanging-Hydroponic-Terrarium-Fish-Tanks-Potted-Plant-Flower-pot.jpg
439762,https://wallcorners.com/product/ribbon-plastic-storage-basket-artificial-rattan-vase-flower-vase-party-decor-hotels-coffee-shops-hospitals-fashion-practical/,"Ribbon Plastic Storage Basket Artificial Rattan Vase Flower Vase Party Decor Hotels Coffee Shops Hospitals Fashion Practical",2020/05/Ribbon-Plastic-Storage-Basket-Artificial-Rattan-Vase-Flower-Vase-Party-Decor-Hotels-Coffee-Shops-Hospitals-Fashion.jpg
439766,https://wallcorners.com/product/vintage-style-glass-desktop-plant-bonsai-flower-christmas-decoration-vase-with-wooden-l-t-shape-tray-home-decor-accessories/,"Vintage Style Glass Desktop Plant Bonsai Flower Christmas Decoration Vase with Wooden L / T Shape Tray Home Decor Accessories",2020/05/Vintage-Style-Glass-Desktop-Plant-Bonsai-Flower-Christmas-Decoration-Vase-with-Wooden-L-T-Shape-Tray.jpg
439769,https://wallcorners.com/product/modern-wood-stand-rack-tabletop-glass-vase-test-tube-planter-modern-flower-pots-tabletop-terrarium-for-home-office-cafe-decor/,"Modern Wood Stand Rack Tabletop Glass Vase Test Tube Planter Modern Flower Pots Tabletop Terrarium for Home Office Cafe Decor",2020/05/Modern-Wood-Stand-Rack-Tabletop-Glass-Vase-Test-Tube-Planter-Modern-Flower-Pots-Tabletop-Terrarium-for.jpg
439780,https://wallcorners.com/product/small-big-size-double-layers-kraft-paper-bag-plants-flowers-vase-kids-toys-books-sundries-organize-luandry-basket/,"Small Big Size Double Layers Kraft Paper Bag Plants Flowers Vase Kids Toys Books Sundries Organize Luandry Basket",2020/05/Small-Big-Size-Double-Layers-Kraft-Paper-Bag-Plants-Flowers-Vase-Kids-Toys-Books-Sundries-Organize.jpg
439802,https://wallcorners.com/product/new-home-living-room-decor-glass-wall-hanging-plant-flower-glass-vase-containe-terrarium-wall-fish-tank-aquarium-decor-container/,"New Home Living Room Decor Glass Wall Hanging Plant Flower Glass Vase Containe Terrarium Wall Fish Tank Aquarium Decor Container",2020/05/New-Home-Living-Room-Decor-Glass-Wall-Hanging-Plant-Flower-Glass-Vase-Containe-Terrarium-Wall-Fish.jpg
439805,https://wallcorners.com/product/new-glass-bulb-lamp-shape-flower-water-plant-hanging-vase-hydroponic-container-terrarium-glass-home-office-wedding-decoration/,"New Glass Bulb Lamp Shape Flower Water Plant Hanging Vase Hydroponic Container Terrarium Glass Home Office Wedding Decoration",2020/05/New-Glass-Bulb-Lamp-Shape-Flower-Water-Plant-Hanging-Vase-Hydroponic-Container-Terrarium-Glass-Home-Office.jpg
439818,https://wallcorners.com/product/beautiful-glass-vase-simple-handicraft-modern-hot-stamping-black-fashion-bedroom-living-room-vase/,"Beautiful Glass Vase Simple Handicraft Modern Hot Stamping Black Fashion Bedroom Living Room Vase",2020/05/Beautiful-Glass-Vase-Simple-Handicraft-Modern-Hot-Stamping-Black-Fashion-Bedroom-Living-Room-Vase.jpeg
439844,https://wallcorners.com/product/hanging-ball-shape-glass-flower-planter-hydroponic-vase-containersmini-fish-tank/,"Hanging Ball Shape Glass Flower Planter Hydroponic Vase ContainersMini Fish Tank",2020/05/Hanging-Ball-Shape-Glass-Flower-Planter-Hydroponic-Vase-ContainersMini-Fish-Tank.jpg
439853,https://wallcorners.com/product/drop-shipping-glass-flower-planter-vase-garden-decoration-home-garden-ball-decor-wall-hang-garden-supplies/,"Drop Shipping Glass Flower Planter Vase Garden Decoration Home Garden Ball Decor Wall Hang Garden Supplies",2020/05/Drop-Shipping-Glass-Flower-Planter-Vase-Garden-Decoration-Home-Garden-Ball-Decor-Wall-Hang-Garden-Supplies.jpg
439899,https://wallcorners.com/product/3pcs-portable-eco-friendly-flower-cute-foldable-vase-wedding-office-home-decoration-random-pvc-plastic-flower-vase/,"3Pcs Portable Eco-friendly Flower Cute Foldable Vase Wedding Office Home Decoration Random PVC Plastic Flower Vase",2020/05/3Pcs-Portable-Eco-friendly-Flower-Cute-Foldable-Vase-Wedding-Office-Home-Decoration-Random-PVC-Plastic-Flower.jpeg
439903,https://wallcorners.com/product/vintage-galvanised-metal-iron-flower-garden-shabby-vase-pot-barrel-planter-decor/,"Vintage Galvanised Metal Iron Flower Garden Shabby Vase Pot Barrel Planter Decor",2020/05/Vintage-Galvanised-Metal-Iron-Flower-Garden-Shabby-Vase-Pot-Barrel-Planter-Decor.jpg
439908,https://wallcorners.com/product/hanging-glass-vase-hanging-terrarium-creative-plant-flower-clear-container-indoor-vase-home-decoration-party-wedding-decor/,"Hanging Glass Vase Hanging Terrarium Creative Plant Flower Clear Container Indoor Vase Home Decoration Party Wedding Decor",2020/05/Hanging-Glass-Vase-Hanging-Terrarium-Creative-Plant-Flower-Clear-Container-Indoor-Vase-Home-Decoration-Party-Wedding.jpg
439922,https://wallcorners.com/product/vase-european-home-decoration-anti-ceramic-vase-accessories-plastic-modern-unbreakable-creative-wedding-decoration-flowers/,"Vase European Home Decoration Anti-ceramic Vase Accessories Plastic Modern Unbreakable Creative Wedding Decoration Flowers",2020/05/Vase-European-Home-Decoration-Anti-ceramic-Vase-Accessories-Plastic-Modern-Unbreakable-Creative-Wedding-Decoration-Flowers.jpg
439926,https://wallcorners.com/product/new-home-decoration-simple-nordic-glass-flower-tube-bottle-hydroponic-terrarium-container-holder-decor-for-bedroom-living-room/,"New Home Decoration Simple Nordic Glass Flower  Tube Bottle Hydroponic Terrarium Container Holder Decor for Bedroom Living Room",2020/05/New-Home-Decoration-Simple-Nordic-Glass-Flower-Tube-Bottle-Hydroponic-Terrarium-Container-Holder-Decor-for-Bedroom.jpg
439932,https://wallcorners.com/product/clear-bulb-glass-hanging-vase-bottle-plant-pot-flower-diy-wedding-garden-decor/,"Clear Bulb Glass Hanging Vase Bottle Plant Pot Flower DIY Wedding Garden Decor",2020/05/Clear-Bulb-Glass-Hanging-Vase-Bottle-Plant-Pot-Flower-DIY-Wedding-Garden-Decor.jpg
439938,https://wallcorners.com/product/glass-and-wood-vase-planter-terrarium-table-desktop-hydroponics-plant-bonsai-flower-pot-hanging-pots-with-wooden-tray-home-decor/,"Glass and Wood Vase Planter Terrarium Table Desktop Hydroponics Plant Bonsai Flower Pot Hanging Pots with Wooden Tray Home Decor",2020/05/Glass-and-Wood-Vase-Planter-Terrarium-Table-Desktop-Hydroponics-Plant-Bonsai-Flower-Pot-Hanging-Pots-with.jpg
439957,https://wallcorners.com/product/heart-shaped-wall-hanging-glass-vase-clear-hanging-flower-container-vase-hydroponic-wedding-home-decoration-glass-decal-tools/,"Heart Shaped Wall Hanging Glass Vase Clear Hanging Flower Container Vase Hydroponic Wedding Home Decoration Glass Decal Tools",2020/05/Heart-Shaped-Wall-Hanging-Glass-Vase-Clear-Hanging-Flower-Container-Vase-Hydroponic-Wedding-Home-Decoration-Glass.jpg
440033,https://wallcorners.com/product/hot-factory-outlets-20pcs-lot-big-size-w18cmh27cm-foldable-plastic-vaserandom-send-various-styles/,"Hot!!! Factory Outlets 20pcs/lot big size W18cm*H27cm Foldable plastic vase(Random send various styles)",2020/05/Hot-Factory-Outlets-20pcs-lot-big-size-W18cm-H27cm-Foldable-plastic-vase-Random-send-various-styles.jpg
440069,https://wallcorners.com/product/retro-iron-flower-bucket-pot-flower-plant-succulent-planter-holder-bonsai-pot-vintage-flower-tub-balcony-home-garden-decoration/,"Retro Iron Flower Bucket Pot Flower Plant Succulent Planter Holder Bonsai Pot Vintage Flower Tub Balcony Home Garden Decoration",2020/05/Retro-Iron-Flower-Bucket-Pot-Flower-Plant-Succulent-Planter-Holder-Bonsai-Pot-Vintage-Flower-Tub-Balcony-6.jpg
440070,https://wallcorners.com/product/soledi-14cm-terrarium-hydroponic-vintage-round-cake-plant-flower-pot-transparent-wall-vase-plants-home-bonsai-decor/,"SOLEDI 14CM Terrarium Hydroponic Vintage Round cake Plant Flower Pot Transparent Wall Vase Plants Home Bonsai Decor",2020/05/SOLEDI-14CM-Terrarium-Hydroponic-Vintage-Round-cake-Plant-Flower-Pot-Transparent-Wall-Vase-Plants-Home-Bonsai-6.jpg
440071,https://wallcorners.com/product/1pc-origami-plastic-vase-white-imitation-ceramic-flower-pot-flower-basket-flower-vase-decoration-home-nordic-decoration/,"1pc Origami Plastic Vase White Imitation Ceramic Flower Pot Flower Basket Flower Vase Decoration Home Nordic Decoration",2020/05/1pc-Origami-Plastic-Vase-White-Imitation-Ceramic-Flower-Pot-Flower-Basket-Flower-Vase-Decoration-Home-Nordic-6.jpg
440072,https://wallcorners.com/product/garden-rattan-tricycle-bike-basket-vase-wedding-party-office-table-storage-home-decoration-flower-decor-tools-bedroom-vases/,"Garden Rattan Tricycle Bike Basket Vase Wedding Party Office Table Storage Home Decoration Flower Decor Tools Bedroom Vases",2020/05/Garden-Rattan-Tricycle-Bike-Basket-Vase-Wedding-Party-Office-Table-Storage-Home-Decoration-Flower-Decor-Tools-6.jpg
440077,https://wallcorners.com/product/hydroponic-vase-transparent-vase-glass-wooden-desktop-decoration-family-sturdy-beautiful-glass-bottle-vase/,"Hydroponic Vase Transparent Vase Glass Wooden Desktop Decoration Family Sturdy Beautiful Glass Bottle Vase",2020/05/Hydroponic-Vase-Transparent-Vase-Glass-Wooden-Desktop-Decoration-Family-Sturdy-Beautiful-Glass-Bottle-Vase-6.jpeg
440078,https://wallcorners.com/product/1-set-nordic-vase-with-glass-cuvette-geometric-shape-vase-glass-holder-stand-elegant-vase-decoration-home-bedroom-decor/,"1 Set Nordic Vase With Glass Cuvette Geometric Shape Vase Glass Holder Stand Elegant Vase Decoration Home Bedroom Decor",2020/05/1-Set-Nordic-Vase-With-Glass-Cuvette-Geometric-Shape-Vase-Glass-Holder-Stand-Elegant-Vase-Decoration-6.jpg
440141,https://wallcorners.com/product/geometric-terrarium-wedding-ring-bearer-box-glass-diamond-terrarium-office-cubicle-planter-succulent-planter-wedding-gift-decor/,"Geometric Terrarium Wedding Ring Bearer Box Glass Diamond Terrarium Office Cubicle Planter Succulent Planter Wedding Gift Decor",2020/05/Geometric-Terrarium-Wedding-Ring-Bearer-Box-Glass-Diamond-Terrarium-Office-Cubicle-Planter-Succulent-Planter-Wedding-Gift-6.jpg
440148,https://wallcorners.com/product/clear-heart-glass-hanging-glass-vase-bottle-terrarium-flower-home-garden-decor-transparent-home-decoration-planting-vase/,"Clear Heart Glass Hanging Glass Vase Bottle Terrarium Flower Home Garden Decor Transparent Home Decoration Planting Vase",2020/05/Clear-Heart-Glass-Hanging-Glass-Vase-Bottle-Terrarium-Flower-Home-Garden-Decor-Transparent-Home-Decoration-Planting.jpg
440168,https://wallcorners.com/product/3-colors-creative-plastic-vase-white-imitation-ceramic-flower-pot-beautiful-flower-vase-home-decoration/,"3 Colors Creative Plastic Vase White Imitation Ceramic Flower Pot Beautiful Flower Vase Home Decoration",2020/05/3-Colors-Creative-Plastic-Vase-White-Imitation-Ceramic-Flower-Pot-Beautiful-Flower-Vase-Home-Decoration.jpg
440172,https://wallcorners.com/product/cute-iron-flower-vase-bar-cafe-window-decoration-nordic-style-home-decor-ornament-flower-pot-flower-basket-mini-metal-vase/,"Cute Iron Flower Vase Bar Cafe Window Decoration Nordic Style Home Decor Ornament Flower Pot Flower Basket Mini Metal Vase",2020/05/Cute-Iron-Flower-Vase-Bar-Cafe-Window-Decoration-Nordic-Style-Home-Decor-Ornament-Flower-Pot-Flower-6.jpg
440173,https://wallcorners.com/product/wall-hanging-rubber-floret-bottle-silicone-vase-container-magic-sticker-on-glass-wall-flower-pots-drop-shipping/,"Wall Hanging Rubber Floret Bottle Silicone Vase Container Magic Sticker On Glass Wall Flower Pots Drop Shipping",2020/05/Wall-Hanging-Rubber-Floret-Bottle-Silicone-Vase-Container-Magic-Sticker-On-Glass-Wall-Flower-Pots-Drop-6.jpg
440176,https://wallcorners.com/product/ins-iron-flower-vases-plants-shelving-black-lines-vase-artificial-flower-vase-rack-garden-ornaments-modern-minimalist-home-decor/,"Ins Iron Flower Vases Plants Shelving Black Lines Vase Artificial Flower Vase Rack Garden Ornaments Modern Minimalist Home Decor",2020/05/Ins-Iron-Flower-Vases-Plants-Shelving-Black-Lines-Vase-Artificial-Flower-Vase-Rack-Garden-Ornaments-Modern-6.jpg
440233,https://wallcorners.com/product/absf-cat-shaped-glass-vase-hydroponic-plant-flower-vase-terrarium-container-pot-decor-art-gift/,"ABSF Cat Shaped Glass Vase Hydroponic Plant Flower Vase Terrarium Container Pot Decor Art Gift",2020/05/ABSF-Cat-Shaped-Glass-Vase-Hydroponic-Plant-Flower-Vase-Terrarium-Container-Pot-Decor-Art-Gift-6.jpg
440234,https://wallcorners.com/product/reusable-silicone-floret-bottle-magic-stickers-on-glass-wall-punch-free-flower-pot-hole-free-adhesive-free-products-66cy/,"Reusable Silicone Floret Bottle Magic Stickers on Glass Wall Punch Free Flower Pot Hole-free Adhesive Free Products 66CY",2020/05/Reusable-Silicone-Floret-Bottle-Magic-Stickers-on-Glass-Wall-Punch-Free-Flower-Pot-Hole-free-Adhesive-6.jpg
440241,https://wallcorners.com/product/glass-and-wood-vase-planter-terrarium-table-desktop-hydroponics-plant-bonsai-flower-pot-hanging-pots-with-wooden-tray-home-decor-2/,"Glass and Wood Vase Planter Terrarium Table Desktop Hydroponics Plant Bonsai Flower Pot Hanging Pots with Wooden Tray Home Decor",2020/05/Glass-and-Wood-Vase-Planter-Terrarium-Table-Desktop-Hydroponics-Plant-Bonsai-Flower-Pot-Hanging-Pots-with-6.jpg
440249,https://wallcorners.com/product/american-style-resin-vase-porcelain-hanging-on-the-wall-wedding-house-decoration-supplies/,"American style resin vase, porcelain hanging on the wall, wedding house decoration supplies",2020/05/American-style-resin-vase-porcelain-hanging-on-the-wall-wedding-house-decoration-supplies-6.jpg
440252,https://wallcorners.com/product/clear-bulb-shape-glass-hanging-vase-bottle-container-table-wedding-garden-decor-home-decoration-hanging-planting-vase/,"Clear Bulb Shape Glass Hanging Vase Bottle Container Table Wedding Garden Decor Home Decoration Hanging Planting Vase",2020/05/Clear-Bulb-Shape-Glass-Hanging-Vase-Bottle-Container-Table-Wedding-Garden-Decor-Home-Decoration-Hanging-Planting.jpg
440264,https://wallcorners.com/product/handmade-hanging-vases-glass-vases-air-plant-vases-fishbowl-transparent-fishbowl-transparent-fishbowl/,"Handmade Hanging Vases Glass Vases Air Plant Vases Fishbowl Transparent Fishbowl Transparent Fishbowl",2020/05/Handmade-Hanging-Vases-Glass-Vases-Air-Plant-Vases-Fishbowl-Transparent-Fishbowl-Transparent-Fishbowl.jpeg
440271,https://wallcorners.com/product/1-pc-nordic-style-ceramic-iron-art-vase-minimalism-flower-vases-green-plant-flowerpot-coffeehouse-coffeehouse-home-decoration/,"1 PC Nordic Style Ceramic Iron Art Vase Minimalism Flower Vases Green Plant Flowerpot Coffeehouse Coffeehouse Home Decoration",2020/05/1-PC-Nordic-Style-Ceramic-Iron-Art-Vase-Minimalism-Flower-Vases-Green-Plant-Flowerpot-Coffeehouse-Coffeehouse.jpg
440302,https://wallcorners.com/product/wall-flower-arrangement-vase-abstract-minimalist-abstract-iron-vase-dried-flower-racks-nordic-flower-ornament-home-decoration/,"Wall Flower Arrangement Vase Abstract Minimalist Abstract Iron Vase Dried Flower Racks Nordic Flower Ornament Home Decoration",2020/05/Wall-Flower-Arrangement-Vase-Abstract-Minimalist-Abstract-Iron-Vase-Dried-Flower-Racks-Nordic-Flower-Ornament-Home.jpg
440326,https://wallcorners.com/product/home-garden-balcony-ceramic-hanging-planter-flower-pot-vase-with-twine-wedding-decor-home-party-decor/,"Home Garden Balcony Ceramic Hanging Planter Flower Pot Vase with Twine Wedding Decor Home Party Decor",2020/05/Home-Garden-Balcony-Ceramic-Hanging-Planter-Flower-Pot-Vase-with-Twine-Wedding-Decor-Home-Party-Decor-6.jpg
440332,https://wallcorners.com/product/crystal-glass-test-tube-vase-in-wooden-stand-flower-pots-for-hydroponic-plants-home-garden-decoration/,"Crystal Glass Test Tube Vase in Wooden Stand Flower Pots for Hydroponic Plants Home Garden Decoration",2020/05/Crystal-Glass-Test-Tube-Vase-in-Wooden-Stand-Flower-Pots-for-Hydroponic-Plants-Home-Garden-Decoration.jpg
440412,https://wallcorners.com/product/10pcs-lot-plastic-unbreakable-foldable-reusable-flower-home-decor-vase/,"10pcs/lot Plastic Unbreakable Foldable Reusable Flower Home Decor Vase",2020/05/10pcs-lot-Plastic-Unbreakable-Foldable-Reusable-Flower-Home-Decor-Vase.jpg
440429,https://wallcorners.com/product/1pcs-261612cm-white-tricycle-bike-design-flower-basket-container-for-diy-plastic-flower-plant-home-weddding-decoration/,"1PCS 26*16*12cm White Tricycle Bike Design Flower Basket Container For DIY Plastic Flower Plant Home Weddding Decoration",2020/05/1PCS-26-16-12cm-White-Tricycle-Bike-Design-Flower-Basket-Container-For-DIY-Plastic-Flower-Plant.jpg
440456,https://wallcorners.com/product/wall-hang-glass-flower-planter-vase-terrarium-container-home-garden-decor-ball/,"Wall Hang Glass Flower Planter Vase Terrarium Container Home Garden Decor Ball",2020/05/Wall-Hang-Glass-Flower-Planter-Vase-Terrarium-Container-Home-Garden-Decor-Ball.jpg
440480,https://wallcorners.com/product/creatively-glass-small-garden-cloche-plant-flower-cover-home-desktop-decoration/,"Creatively Glass Small Garden Cloche Plant Flower Cover Home Desktop Decoration",2020/05/Creatively-Glass-Small-Garden-Cloche-Plant-Flower-Cover-Home-Desktop-Decoration.jpg
440502,https://wallcorners.com/product/2pcs-random-color-pattern-plastic-unbreakable-foldable-reusable-vase-flower-home-decor-wholesale/,"2Pcs Random color pattern Plastic Unbreakable Foldable Reusable Vase Flower Home Decor Wholesale",2020/05/2Pcs-Random-color-pattern-Plastic-Unbreakable-Foldable-Reusable-Vase-Flower-Home-Decor-Wholesale.jpg
443268,https://wallcorners.com/product/hydroponic-small-table-vase-decoration-home-decoration-living-room-european-flower-arrangement-ceramic-small-flower-vase/,"Hydroponic Small Table Vase Decoration Home Decoration Living Room European Flower Arrangement Ceramic Small Flower Vase",2020/05/Hydroponic-Small-Table-Vase-Decoration-Home-Decoration-Living-Room-European-Flower-Arrangement-Ceramic-Small-Flower-Vase-5.jpg
443269,https://wallcorners.com/product/hot-sale-plastic-lace-vase-flowerpot-factory-pot-home-office-decoration-accessories/,"Hot Sale Plastic lace vase flowerpot factory pot home office decoration accessories",2020/05/Hot-Sale-Plastic-lace-vase-flowerpot-factory-pot-home-office-decoration-accessories-4.jpg
443273,https://wallcorners.com/product/fashionwhite-vase-ceramic-vase-home-decoration-accessories-dry-flower-modern-minimalist-literary-vase-for-flower-home-decor/,"FashionWhite Vase Ceramic Vase Home Decoration Accessories Dry Flower Modern Minimalist Literary Vase for Flower Home Decor",2020/05/FashionWhite-Vase-Ceramic-Vase-Home-Decoration-Accessories-Dry-Flower-Modern-Minimalist-Literary-Vase-for-Flower-Home-6.jpg
443276,https://wallcorners.com/product/brief-tabletop-glass-vase-hydroponic-multicolour-transparent-dried-flowers-home-furnishings-decoration/,"Brief tabletop glass vase hydroponic multicolour transparent dried flowers home furnishings decoration",2020/05/Brief-tabletop-glass-vase-hydroponic-multicolour-transparent-dried-flowers-home-furnishings-decoration.jpg
443281,https://wallcorners.com/product/glass-vase-decoration-simple-emerald-green-sen-glass-vase-baroque-metal-copper-ring-hydroponic-flower-arranger-home-furnishings/,"Glass Vase Decoration Simple Emerald Green Sen Glass Vase Baroque Metal Copper Ring Hydroponic Flower Arranger Home Furnishings",2020/05/Glass-Vase-Decoration-Simple-Emerald-Green-Sen-Glass-Vase-Baroque-Metal-Copper-Ring-Hydroponic-Flower-Arranger.jpg
443283,https://wallcorners.com/product/1-pc-nordic-minimalism-style-golden-ceramics-iron-art-vase-plant-pots-home-wedding-living-room-decoration-tabletop-vase/,"1 PC Nordic Minimalism Style Golden Ceramics Iron Art Vase Plant Pots Home Wedding Living Room Decoration Tabletop Vase",2020/05/1-PC-Nordic-Minimalism-Style-Golden-Ceramics-Iron-Art-Vase-Plant-Pots-Home-Wedding-Living-Room.jpg
443358,https://wallcorners.com/product/colorful-vases-new-ash-transparent-glass-vase-home-decoration-shop-decorations-brief-flower-vase-hydroponic-bottle/,"Colorful Vases New Ash Transparent Glass Vase Home Decoration Shop Decorations Brief Flower Vase Hydroponic Bottle",2020/05/Colorful-Vases-New-Ash-Transparent-Glass-Vase-Home-Decoration-Shop-Decorations-Brief-Flower-Vase-Hydroponic-Bottle-6.jpg
443368,https://wallcorners.com/product/17cm-modern-nordic-creative-portrait-vase-human-head-decorative-ornaments-resin-david-venus-vase-home-decoration-accessories/,"17cm modern Nordic Creative Portrait vase Human head Decorative ornaments Resin David Venus Vase Home decoration accessories",2020/05/17cm-modern-Nordic-Creative-Portrait-vase-Human-head-Decorative-ornaments-Resin-David-Venus-Vase-Home-decoration.jpg
443479,https://wallcorners.com/product/clear-angel-glass-hanging-vase-bottle-terrarium-hydroponic-container-plant-pot-diy-home-garden-decor-6-5cm8-5cm-drop-shipping/,"Clear Angel Glass Hanging Vase Bottle Terrarium Hydroponic Container Plant Pot DIY Home Garden Decor 6.5cm*8.5cm Drop shipping",2020/05/Clear-Angel-Glass-Hanging-Vase-Bottle-Terrarium-Hydroponic-Container-Plant-Pot-DIY-Home-Garden-Decor-6.jpg
443494,https://wallcorners.com/product/special-price-tea-beauty-new-arrival-traditional-chinese-longquan-celadon-tabletop-vase-for-home-decroation-lagenaria-siceraria/,"Special Price Tea Beauty New Arrival Traditional Chinese Longquan Celadon Tabletop Vase for Home Decroation Lagenaria Siceraria",2020/05/Special-Price-Tea-Beauty-New-Arrival-Traditional-Chinese-Longquan-Celadon-Tabletop-Vase-for-Home-Decroation-Lagenaria.jpg
443500,https://wallcorners.com/product/exquisite-chinese-archaize-colored-enamel-decorative-auspicious-flowers-and-birds-six-sides-porcelain-vase/,"Exquisite Chinese Archaize Colored Enamel Decorative Auspicious Flowers and Birds Six Sides Porcelain Vase",2020/05/Exquisite-Chinese-Archaize-Colored-Enamel-Decorative-Auspicious-Flowers-and-Birds-Six-Sides-Porcelain-Vase.jpg
443513,https://wallcorners.com/product/european-style-ceramic-vase-colorful-flower-bottle-adornment-handicraft-office-porcelain-vase-home-decor-furnishing-articles/,"European style Ceramic Vase colorful flower bottle Adornment Handicraft office Porcelain Vase Home Decor Furnishing Articles",2020/05/European-style-Ceramic-Vase-colorful-flower-bottle-Adornment-Handicraft-office-Porcelain-Vase-Home-Decor-Furnishing-Articles.jpg
443529,https://wallcorners.com/product/hot-sale-flower-vase-glass-tubes-clear-glass-flower-pot-with-wooden-stand-for-hydroponic-plants-test-tubes-container-home-tabl/,"Hot Sale Flower vase glass tubes clear glass flower pot with wooden stand for hydroponic plants test tubes container home tabl",2020/05/Hot-Sale-Flower-vase-glass-tubes-clear-glass-flower-pot-with-wooden-stand-for-hydroponic-plants.jpg
443532,https://wallcorners.com/product/soledi-10cm-terrarium-hydroponic-plant-waterdrop-vase-vintage-flower-pot-transparent-hanging-vase-glass-plants-home-bonsai-decor/,"SOLEDI 10CM Terrarium Hydroponic Plant waterdrop Vase Vintage Flower Pot Transparent hanging Vase Glass Plants Home Bonsai Decor",2020/05/SOLEDI-10CM-Terrarium-Hydroponic-Plant-waterdrop-Vase-Vintage-Flower-Pot-Transparent-hanging-Vase-Glass-Plants-Home.jpg
443620,https://wallcorners.com/product/hanging-planters-8-cm-ellipse-ball-succulent-planters-hanging-vases-glass-vase-indoor-office-hydroponic-flower-planter/,"Hanging Planters 8 Cm Ellipse Ball Succulent Planters Hanging Vases Glass Vase Indoor Office Hydroponic Flower Planter",2020/05/Hanging-Planters-8-Cm-Ellipse-Ball-Succulent-Planters-Hanging-Vases-Glass-Vase-Indoor-Office-Hydroponic-Flower.jpeg
443666,https://wallcorners.com/product/3d-floating-holder-box-jewelry-coin-protect-show-case-square-jewelry-collectibles-display-photo-frame-home-room-decoration/,"3D Floating Holder Box Jewelry Coin Protect Show Case Square Jewelry Collectibles Display Photo Frame Home Room Decoration",2020/05/3D-Floating-Holder-Box-Jewelry-Coin-Protect-Show-Case-Square-Jewelry-Collectibles-Display-Photo-Frame-Home.jpg
443669,https://wallcorners.com/product/2020-new-clear-glass-hanging-vase-bottle-terrarium-container-plant-pot-flower-diy-table-wedding-garden-decor-home-decoration/,"2020 New Clear Glass Hanging Vase Bottle Terrarium Container Plant Pot Flower DIY Table Wedding Garden Decor Home Decoration",2020/05/2020-New-Clear-Glass-Hanging-Vase-Bottle-Terrarium-Container-Plant-Pot-Flower-DIY-Table-Wedding-Garden.jpg
443676,https://wallcorners.com/product/mushroom-vase-garden-deocr-glass-8x8x12cm-container-modern-style-home-transparent-creative-flower-holder-table-ornaments-hot/,"Mushroom Vase Garden Deocr Glass 8x8x12cm Container Modern Style Home Transparent Creative Flower Holder Table Ornaments Hot",2020/05/Mushroom-Vase-Garden-Deocr-Glass-8x8x12cm-Container-Modern-Style-Home-Transparent-Creative-Flower-Holder-Table-Ornaments.jpeg
443680,https://wallcorners.com/product/jeyl-1-12-dollhouse-miniature-toy-porcelain-decoration-vase-pot-set-6pcs/,"JEYL 1: 12 Dollhouse Miniature Toy Porcelain Decoration Vase Pot set 6pcs",2020/05/JEYL-1-12-Dollhouse-Miniature-Toy-Porcelain-Decoration-Vase-Pot-set-6pcs.jpg
443712,https://wallcorners.com/product/creative-home-decor-shining-light-flower-vase-wedding-decoration-light-bulb-transparent-glass-vase-hydroponic-flower-vase-da/,"Creative Home Decor Shining Light Flower Vase Wedding Decoration Light Bulb Transparent Glass Vase Hydroponic Flower Vase DA",2020/05/Creative-Home-Decor-Shining-Light-Flower-Vase-Wedding-Decoration-Light-Bulb-Transparent-Glass-Vase-Hydroponic-Flower.jpg
443762,https://wallcorners.com/product/nordic-simple-flower-vase-geometric-vase-home-decor-desk-decoration-ceramic-vase-wet-and-dry-planter-flower-pot-morandi-style/,"Nordic simple flower vase geometric vase home decor desk decoration ceramic vase wet and dry planter flower pot Morandi style",2020/05/Nordic-simple-flower-vase-geometric-vase-home-decor-desk-decoration-ceramic-vase-wet-and-dry-planter.jpg
443767,https://wallcorners.com/product/glass-and-wood-vase-planter-terrarium-table-desktop-hydroponics-plant-bonsai-flower-pot-hanging-pots-with-wooden-tray-home-decor-3/,"Glass and Wood Vase Planter Terrarium Table Desktop Hydroponics Plant Bonsai Flower Pot Hanging Pots with Wooden Tray Home Decor",2020/05/Glass-and-Wood-Vase-Planter-Terrarium-Table-Desktop-Hydroponics-Plant-Bonsai-Flower-Pot-Hanging-Pots-with-12.jpg
443770,https://wallcorners.com/product/creative-wooden-stand-glass-terrarium-container-hydroponics-planter-flower-pot-tabletop-vase-diy-home-office-wedding-decor/,"Creative Wooden Stand Glass Terrarium Container Hydroponics Planter Flower Pot Tabletop Vase DIY Home Office Wedding Decor",2020/05/Creative-Wooden-Stand-Glass-Terrarium-Container-Hydroponics-Planter-Flower-Pot-Tabletop-Vase-DIY-Home-Office-Wedding.jpg
443771,https://wallcorners.com/product/nordic-transparent-glass-hydroponic-vase-creative-tabletop-flower-pot-green-plant-bonsai-container-home-decoration-accessories/,"Nordic Transparent Glass Hydroponic Vase Creative Tabletop Flower Pot Green Plant Bonsai Container Home Decoration Accessories",2020/05/Nordic-Transparent-Glass-Hydroponic-Vase-Creative-Tabletop-Flower-Pot-Green-Plant-Bonsai-Container-Home-Decoration-Accessories.jpg
443772,https://wallcorners.com/product/hanging-glass-vase-hanging-terrarium-hydroponic-flower-container-indoor-creative-hanging-vase-home-decor-drop-shipping/,"Hanging Glass Vase Hanging Terrarium Hydroponic Flower Container Indoor Creative Hanging Vase Home Decor Drop shipping",2020/05/Hanging-Glass-Vase-Hanging-Terrarium-Hydroponic-Flower-Container-Indoor-Creative-Hanging-Vase-Home-Decor-Drop-shipping.jpg
443774,https://wallcorners.com/product/europe-handpainted-gold-plated-porcelain-vase-modern-advanced-ceramic-flower-vase-room-study-hallway-home-wedding-decoration/,"Europe Handpainted Gold Plated Porcelain Vase Modern Advanced Ceramic Flower Vase Room Study Hallway Home Wedding Decoration",2020/05/Europe-Handpainted-Gold-Plated-Porcelain-Vase-Modern-Advanced-Ceramic-Flower-Vase-Room-Study-Hallway-Home-Wedding.jpg
443807,https://wallcorners.com/product/creative-wooden-stand-glass-terrarium-container-hydroponics-planter-flower-pot-tabletop-vase-diy-home-office-wedding-decor-2/,"Creative Wooden Stand Glass Terrarium Container Hydroponics Planter Flower Pot Tabletop Vase DIY Home Office Wedding Decor",2020/05/Creative-Wooden-Stand-Glass-Terrarium-Container-Hydroponics-Planter-Flower-Pot-Tabletop-Vase-DIY-Home-Office-Wedding-6.jpg
443847,https://wallcorners.com/product/ceramic-flower-pot-flower-arrangement-party-office-wedding-decor-desk-decoration-home-vase-home-decoration-home-garden-decor/,"Ceramic Flower Pot Flower Arrangement Party Office Wedding Decor Desk Decoration Home Vase Home Decoration Home Garden Decor",2020/05/Ceramic-Flower-Pot-Flower-Arrangement-Party-Office-Wedding-Decor-Desk-Decoration-Home-Vase-Home-Decoration-Home.jpg
443848,https://wallcorners.com/product/creative-wooden-stand-glass-terrarium-container-hydroponics-planter-flower-pot-tabletop-vase-diy-home-office-wedding-decor-3/,"Creative Wooden Stand Glass Terrarium Container Hydroponics Planter Flower Pot Tabletop Vase DIY Home Office Wedding Decor",2020/05/Creative-Wooden-Stand-Glass-Terrarium-Container-Hydroponics-Planter-Flower-Pot-Tabletop-Vase-DIY-Home-Office-Wedding-12.jpg
443892,https://wallcorners.com/product/1set-glass-vase-home-garden-glass-hydroponic-container-table-desktop-transparent-glass-bulb-vase-flower-pot-home-decor/,"1Set Glass Vase Home Garden Glass Hydroponic Container Table Desktop Transparent Glass Bulb Vase Flower Pot Home Decor",2020/05/1Set-Glass-Vase-Home-Garden-Glass-Hydroponic-Container-Table-Desktop-Transparent-Glass-Bulb-Vase-Flower-Pot.jpg
443920,https://wallcorners.com/product/creative-hanging-decoration-home-garden-hanging-glass-ball-vase-flower-plant-pot-terrarium-container-party-wedding-decor/,"Creative Hanging Decoration Home Garden Hanging Glass Ball Vase Flower Plant Pot Terrarium Container Party Wedding Decor",2020/05/Creative-Hanging-Decoration-Home-Garden-Hanging-Glass-Ball-Vase-Flower-Plant-Pot-Terrarium-Container-Party-Wedding.jpg
